loan_id,reporting_month,pred_next_3m_delinquency_prob,pred_next_6m_delinquency_prob,pred_next_12m_default_prob,pred_next_12m_prepayment_prob,pred_next_state,anomaly_score,exception_type,top_drivers,recommended_action,confidence
L100003,2024-07-01,,,,,,,,,,
L100003,2024-08-01,,,,,,,,,,
L100003,2024-09-01,,,,,,,,,,
L100003,2024-10-01,,,,,,,,,,
L100003,2024-11-01,,,,,,,,,,
L100003,2024-12-01,,,,,,,,,,
L100003,2025-01-01,,,,,,,,,,
L100003,2025-02-01,,,,,,,,,,
L100003,2025-03-01,,,,,,,,,,
L100003,2025-04-01,,,,,,,,,,
L100013,2024-07-01,,,,,,,,,,
L100013,2024-08-01,,,,,,,,,,
L100013,2024-09-01,,,,,,,,,,
L100013,2024-10-01,,,,,,,,,,
L100017,2024-07-01,,,,,,,,,,
L100017,2024-08-01,,,,,,,,,,
L100017,2024-09-01,,,,,,,,,,
L100017,2024-10-01,,,,,,,,,,
L100017,2024-11-01,,,,,,,,,,
L100017,2024-12-01,,,,,,,,,,
L100017,2025-01-01,,,,,,,,,,
L100017,2025-02-01,,,,,,,,,,
L100017,2025-03-01,,,,,,,,,,
L100017,2025-04-01,,,,,,,,,,
L100017,2025-05-01,,,,,,,,,,
L100017,2025-06-01,,,,,,,,,,
L100026,2024-07-01,,,,,,,,,,
L100026,2024-08-01,,,,,,,,,,
L100026,2024-09-01,,,,,,,,,,
L100026,2024-10-01,,,,,,,,,,
L100026,2024-11-01,,,,,,,,,,
L100026,2024-12-01,,,,,,,,,,
L100026,2025-01-01,,,,,,,,,,
L100026,2025-02-01,,,,,,,,,,
L100026,2025-03-01,,,,,,,,,,
L100026,2025-04-01,,,,,,,,,,
L100026,2025-05-01,,,,,,,,,,
L100027,2024-07-01,,,,,,,,,,
L100027,2024-08-01,,,,,,,,,,
L100027,2024-09-01,,,,,,,,,,
L100027,2024-10-01,,,,,,,,,,
L100027,2024-11-01,,,,,,,,,,
L100027,2024-12-01,,,,,,,,,,
L100027,2025-01-01,,,,,,,,,,
L100027,2025-02-01,,,,,,,,,,
L100027,2025-03-01,,,,,,,,,,
L100027,2025-04-01,,,,,,,,,,
L100027,2025-05-01,,,,,,,,,,
L100029,2024-07-01,,,,,,,,,,
L100029,2024-08-01,,,,,,,,,,
L100029,2024-09-01,,,,,,,,,,
L100029,2024-10-01,,,,,,,,,,
L100029,2024-11-01,,,,,,,,,,
L100029,2024-12-01,,,,,,,,,,
L100029,2025-01-01,,,,,,,,,,
L100029,2025-02-01,,,,,,,,,,
L100041,2024-07-01,,,,,,,,,,
L100041,2024-08-01,,,,,,,,,,
L100041,2024-09-01,,,,,,,,,,
L100043,2024-07-01,,,,,,,,,,
L100043,2024-08-01,,,,,,,,,,
L100043,2024-09-01,,,,,,,,,,
L100043,2024-10-01,,,,,,,,,,
L100043,2024-11-01,,,,,,,,,,
L100043,2024-12-01,,,,,,,,,,
L100043,2025-01-01,,,,,,,,,,
L100043,2025-02-01,,,,,,,,,,
L100043,2025-03-01,,,,,,,,,,
L100043,2025-04-01,,,,,,,,,,
L100043,2025-05-01,,,,,,,,,,
L100043,2025-06-01,,,,,,,,,,
L100043,2025-07-01,,,,,,,,,,
L100043,2025-08-01,,,,,,,,,,
L100043,2025-09-01,,,,,,,,,,
L100043,2025-10-01,,,,,,,,,,
L100043,2025-11-01,,,,,,,,,,
L100043,2025-12-01,,,,,,,,,,
L100043,2026-01-01,,,,,,,,,,
L100043,2026-02-01,,,,,,,,,,
L100043,2026-03-01,,,,,,,,,,
L100046,2024-07-01,,,,,,,,,,
L100046,2024-08-01,,,,,,,,,,
L100046,2024-09-01,,,,,,,,,,
L100046,2024-10-01,,,,,,,,,,
L100046,2024-11-01,,,,,,,,,,
L100046,2024-12-01,,,,,,,,,,
L100046,2025-01-01,,,,,,,,,,
L100046,2025-02-01,,,,,,,,,,
L100048,2024-07-01,,,,,,,,,,
L100048,2024-08-01,,,,,,,,,,
L100048,2024-09-01,,,,,,,,,,
L100048,2024-10-01,,,,,,,,,,
L100048,2024-11-01,,,,,,,,,,
L100048,2024-12-01,,,,,,,,,,
L100048,2025-01-01,,,,,,,,,,
L100048,2025-02-01,,,,,,,,,,
L100048,2025-03-01,,,,,,,,,,
L100060,2024-07-01,,,,,,,,,,
L100060,2024-08-01,,,,,,,,,,
L100061,2024-07-01,,,,,,,,,,
L100061,2024-08-01,,,,,,,,,,
L100061,2024-09-01,,,,,,,,,,
L100061,2024-10-01,,,,,,,,,,
L100061,2024-11-01,,,,,,,,,,
L100061,2024-12-01,,,,,,,,,,
L100061,2025-01-01,,,,,,,,,,
L100061,2025-02-01,,,,,,,,,,
L100065,2024-07-01,,,,,,,,,,
L100065,2024-08-01,,,,,,,,,,
L100065,2024-09-01,,,,,,,,,,
L100065,2024-10-01,,,,,,,,,,
L100068,2024-07-01,,,,,,,,,,
L100068,2024-08-01,,,,,,,,,,
L100068,2024-09-01,,,,,,,,,,
L100068,2024-10-01,,,,,,,,,,
L100068,2024-11-01,,,,,,,,,,
L100068,2024-12-01,,,,,,,,,,
L100068,2025-01-01,,,,,,,,,,
L100068,2025-02-01,,,,,,,,,,
L100068,2025-03-01,,,,,,,,,,
L100068,2025-04-01,,,,,,,,,,
L100068,2025-05-01,,,,,,,,,,
L100068,2025-06-01,,,,,,,,,,
L100068,2025-07-01,,,,,,,,,,
L100068,2025-08-01,,,,,,,,,,
L100068,2025-09-01,,,,,,,,,,
L100075,2024-07-01,,,,,,,,,,
L100075,2024-08-01,,,,,,,,,,
L100075,2024-09-01,,,,,,,,,,
L100075,2024-10-01,,,,,,,,,,
L100075,2024-11-01,,,,,,,,,,
L100075,2024-12-01,,,,,,,,,,
L100075,2025-01-01,,,,,,,,,,
L100075,2025-02-01,,,,,,,,,,
L100075,2025-03-01,,,,,,,,,,
L100075,2025-04-01,,,,,,,,,,
L100075,2025-05-01,,,,,,,,,,
L100075,2025-06-01,,,,,,,,,,
L100075,2025-07-01,,,,,,,,,,
L100075,2025-08-01,,,,,,,,,,
L100077,2024-07-01,,,,,,,,,,
L100077,2024-08-01,,,,,,,,,,
L100077,2024-09-01,,,,,,,,,,
L100077,2024-10-01,,,,,,,,,,
L100077,2024-11-01,,,,,,,,,,
L100077,2024-12-01,,,,,,,,,,
L100077,2025-01-01,,,,,,,,,,
L100077,2025-02-01,,,,,,,,,,
L100077,2025-03-01,,,,,,,,,,
L100077,2025-04-01,,,,,,,,,,
L100077,2025-05-01,,,,,,,,,,
L100081,2024-07-01,,,,,,,,,,
L100081,2024-08-01,,,,,,,,,,
L100081,2024-09-01,,,,,,,,,,
L100081,2024-10-01,,,,,,,,,,
L100082,2024-07-01,,,,,,,,,,
L100082,2024-08-01,,,,,,,,,,
L100082,2024-09-01,,,,,,,,,,
L100082,2024-10-01,,,,,,,,,,
L100082,2024-11-01,,,,,,,,,,
L100082,2024-12-01,,,,,,,,,,
L100082,2025-01-01,,,,,,,,,,
L100082,2025-02-01,,,,,,,,,,
L100082,2025-03-01,,,,,,,,,,
L100082,2025-04-01,,,,,,,,,,
L100082,2025-05-01,,,,,,,,,,
L100082,2025-06-01,,,,,,,,,,
L100082,2025-07-01,,,,,,,,,,
L100082,2025-08-01,,,,,,,,,,
L100082,2025-09-01,,,,,,,,,,
L100082,2025-10-01,,,,,,,,,,
L100082,2025-11-01,,,,,,,,,,
L100086,2024-07-01,,,,,,,,,,
L100086,2024-08-01,,,,,,,,,,
L100086,2024-09-01,,,,,,,,,,
L100086,2024-10-01,,,,,,,,,,
L100086,2024-11-01,,,,,,,,,,
L100086,2024-12-01,,,,,,,,,,
L100086,2025-01-01,,,,,,,,,,
L100086,2025-02-01,,,,,,,,,,
L100086,2025-03-01,,,,,,,,,,
L100086,2025-04-01,,,,,,,,,,
L100086,2025-05-01,,,,,,,,,,
L100087,2024-07-01,,,,,,,,,,
L100087,2024-08-01,,,,,,,,,,
L100087,2024-09-01,,,,,,,,,,
L100087,2024-10-01,,,,,,,,,,
L100087,2024-11-01,,,,,,,,,,
L100087,2024-12-01,,,,,,,,,,
L100087,2025-01-01,,,,,,,,,,
L100087,2025-02-01,,,,,,,,,,
L100087,2025-03-01,,,,,,,,,,
L100087,2025-04-01,,,,,,,,,,
L100087,2025-05-01,,,,,,,,,,
L100087,2025-06-01,,,,,,,,,,
L100087,2025-07-01,,,,,,,,,,
L100087,2025-08-01,,,,,,,,,,
L100092,2024-07-01,,,,,,,,,,
L100092,2024-08-01,,,,,,,,,,
L100092,2024-09-01,,,,,,,,,,
L100092,2024-10-01,,,,,,,,,,
L100092,2024-11-01,,,,,,,,,,
L100092,2024-12-01,,,,,,,,,,
L100092,2025-01-01,,,,,,,,,,
L100092,2025-02-01,,,,,,,,,,
L100092,2025-03-01,,,,,,,,,,
L100092,2025-04-01,,,,,,,,,,
L100092,2025-05-01,,,,,,,,,,
L100092,2025-06-01,,,,,,,,,,
L100092,2025-07-01,,,,,,,,,,
L100092,2025-08-01,,,,,,,,,,
L100092,2025-09-01,,,,,,,,,,
L100092,2025-10-01,,,,,,,,,,
L100092,2025-11-01,,,,,,,,,,
L100092,2025-12-01,,,,,,,,,,
L100092,2026-01-01,,,,,,,,,,
L100092,2026-02-01,,,,,,,,,,
L100092,2026-03-01,,,,,,,,,,
L100092,2026-04-01,,,,,,,,,,
L100093,2024-07-01,,,,,,,,,,
L100093,2024-08-01,,,,,,,,,,
L100093,2024-09-01,,,,,,,,,,
L100093,2024-10-01,,,,,,,,,,
L100093,2024-11-01,,,,,,,,,,
L100093,2024-12-01,,,,,,,,,,
L100093,2025-01-01,,,,,,,,,,
L100093,2025-02-01,,,,,,,,,,
L100093,2025-03-01,,,,,,,,,,
L100093,2025-04-01,,,,,,,,,,
L100093,2025-05-01,,,,,,,,,,
L100093,2025-06-01,,,,,,,,,,
L100093,2025-07-01,,,,,,,,,,
L100093,2025-08-01,,,,,,,,,,
L100093,2025-09-01,,,,,,,,,,
L100093,2025-10-01,,,,,,,,,,
L100093,2025-11-01,,,,,,,,,,
L100093,2025-12-01,,,,,,,,,,
L100093,2026-01-01,,,,,,,,,,
L100093,2026-02-01,,,,,,,,,,
L100099,2024-07-01,,,,,,,,,,
L100102,2024-07-01,,,,,,,,,,
L100102,2024-08-01,,,,,,,,,,
L100102,2024-09-01,,,,,,,,,,
L100102,2024-10-01,,,,,,,,,,
L100102,2024-11-01,,,,,,,,,,
L100102,2024-12-01,,,,,,,,,,
L100102,2025-01-01,,,,,,,,,,
L100102,2025-02-01,,,,,,,,,,
L100102,2025-03-01,,,,,,,,,,
L100102,2025-04-01,,,,,,,,,,
L100104,2024-07-01,,,,,,,,,,
L100104,2024-08-01,,,,,,,,,,
L100104,2024-09-01,,,,,,,,,,
L100104,2024-10-01,,,,,,,,,,
L100104,2024-11-01,,,,,,,,,,
L100104,2024-12-01,,,,,,,,,,
L100104,2025-01-01,,,,,,,,,,
L100104,2025-02-01,,,,,,,,,,
L100104,2025-03-01,,,,,,,,,,
L100104,2025-04-01,,,,,,,,,,
L100104,2025-05-01,,,,,,,,,,
L100104,2025-06-01,,,,,,,,,,
L100104,2025-07-01,,,,,,,,,,
L100104,2025-08-01,,,,,,,,,,
L100104,2025-09-01,,,,,,,,,,
L100104,2025-10-01,,,,,,,,,,
L100104,2025-11-01,,,,,,,,,,
L100106,2024-07-01,,,,,,,,,,
L100106,2024-08-01,,,,,,,,,,
L100106,2024-09-01,,,,,,,,,,
L100106,2024-10-01,,,,,,,,,,
L100106,2024-11-01,,,,,,,,,,
L100106,2024-12-01,,,,,,,,,,
L100106,2025-01-01,,,,,,,,,,
L100106,2025-02-01,,,,,,,,,,
L100106,2025-03-01,,,,,,,,,,
L100106,2025-04-01,,,,,,,,,,
L100106,2025-05-01,,,,,,,,,,
L100106,2025-06-01,,,,,,,,,,
L100106,2025-07-01,,,,,,,,,,
L100106,2025-08-01,,,,,,,,,,
L100106,2025-09-01,,,,,,,,,,
L100107,2024-07-01,,,,,,,,,,
L100107,2024-08-01,,,,,,,,,,
L100107,2024-09-01,,,,,,,,,,
L100107,2024-10-01,,,,,,,,,,
L100107,2024-11-01,,,,,,,,,,
L100107,2024-12-01,,,,,,,,,,
L100107,2025-01-01,,,,,,,,,,
L100107,2025-02-01,,,,,,,,,,
L100107,2025-03-01,,,,,,,,,,
L100107,2025-04-01,,,,,,,,,,
L100107,2025-05-01,,,,,,,,,,
L100109,2024-07-01,,,,,,,,,,
L100109,2024-08-01,,,,,,,,,,
L100109,2024-09-01,,,,,,,,,,
L100109,2024-10-01,,,,,,,,,,
L100109,2024-11-01,,,,,,,,,,
L100109,2024-12-01,,,,,,,,,,
L100109,2025-01-01,,,,,,,,,,
L100109,2025-02-01,,,,,,,,,,
L100109,2025-03-01,,,,,,,,,,
L100109,2025-04-01,,,,,,,,,,
L100109,2025-05-01,,,,,,,,,,
L100109,2025-06-01,,,,,,,,,,
L100109,2025-07-01,,,,,,,,,,
L100116,2024-07-01,,,,,,,,,,
L100116,2024-08-01,,,,,,,,,,
L100116,2024-09-01,,,,,,,,,,
L100116,2024-10-01,,,,,,,,,,
L100116,2024-11-01,,,,,,,,,,
L100116,2024-12-01,,,,,,,,,,
L100116,2025-01-01,,,,,,,,,,
L100116,2025-02-01,,,,,,,,,,
L100116,2025-03-01,,,,,,,,,,
L100116,2025-04-01,,,,,,,,,,
L100116,2025-05-01,,,,,,,,,,
L100116,2025-06-01,,,,,,,,,,
L100116,2025-07-01,,,,,,,,,,
L100116,2025-08-01,,,,,,,,,,
L100116,2025-09-01,,,,,,,,,,
L100117,2024-07-01,,,,,,,,,,
L100117,2024-08-01,,,,,,,,,,
L100117,2024-09-01,,,,,,,,,,
L100117,2024-10-01,,,,,,,,,,
L100117,2024-11-01,,,,,,,,,,
L100117,2024-12-01,,,,,,,,,,
L100117,2025-01-01,,,,,,,,,,
L100117,2025-02-01,,,,,,,,,,
L100117,2025-03-01,,,,,,,,,,
L100117,2025-04-01,,,,,,,,,,
L100120,2024-07-01,,,,,,,,,,
L100120,2024-08-01,,,,,,,,,,
L100120,2024-09-01,,,,,,,,,,
L100122,2024-07-01,,,,,,,,,,
L100122,2024-08-01,,,,,,,,,,
L100122,2024-09-01,,,,,,,,,,
L100122,2024-10-01,,,,,,,,,,
L100122,2024-11-01,,,,,,,,,,
L100122,2024-12-01,,,,,,,,,,
L100122,2025-01-01,,,,,,,,,,
L100122,2025-02-01,,,,,,,,,,
L100122,2025-03-01,,,,,,,,,,
L100122,2025-04-01,,,,,,,,,,
L100122,2025-05-01,,,,,,,,,,
L100122,2025-06-01,,,,,,,,,,
L100122,2025-07-01,,,,,,,,,,
L100122,2025-08-01,,,,,,,,,,
L100122,2025-09-01,,,,,,,,,,
L100122,2025-10-01,,,,,,,,,,
L100122,2025-11-01,,,,,,,,,,
L100122,2025-12-01,,,,,,,,,,
L100122,2026-01-01,,,,,,,,,,
L100122,2026-02-01,,,,,,,,,,
L100122,2026-03-01,,,,,,,,,,
L100122,2026-04-01,,,,,,,,,,
L100122,2026-05-01,,,,,,,,,,
L100131,2024-07-01,,,,,,,,,,
L100131,2024-08-01,,,,,,,,,,
L100131,2024-09-01,,,,,,,,,,
L100131,2024-10-01,,,,,,,,,,
L100131,2024-11-01,,,,,,,,,,
L100131,2024-12-01,,,,,,,,,,
L100131,2025-01-01,,,,,,,,,,
L100131,2025-02-01,,,,,,,,,,
L100131,2025-03-01,,,,,,,,,,
L100131,2025-04-01,,,,,,,,,,
L100131,2025-05-01,,,,,,,,,,
L100131,2025-06-01,,,,,,,,,,
L100131,2025-07-01,,,,,,,,,,
L100131,2025-08-01,,,,,,,,,,
L100131,2025-09-01,,,,,,,,,,
L100131,2025-10-01,,,,,,,,,,
L100131,2025-11-01,,,,,,,,,,
L100131,2025-12-01,,,,,,,,,,
L100131,2026-01-01,,,,,,,,,,
L100131,2026-02-01,,,,,,,,,,
L100131,2026-03-01,,,,,,,,,,
L100131,2026-04-01,,,,,,,,,,
L100139,2024-07-01,,,,,,,,,,
L100143,2024-07-01,,,,,,,,,,
L100143,2024-08-01,,,,,,,,,,
L100143,2024-09-01,,,,,,,,,,
L100143,2024-10-01,,,,,,,,,,
L100143,2024-11-01,,,,,,,,,,
L100143,2024-12-01,,,,,,,,,,
L100143,2025-01-01,,,,,,,,,,
L100143,2025-02-01,,,,,,,,,,
L100143,2025-03-01,,,,,,,,,,
L100143,2025-04-01,,,,,,,,,,
L100143,2025-05-01,,,,,,,,,,
L100143,2025-06-01,,,,,,,,,,
L100143,2025-07-01,,,,,,,,,,
L100143,2025-08-01,,,,,,,,,,
L100143,2025-09-01,,,,,,,,,,
L100143,2025-10-01,,,,,,,,,,
L100143,2025-11-01,,,,,,,,,,
L100143,2025-12-01,,,,,,,,,,
L100146,2024-07-01,,,,,,,,,,
L100146,2024-08-01,,,,,,,,,,
L100146,2024-09-01,,,,,,,,,,
L100146,2024-10-01,,,,,,,,,,
L100146,2024-11-01,,,,,,,,,,
L100146,2024-12-01,,,,,,,,,,
L100146,2025-01-01,,,,,,,,,,
L100146,2025-02-01,,,,,,,,,,
L100146,2025-03-01,,,,,,,,,,
L100146,2025-04-01,,,,,,,,,,
L100146,2025-05-01,,,,,,,,,,
L100147,2024-07-01,,,,,,,,,,
L100147,2024-08-01,,,,,,,,,,
L100147,2024-09-01,,,,,,,,,,
L100147,2024-10-01,,,,,,,,,,
L100147,2024-11-01,,,,,,,,,,
L100147,2024-12-01,,,,,,,,,,
L100147,2025-01-01,,,,,,,,,,
L100147,2025-02-01,,,,,,,,,,
L100147,2025-03-01,,,,,,,,,,
L100147,2025-04-01,,,,,,,,,,
L100147,2025-05-01,,,,,,,,,,
L100147,2025-06-01,,,,,,,,,,
L100147,2025-07-01,,,,,,,,,,
L100147,2025-08-01,,,,,,,,,,
L100147,2025-09-01,,,,,,,,,,
L100147,2025-10-01,,,,,,,,,,
L100147,2025-11-01,,,,,,,,,,
L100147,2025-12-01,,,,,,,,,,
L100147,2026-01-01,,,,,,,,,,
L100147,2026-02-01,,,,,,,,,,
L100147,2026-03-01,,,,,,,,,,
L100154,2024-07-01,,,,,,,,,,
L100154,2024-08-01,,,,,,,,,,
L100154,2024-09-01,,,,,,,,,,
L100154,2024-10-01,,,,,,,,,,
L100154,2024-11-01,,,,,,,,,,
L100154,2024-12-01,,,,,,,,,,
L100154,2025-01-01,,,,,,,,,,
L100154,2025-02-01,,,,,,,,,,
L100154,2025-03-01,,,,,,,,,,
L100154,2025-04-01,,,,,,,,,,
L100154,2025-05-01,,,,,,,,,,
L100154,2025-06-01,,,,,,,,,,
L100154,2025-07-01,,,,,,,,,,
L100154,2025-08-01,,,,,,,,,,
L100154,2025-09-01,,,,,,,,,,
L100154,2025-10-01,,,,,,,,,,
L100154,2025-11-01,,,,,,,,,,
L100154,2025-12-01,,,,,,,,,,
L100154,2026-01-01,,,,,,,,,,
L100154,2026-02-01,,,,,,,,,,
L100157,2024-07-01,,,,,,,,,,
L100157,2024-08-01,,,,,,,,,,
L100157,2024-09-01,,,,,,,,,,
L100157,2024-10-01,,,,,,,,,,
L100157,2024-11-01,,,,,,,,,,
L100157,2024-12-01,,,,,,,,,,
L100157,2025-01-01,,,,,,,,,,
L100157,2025-02-01,,,,,,,,,,
L100157,2025-03-01,,,,,,,,,,
L100157,2025-04-01,,,,,,,,,,
L100157,2025-05-01,,,,,,,,,,
L100157,2025-06-01,,,,,,,,,,
L100157,2025-07-01,,,,,,,,,,
L100157,2025-08-01,,,,,,,,,,
L100157,2025-09-01,,,,,,,,,,
L100157,2025-10-01,,,,,,,,,,
L100157,2025-11-01,,,,,,,,,,
L100158,2024-07-01,,,,,,,,,,
L100158,2024-08-01,,,,,,,,,,
L100158,2024-09-01,,,,,,,,,,
L100158,2024-10-01,,,,,,,,,,
L100158,2024-11-01,,,,,,,,,,
L100158,2024-12-01,,,,,,,,,,
L100158,2025-01-01,,,,,,,,,,
L100158,2025-02-01,,,,,,,,,,
L100158,2025-03-01,,,,,,,,,,
L100161,2024-07-01,,,,,,,,,,
L100163,2024-07-01,,,,,,,,,,
L100163,2024-08-01,,,,,,,,,,
L100163,2024-09-01,,,,,,,,,,
L100163,2024-10-01,,,,,,,,,,
L100163,2024-11-01,,,,,,,,,,
L100163,2024-12-01,,,,,,,,,,
L100163,2025-01-01,,,,,,,,,,
L100163,2025-02-01,,,,,,,,,,
L100163,2025-03-01,,,,,,,,,,
L100164,2024-07-01,,,,,,,,,,
L100164,2024-08-01,,,,,,,,,,
L100164,2024-09-01,,,,,,,,,,
L100164,2024-10-01,,,,,,,,,,
L100164,2024-11-01,,,,,,,,,,
L100164,2024-12-01,,,,,,,,,,
L100169,2024-07-01,,,,,,,,,,
L100169,2024-08-01,,,,,,,,,,
L100169,2024-09-01,,,,,,,,,,
L100169,2024-10-01,,,,,,,,,,
L100169,2024-11-01,,,,,,,,,,
L100169,2024-12-01,,,,,,,,,,
L100169,2025-01-01,,,,,,,,,,
L100169,2025-02-01,,,,,,,,,,
L100169,2025-03-01,,,,,,,,,,
L100169,2025-04-01,,,,,,,,,,
L100169,2025-05-01,,,,,,,,,,
L100169,2025-06-01,,,,,,,,,,
L100169,2025-07-01,,,,,,,,,,
L100169,2025-08-01,,,,,,,,,,
L100169,2025-09-01,,,,,,,,,,
L100169,2025-10-01,,,,,,,,,,
L100169,2025-11-01,,,,,,,,,,
L100169,2025-12-01,,,,,,,,,,
L100169,2026-01-01,,,,,,,,,,
L100170,2024-07-01,,,,,,,,,,
L100170,2024-08-01,,,,,,,,,,
L100170,2024-09-01,,,,,,,,,,
L100170,2024-10-01,,,,,,,,,,
L100170,2024-11-01,,,,,,,,,,
L100170,2024-12-01,,,,,,,,,,
L100170,2025-01-01,,,,,,,,,,
L100170,2025-02-01,,,,,,,,,,
L100170,2025-03-01,,,,,,,,,,
L100170,2025-04-01,,,,,,,,,,
L100170,2025-05-01,,,,,,,,,,
L100170,2025-06-01,,,,,,,,,,
L100170,2025-07-01,,,,,,,,,,
L100170,2025-08-01,,,,,,,,,,
L100170,2025-09-01,,,,,,,,,,
L100170,2025-10-01,,,,,,,,,,
L100170,2025-11-01,,,,,,,,,,
L100171,2024-07-01,,,,,,,,,,
L100171,2024-08-01,,,,,,,,,,
L100171,2024-09-01,,,,,,,,,,
L100171,2024-10-01,,,,,,,,,,
L100172,2024-07-01,,,,,,,,,,
L100172,2024-08-01,,,,,,,,,,
L100172,2024-09-01,,,,,,,,,,
L100172,2024-10-01,,,,,,,,,,
L100172,2024-11-01,,,,,,,,,,
L100172,2024-12-01,,,,,,,,,,
L100172,2025-01-01,,,,,,,,,,
L100172,2025-02-01,,,,,,,,,,
L100172,2025-03-01,,,,,,,,,,
L100173,2024-07-01,,,,,,,,,,
L100173,2024-08-01,,,,,,,,,,
L100173,2024-09-01,,,,,,,,,,
L100173,2024-10-01,,,,,,,,,,
L100173,2024-11-01,,,,,,,,,,
L100177,2024-07-01,,,,,,,,,,
L100177,2024-08-01,,,,,,,,,,
L100177,2024-09-01,,,,,,,,,,
L100177,2024-10-01,,,,,,,,,,
L100177,2024-11-01,,,,,,,,,,
L100177,2024-12-01,,,,,,,,,,
L100177,2025-01-01,,,,,,,,,,
L100177,2025-02-01,,,,,,,,,,
L100177,2025-03-01,,,,,,,,,,
L100177,2025-04-01,,,,,,,,,,
L100177,2025-05-01,,,,,,,,,,
L100179,2024-07-01,,,,,,,,,,
L100182,2024-07-01,,,,,,,,,,
L100182,2024-08-01,,,,,,,,,,
L100182,2024-09-01,,,,,,,,,,
L100182,2024-10-01,,,,,,,,,,
L100182,2024-11-01,,,,,,,,,,
L100186,2024-07-01,,,,,,,,,,
L100186,2024-08-01,,,,,,,,,,
L100186,2024-09-01,,,,,,,,,,
L100186,2024-10-01,,,,,,,,,,
L100186,2024-11-01,,,,,,,,,,
L100186,2024-12-01,,,,,,,,,,
L100186,2025-01-01,,,,,,,,,,
L100186,2025-02-01,,,,,,,,,,
L100186,2025-03-01,,,,,,,,,,
L100186,2025-04-01,,,,,,,,,,
L100189,2024-07-01,,,,,,,,,,
L100189,2024-08-01,,,,,,,,,,
L100189,2024-09-01,,,,,,,,,,
L100189,2024-10-01,,,,,,,,,,
L100189,2024-11-01,,,,,,,,,,
L100189,2024-12-01,,,,,,,,,,
L100189,2025-01-01,,,,,,,,,,
L100189,2025-02-01,,,,,,,,,,
L100189,2025-03-01,,,,,,,,,,
L100189,2025-04-01,,,,,,,,,,
L100189,2025-05-01,,,,,,,,,,
L100189,2025-06-01,,,,,,,,,,
L100189,2025-07-01,,,,,,,,,,
L100189,2025-08-01,,,,,,,,,,
L100189,2025-09-01,,,,,,,,,,
L100189,2025-10-01,,,,,,,,,,
L100189,2025-11-01,,,,,,,,,,
L100190,2024-07-01,,,,,,,,,,
L100190,2024-08-01,,,,,,,,,,
L100192,2024-07-01,,,,,,,,,,
L100192,2024-08-01,,,,,,,,,,
L100192,2024-09-01,,,,,,,,,,
L100192,2024-10-01,,,,,,,,,,
L100192,2024-11-01,,,,,,,,,,
L100192,2024-12-01,,,,,,,,,,
L100192,2025-01-01,,,,,,,,,,
L100192,2025-02-01,,,,,,,,,,
L100192,2025-03-01,,,,,,,,,,
L100192,2025-04-01,,,,,,,,,,
L100192,2025-05-01,,,,,,,,,,
L100192,2025-06-01,,,,,,,,,,
L100192,2025-07-01,,,,,,,,,,
L100197,2024-07-01,,,,,,,,,,
L100197,2024-08-01,,,,,,,,,,
L100197,2024-09-01,,,,,,,,,,
L100197,2024-10-01,,,,,,,,,,
L100200,2024-07-01,,,,,,,,,,
L100200,2024-08-01,,,,,,,,,,
L100200,2024-09-01,,,,,,,,,,
L100203,2024-07-01,,,,,,,,,,
L100214,2024-07-01,,,,,,,,,,
L100214,2024-08-01,,,,,,,,,,
L100214,2024-09-01,,,,,,,,,,
L100214,2024-10-01,,,,,,,,,,
L100214,2024-11-01,,,,,,,,,,
L100214,2024-12-01,,,,,,,,,,
L100214,2025-01-01,,,,,,,,,,
L100214,2025-02-01,,,,,,,,,,
L100214,2025-03-01,,,,,,,,,,
L100214,2025-04-01,,,,,,,,,,
L100214,2025-05-01,,,,,,,,,,
L100214,2025-06-01,,,,,,,,,,
L100214,2025-07-01,,,,,,,,,,
L100214,2025-08-01,,,,,,,,,,
L100214,2025-09-01,,,,,,,,,,
L100214,2025-10-01,,,,,,,,,,
L100214,2025-11-01,,,,,,,,,,
L100214,2025-12-01,,,,,,,,,,
L100220,2024-07-01,,,,,,,,,,
L100220,2024-08-01,,,,,,,,,,
L100220,2024-09-01,,,,,,,,,,
L100220,2024-10-01,,,,,,,,,,
L100220,2024-11-01,,,,,,,,,,
L100220,2024-12-01,,,,,,,,,,
L100220,2025-01-01,,,,,,,,,,
L100220,2025-02-01,,,,,,,,,,
L100220,2025-03-01,,,,,,,,,,
L100220,2025-04-01,,,,,,,,,,
L100228,2024-07-01,,,,,,,,,,
L100228,2024-08-01,,,,,,,,,,
L100228,2024-09-01,,,,,,,,,,
L100228,2024-10-01,,,,,,,,,,
L100228,2024-11-01,,,,,,,,,,
L100228,2024-12-01,,,,,,,,,,
L100228,2025-01-01,,,,,,,,,,
L100228,2025-02-01,,,,,,,,,,
L100228,2025-03-01,,,,,,,,,,
L100234,2024-07-01,,,,,,,,,,
L100234,2024-08-01,,,,,,,,,,
L100237,2024-07-01,,,,,,,,,,
L100237,2024-08-01,,,,,,,,,,
L100237,2024-09-01,,,,,,,,,,
L100237,2024-10-01,,,,,,,,,,
L100237,2024-11-01,,,,,,,,,,
L100237,2024-12-01,,,,,,,,,,
L100237,2025-01-01,,,,,,,,,,
L100237,2025-02-01,,,,,,,,,,
L100237,2025-03-01,,,,,,,,,,
L100237,2025-04-01,,,,,,,,,,
L100237,2025-05-01,,,,,,,,,,
L100237,2025-06-01,,,,,,,,,,
L100237,2025-07-01,,,,,,,,,,
L100237,2025-08-01,,,,,,,,,,
L100237,2025-09-01,,,,,,,,,,
L100237,2025-10-01,,,,,,,,,,
L100237,2025-11-01,,,,,,,,,,
L100237,2025-12-01,,,,,,,,,,
L100237,2026-01-01,,,,,,,,,,
L100237,2026-02-01,,,,,,,,,,
L100237,2026-03-01,,,,,,,,,,
L100240,2024-07-01,,,,,,,,,,
L100240,2024-08-01,,,,,,,,,,
L100240,2024-09-01,,,,,,,,,,
L100240,2024-10-01,,,,,,,,,,
L100240,2024-11-01,,,,,,,,,,
L100240,2024-12-01,,,,,,,,,,
L100240,2025-01-01,,,,,,,,,,
L100240,2025-02-01,,,,,,,,,,
L100240,2025-03-01,,,,,,,,,,
L100240,2025-04-01,,,,,,,,,,
L100240,2025-05-01,,,,,,,,,,
L100241,2024-07-01,,,,,,,,,,
L100241,2024-08-01,,,,,,,,,,
L100241,2024-09-01,,,,,,,,,,
L100241,2024-10-01,,,,,,,,,,
L100241,2024-11-01,,,,,,,,,,
L100241,2024-12-01,,,,,,,,,,
L100241,2025-01-01,,,,,,,,,,
L100241,2025-02-01,,,,,,,,,,
L100241,2025-03-01,,,,,,,,,,
L100244,2024-07-01,,,,,,,,,,
L100245,2024-07-01,,,,,,,,,,
L100245,2024-08-01,,,,,,,,,,
L100245,2024-09-01,,,,,,,,,,
L100245,2024-10-01,,,,,,,,,,
L100245,2024-11-01,,,,,,,,,,
L100245,2024-12-01,,,,,,,,,,
L100245,2025-01-01,,,,,,,,,,
L100245,2025-02-01,,,,,,,,,,
L100245,2025-03-01,,,,,,,,,,
L100245,2025-04-01,,,,,,,,,,
L100245,2025-05-01,,,,,,,,,,
L100245,2025-06-01,,,,,,,,,,
L100245,2025-07-01,,,,,,,,,,
L100245,2025-08-01,,,,,,,,,,
L100245,2025-09-01,,,,,,,,,,
L100245,2025-10-01,,,,,,,,,,
L100245,2025-11-01,,,,,,,,,,
L100250,2024-07-01,,,,,,,,,,
L100250,2024-08-01,,,,,,,,,,
L100250,2024-09-01,,,,,,,,,,
L100250,2024-10-01,,,,,,,,,,
L100250,2024-11-01,,,,,,,,,,
L100250,2024-12-01,,,,,,,,,,
L100250,2025-01-01,,,,,,,,,,
L100250,2025-02-01,,,,,,,,,,
L100250,2025-03-01,,,,,,,,,,
L100250,2025-04-01,,,,,,,,,,
L100250,2025-05-01,,,,,,,,,,
L100250,2025-06-01,,,,,,,,,,
L100250,2025-07-01,,,,,,,,,,
L100250,2025-08-01,,,,,,,,,,
L100250,2025-09-01,,,,,,,,,,
L100250,2025-10-01,,,,,,,,,,
L100250,2025-11-01,,,,,,,,,,
L100250,2025-12-01,,,,,,,,,,
L100252,2024-07-01,,,,,,,,,,
L100252,2024-08-01,,,,,,,,,,
L100252,2024-09-01,,,,,,,,,,
L100252,2024-10-01,,,,,,,,,,
L100252,2024-11-01,,,,,,,,,,
L100252,2024-12-01,,,,,,,,,,
L100252,2025-01-01,,,,,,,,,,
L100252,2025-02-01,,,,,,,,,,
L100252,2025-03-01,,,,,,,,,,
L100255,2024-07-01,,,,,,,,,,
L100255,2024-08-01,,,,,,,,,,
L100255,2024-09-01,,,,,,,,,,
L100255,2024-10-01,,,,,,,,,,
L100255,2024-11-01,,,,,,,,,,
L100255,2024-12-01,,,,,,,,,,
L100255,2025-01-01,,,,,,,,,,
L100255,2025-02-01,,,,,,,,,,
L100255,2025-03-01,,,,,,,,,,
L100255,2025-04-01,,,,,,,,,,
L100255,2025-05-01,,,,,,,,,,
L100255,2025-06-01,,,,,,,,,,
L100260,2024-07-01,,,,,,,,,,
L100260,2024-08-01,,,,,,,,,,
L100260,2024-09-01,,,,,,,,,,
L100260,2024-10-01,,,,,,,,,,
L100260,2024-11-01,,,,,,,,,,
L100260,2024-12-01,,,,,,,,,,
L100260,2025-01-01,,,,,,,,,,
L100260,2025-02-01,,,,,,,,,,
L100260,2025-03-01,,,,,,,,,,
L100260,2025-04-01,,,,,,,,,,
L100260,2025-05-01,,,,,,,,,,
L100260,2025-06-01,,,,,,,,,,
L100260,2025-07-01,,,,,,,,,,
L100260,2025-08-01,,,,,,,,,,
L100261,2024-07-01,,,,,,,,,,
L100261,2024-08-01,,,,,,,,,,
L100265,2024-07-01,,,,,,,,,,
L100265,2024-08-01,,,,,,,,,,
L100269,2024-07-01,,,,,,,,,,
L100269,2024-08-01,,,,,,,,,,
L100269,2024-09-01,,,,,,,,,,
L100273,2024-07-01,,,,,,,,,,
L100273,2024-08-01,,,,,,,,,,
L100273,2024-09-01,,,,,,,,,,
L100273,2024-10-01,,,,,,,,,,
L100273,2024-11-01,,,,,,,,,,
L100273,2024-12-01,,,,,,,,,,
L100273,2025-01-01,,,,,,,,,,
L100273,2025-02-01,,,,,,,,,,
L100273,2025-03-01,,,,,,,,,,
L100273,2025-04-01,,,,,,,,,,
L100273,2025-05-01,,,,,,,,,,
L100277,2024-07-01,,,,,,,,,,
L100277,2024-08-01,,,,,,,,,,
L100277,2024-09-01,,,,,,,,,,
L100277,2024-10-01,,,,,,,,,,
L100279,2024-07-01,,,,,,,,,,
L100283,2024-07-01,,,,,,,,,,
L100283,2024-08-01,,,,,,,,,,
L100284,2024-07-01,,,,,,,,,,
L100284,2024-08-01,,,,,,,,,,
L100284,2024-09-01,,,,,,,,,,
L100284,2024-10-01,,,,,,,,,,
L100284,2024-11-01,,,,,,,,,,
L100284,2024-12-01,,,,,,,,,,
L100284,2025-01-01,,,,,,,,,,
L100284,2025-02-01,,,,,,,,,,
L100284,2025-03-01,,,,,,,,,,
L100293,2024-07-01,,,,,,,,,,
L100293,2024-08-01,,,,,,,,,,
L100293,2024-09-01,,,,,,,,,,
L100293,2024-10-01,,,,,,,,,,
L100293,2024-11-01,,,,,,,,,,
L100293,2024-12-01,,,,,,,,,,
L100294,2024-07-01,,,,,,,,,,
L100294,2024-08-01,,,,,,,,,,
L100294,2024-09-01,,,,,,,,,,
L100294,2024-10-01,,,,,,,,,,
L100294,2024-11-01,,,,,,,,,,
L100294,2024-12-01,,,,,,,,,,
L100294,2025-01-01,,,,,,,,,,
L100294,2025-02-01,,,,,,,,,,
L100294,2025-03-01,,,,,,,,,,
L100294,2025-04-01,,,,,,,,,,
L100294,2025-05-01,,,,,,,,,,
L100294,2025-06-01,,,,,,,,,,
L100294,2025-07-01,,,,,,,,,,
L100294,2025-08-01,,,,,,,,,,
L100294,2025-09-01,,,,,,,,,,
L100294,2025-10-01,,,,,,,,,,
L100294,2025-11-01,,,,,,,,,,
L100294,2025-12-01,,,,,,,,,,
L100294,2026-01-01,,,,,,,,,,
L100295,2024-07-01,,,,,,,,,,
L100296,2024-07-01,,,,,,,,,,
L100296,2024-08-01,,,,,,,,,,
L100296,2024-09-01,,,,,,,,,,
L100296,2024-10-01,,,,,,,,,,
L100296,2024-11-01,,,,,,,,,,
L100296,2024-12-01,,,,,,,,,,
L100296,2025-01-01,,,,,,,,,,
L100298,2024-07-01,,,,,,,,,,
L100298,2024-08-01,,,,,,,,,,
L100298,2024-09-01,,,,,,,,,,
L100298,2024-10-01,,,,,,,,,,
L100298,2024-11-01,,,,,,,,,,
L100298,2024-12-01,,,,,,,,,,
L100298,2025-01-01,,,,,,,,,,
L100298,2025-02-01,,,,,,,,,,
L100298,2025-03-01,,,,,,,,,,
L100298,2025-04-01,,,,,,,,,,
L100298,2025-05-01,,,,,,,,,,
L100298,2025-06-01,,,,,,,,,,
L100298,2025-07-01,,,,,,,,,,
L100298,2025-08-01,,,,,,,,,,
L100298,2025-09-01,,,,,,,,,,
L100298,2025-10-01,,,,,,,,,,
L100298,2025-11-01,,,,,,,,,,
L100298,2025-12-01,,,,,,,,,,
L100300,2024-07-01,,,,,,,,,,
L100300,2024-08-01,,,,,,,,,,
L100300,2024-09-01,,,,,,,,,,
L100300,2024-10-01,,,,,,,,,,
L100300,2024-11-01,,,,,,,,,,
L100300,2024-12-01,,,,,,,,,,
L100300,2025-01-01,,,,,,,,,,
L100300,2025-02-01,,,,,,,,,,
L100300,2025-03-01,,,,,,,,,,
L100300,2025-04-01,,,,,,,,,,
L100300,2025-05-01,,,,,,,,,,
L100300,2025-06-01,,,,,,,,,,
L100300,2025-07-01,,,,,,,,,,
L100300,2025-08-01,,,,,,,,,,
L100304,2024-07-01,,,,,,,,,,
L100304,2024-08-01,,,,,,,,,,
L100304,2024-09-01,,,,,,,,,,
L100304,2024-10-01,,,,,,,,,,
L100304,2024-11-01,,,,,,,,,,
L100304,2024-12-01,,,,,,,,,,
L100304,2025-01-01,,,,,,,,,,
L100304,2025-02-01,,,,,,,,,,
L100304,2025-03-01,,,,,,,,,,
L100304,2025-04-01,,,,,,,,,,
L100304,2025-05-01,,,,,,,,,,
L100304,2025-06-01,,,,,,,,,,
L100304,2025-07-01,,,,,,,,,,
L100304,2025-08-01,,,,,,,,,,
L100304,2025-09-01,,,,,,,,,,
L100304,2025-10-01,,,,,,,,,,
L100304,2025-11-01,,,,,,,,,,
L100304,2025-12-01,,,,,,,,,,
L100307,2024-07-01,,,,,,,,,,
L100307,2024-08-01,,,,,,,,,,
L100307,2024-09-01,,,,,,,,,,
L100307,2024-10-01,,,,,,,,,,
L100308,2024-07-01,,,,,,,,,,
L100308,2024-08-01,,,,,,,,,,
L100308,2024-09-01,,,,,,,,,,
L100308,2024-10-01,,,,,,,,,,
L100308,2024-11-01,,,,,,,,,,
L100308,2024-12-01,,,,,,,,,,
L100309,2024-07-01,,,,,,,,,,
L100309,2024-08-01,,,,,,,,,,
L100309,2024-09-01,,,,,,,,,,
L100309,2024-10-01,,,,,,,,,,
L100309,2024-11-01,,,,,,,,,,
L100309,2024-12-01,,,,,,,,,,
L100309,2025-01-01,,,,,,,,,,
L100309,2025-02-01,,,,,,,,,,
L100310,2024-07-01,,,,,,,,,,
L100310,2024-08-01,,,,,,,,,,
L100310,2024-09-01,,,,,,,,,,
L100310,2024-10-01,,,,,,,,,,
L100310,2024-11-01,,,,,,,,,,
L100310,2024-12-01,,,,,,,,,,
L100310,2025-01-01,,,,,,,,,,
L100310,2025-02-01,,,,,,,,,,
L100310,2025-03-01,,,,,,,,,,
L100310,2025-04-01,,,,,,,,,,
L100310,2025-05-01,,,,,,,,,,
L100310,2025-06-01,,,,,,,,,,
L100310,2025-07-01,,,,,,,,,,
L100310,2025-08-01,,,,,,,,,,
L100310,2025-09-01,,,,,,,,,,
L100310,2025-10-01,,,,,,,,,,
L100310,2025-11-01,,,,,,,,,,
L100310,2025-12-01,,,,,,,,,,
L100312,2024-07-01,,,,,,,,,,
L100312,2024-08-01,,,,,,,,,,
L100312,2024-09-01,,,,,,,,,,
L100312,2024-10-01,,,,,,,,,,
L100312,2024-11-01,,,,,,,,,,
L100312,2024-12-01,,,,,,,,,,
L100312,2025-01-01,,,,,,,,,,
L100312,2025-02-01,,,,,,,,,,
L100312,2025-03-01,,,,,,,,,,
L100312,2025-04-01,,,,,,,,,,
L100312,2025-05-01,,,,,,,,,,
L100312,2025-06-01,,,,,,,,,,
L100312,2025-07-01,,,,,,,,,,
L100316,2024-07-01,,,,,,,,,,
L100316,2024-08-01,,,,,,,,,,
L100316,2024-09-01,,,,,,,,,,
L100316,2024-10-01,,,,,,,,,,
L100316,2024-11-01,,,,,,,,,,
L100316,2024-12-01,,,,,,,,,,
L100316,2025-01-01,,,,,,,,,,
L100316,2025-02-01,,,,,,,,,,
L100316,2025-03-01,,,,,,,,,,
L100316,2025-04-01,,,,,,,,,,
L100316,2025-05-01,,,,,,,,,,
L100316,2025-06-01,,,,,,,,,,
L100316,2025-07-01,,,,,,,,,,
L100316,2025-08-01,,,,,,,,,,
L100318,2024-07-01,,,,,,,,,,
L100320,2024-07-01,,,,,,,,,,
L100320,2024-08-01,,,,,,,,,,
L100320,2024-09-01,,,,,,,,,,
L100320,2024-10-01,,,,,,,,,,
L100320,2024-11-01,,,,,,,,,,
L100320,2024-12-01,,,,,,,,,,
L100320,2025-01-01,,,,,,,,,,
L100320,2025-02-01,,,,,,,,,,
L100320,2025-03-01,,,,,,,,,,
L100320,2025-04-01,,,,,,,,,,
L100320,2025-05-01,,,,,,,,,,
L100320,2025-06-01,,,,,,,,,,
L100320,2025-07-01,,,,,,,,,,
L100320,2025-08-01,,,,,,,,,,
L100320,2025-09-01,,,,,,,,,,
L100320,2025-10-01,,,,,,,,,,
L100327,2024-07-01,,,,,,,,,,
L100327,2024-08-01,,,,,,,,,,
L100327,2024-09-01,,,,,,,,,,
L100327,2024-10-01,,,,,,,,,,
L100327,2024-11-01,,,,,,,,,,
L100327,2024-12-01,,,,,,,,,,
L100327,2025-01-01,,,,,,,,,,
L100327,2025-02-01,,,,,,,,,,
L100327,2025-03-01,,,,,,,,,,
L100327,2025-04-01,,,,,,,,,,
L100327,2025-05-01,,,,,,,,,,
L100327,2025-06-01,,,,,,,,,,
L100327,2025-07-01,,,,,,,,,,
L100327,2025-08-01,,,,,,,,,,
L100327,2025-09-01,,,,,,,,,,
L100328,2024-07-01,,,,,,,,,,
L100328,2024-08-01,,,,,,,,,,
L100328,2024-09-01,,,,,,,,,,
L100328,2024-10-01,,,,,,,,,,
L100328,2024-11-01,,,,,,,,,,
L100328,2024-12-01,,,,,,,,,,
L100328,2025-01-01,,,,,,,,,,
L100328,2025-02-01,,,,,,,,,,
L100328,2025-03-01,,,,,,,,,,
L100328,2025-04-01,,,,,,,,,,
L100328,2025-05-01,,,,,,,,,,
L100328,2025-06-01,,,,,,,,,,
L100328,2025-07-01,,,,,,,,,,
L100328,2025-08-01,,,,,,,,,,
L100328,2025-09-01,,,,,,,,,,
L100332,2024-07-01,,,,,,,,,,
L100332,2024-08-01,,,,,,,,,,
L100332,2024-09-01,,,,,,,,,,
L100332,2024-10-01,,,,,,,,,,
L100332,2024-11-01,,,,,,,,,,
L100332,2024-12-01,,,,,,,,,,
L100332,2025-01-01,,,,,,,,,,
L100332,2025-02-01,,,,,,,,,,
L100332,2025-03-01,,,,,,,,,,
L100332,2025-04-01,,,,,,,,,,
L100334,2024-07-01,,,,,,,,,,
L100334,2024-08-01,,,,,,,,,,
L100334,2024-09-01,,,,,,,,,,
L100334,2024-10-01,,,,,,,,,,
L100334,2024-11-01,,,,,,,,,,
L100334,2024-12-01,,,,,,,,,,
L100334,2025-01-01,,,,,,,,,,
L100336,2024-07-01,,,,,,,,,,
L100336,2024-08-01,,,,,,,,,,
L100336,2024-09-01,,,,,,,,,,
L100336,2024-10-01,,,,,,,,,,
L100336,2024-11-01,,,,,,,,,,
L100336,2024-12-01,,,,,,,,,,
L100336,2025-01-01,,,,,,,,,,
L100336,2025-02-01,,,,,,,,,,
L100336,2025-03-01,,,,,,,,,,
L100336,2025-04-01,,,,,,,,,,
L100336,2025-05-01,,,,,,,,,,
L100336,2025-06-01,,,,,,,,,,
L100336,2025-07-01,,,,,,,,,,
L100336,2025-08-01,,,,,,,,,,
L100336,2025-09-01,,,,,,,,,,
L100336,2025-10-01,,,,,,,,,,
L100336,2025-11-01,,,,,,,,,,
L100336,2025-12-01,,,,,,,,,,
L100336,2026-01-01,,,,,,,,,,
L100336,2026-02-01,,,,,,,,,,
L100336,2026-03-01,,,,,,,,,,
L100340,2024-07-01,,,,,,,,,,
L100340,2024-08-01,,,,,,,,,,
L100340,2024-09-01,,,,,,,,,,
L100342,2024-07-01,,,,,,,,,,
L100342,2024-08-01,,,,,,,,,,
L100342,2024-09-01,,,,,,,,,,
L100342,2024-10-01,,,,,,,,,,
L100342,2024-11-01,,,,,,,,,,
L100342,2024-12-01,,,,,,,,,,
L100342,2025-01-01,,,,,,,,,,
L100342,2025-02-01,,,,,,,,,,
L100350,2024-07-01,,,,,,,,,,
L100350,2024-08-01,,,,,,,,,,
L100350,2024-09-01,,,,,,,,,,
L100350,2024-10-01,,,,,,,,,,
L100350,2024-11-01,,,,,,,,,,
L100350,2024-12-01,,,,,,,,,,
L100350,2025-01-01,,,,,,,,,,
L100350,2025-02-01,,,,,,,,,,
L100350,2025-03-01,,,,,,,,,,
L100352,2024-07-01,,,,,,,,,,
L100352,2024-08-01,,,,,,,,,,
L100352,2024-09-01,,,,,,,,,,
L100352,2024-10-01,,,,,,,,,,
L100352,2024-11-01,,,,,,,,,,
L100362,2024-07-01,,,,,,,,,,
L100362,2024-08-01,,,,,,,,,,
L100362,2024-09-01,,,,,,,,,,
L100362,2024-10-01,,,,,,,,,,
L100362,2024-11-01,,,,,,,,,,
L100362,2024-12-01,,,,,,,,,,
L100362,2025-01-01,,,,,,,,,,
L100362,2025-02-01,,,,,,,,,,
L100362,2025-03-01,,,,,,,,,,
L100362,2025-04-01,,,,,,,,,,
L100362,2025-05-01,,,,,,,,,,
L100362,2025-06-01,,,,,,,,,,
L100362,2025-07-01,,,,,,,,,,
L100362,2025-08-01,,,,,,,,,,
L100362,2025-09-01,,,,,,,,,,
L100362,2025-10-01,,,,,,,,,,
L100362,2025-11-01,,,,,,,,,,
L100362,2025-12-01,,,,,,,,,,
L100362,2026-01-01,,,,,,,,,,
L100364,2024-07-01,,,,,,,,,,
L100364,2024-08-01,,,,,,,,,,
L100364,2024-09-01,,,,,,,,,,
L100364,2024-10-01,,,,,,,,,,
L100364,2024-11-01,,,,,,,,,,
L100364,2024-12-01,,,,,,,,,,
L100364,2025-01-01,,,,,,,,,,
L100364,2025-02-01,,,,,,,,,,
L100364,2025-03-01,,,,,,,,,,
L100366,2024-07-01,,,,,,,,,,
L100366,2024-08-01,,,,,,,,,,
L100366,2024-09-01,,,,,,,,,,
L100366,2024-10-01,,,,,,,,,,
L100366,2024-11-01,,,,,,,,,,
L100366,2024-12-01,,,,,,,,,,
L100366,2025-01-01,,,,,,,,,,
L100366,2025-02-01,,,,,,,,,,
L100366,2025-03-01,,,,,,,,,,
L100366,2025-04-01,,,,,,,,,,
L100366,2025-05-01,,,,,,,,,,
L100366,2025-06-01,,,,,,,,,,
L100366,2025-07-01,,,,,,,,,,
L100369,2024-07-01,,,,,,,,,,
L100369,2024-08-01,,,,,,,,,,
L100369,2024-09-01,,,,,,,,,,
L100369,2024-10-01,,,,,,,,,,
L100369,2024-11-01,,,,,,,,,,
L100369,2024-12-01,,,,,,,,,,
L100369,2025-01-01,,,,,,,,,,
L100369,2025-02-01,,,,,,,,,,
L100369,2025-03-01,,,,,,,,,,
L100369,2025-04-01,,,,,,,,,,
L100369,2025-05-01,,,,,,,,,,
L100369,2025-06-01,,,,,,,,,,
L100369,2025-07-01,,,,,,,,,,
L100369,2025-08-01,,,,,,,,,,
L100369,2025-09-01,,,,,,,,,,
L100369,2025-10-01,,,,,,,,,,
L100370,2024-07-01,,,,,,,,,,
L100373,2024-07-01,,,,,,,,,,
L100373,2024-08-01,,,,,,,,,,
L100373,2024-09-01,,,,,,,,,,
L100373,2024-10-01,,,,,,,,,,
L100373,2024-11-01,,,,,,,,,,
L100373,2024-12-01,,,,,,,,,,
L100373,2025-01-01,,,,,,,,,,
L100373,2025-02-01,,,,,,,,,,
L100373,2025-03-01,,,,,,,,,,
L100373,2025-04-01,,,,,,,,,,
L100373,2025-05-01,,,,,,,,,,
L100373,2025-06-01,,,,,,,,,,
L100373,2025-07-01,,,,,,,,,,
L100373,2025-08-01,,,,,,,,,,
L100373,2025-09-01,,,,,,,,,,
L100373,2025-10-01,,,,,,,,,,
L100373,2025-11-01,,,,,,,,,,
L100373,2025-12-01,,,,,,,,,,
L100373,2026-01-01,,,,,,,,,,
L100373,2026-02-01,,,,,,,,,,
L100373,2026-03-01,,,,,,,,,,
L100373,2026-04-01,,,,,,,,,,
L100373,2026-05-01,,,,,,,,,,
L100380,2024-07-01,,,,,,,,,,
L100380,2024-08-01,,,,,,,,,,
L100380,2024-09-01,,,,,,,,,,
L100380,2024-10-01,,,,,,,,,,
L100380,2024-11-01,,,,,,,,,,
L100380,2024-12-01,,,,,,,,,,
L100380,2025-01-01,,,,,,,,,,
L100380,2025-02-01,,,,,,,,,,
L100380,2025-03-01,,,,,,,,,,
L100380,2025-04-01,,,,,,,,,,
L100380,2025-05-01,,,,,,,,,,
L100380,2025-06-01,,,,,,,,,,
L100380,2025-07-01,,,,,,,,,,
L100380,2025-08-01,,,,,,,,,,
L100380,2025-09-01,,,,,,,,,,
L100380,2025-10-01,,,,,,,,,,
L100380,2025-11-01,,,,,,,,,,
L100380,2025-12-01,,,,,,,,,,
L100380,2026-01-01,,,,,,,,,,
L100380,2026-02-01,,,,,,,,,,
L100381,2024-07-01,,,,,,,,,,
L100381,2024-08-01,,,,,,,,,,
L100384,2024-07-01,,,,,,,,,,
L100384,2024-08-01,,,,,,,,,,
L100384,2024-09-01,,,,,,,,,,
L100384,2024-10-01,,,,,,,,,,
L100388,2024-07-01,,,,,,,,,,
L100388,2024-08-01,,,,,,,,,,
L100388,2024-09-01,,,,,,,,,,
L100388,2024-10-01,,,,,,,,,,
L100394,2024-07-01,,,,,,,,,,
L100394,2024-08-01,,,,,,,,,,
L100394,2024-09-01,,,,,,,,,,
L100394,2024-10-01,,,,,,,,,,
L100394,2024-11-01,,,,,,,,,,
L100394,2024-12-01,,,,,,,,,,
L100394,2025-01-01,,,,,,,,,,
L100394,2025-02-01,,,,,,,,,,
L100394,2025-03-01,,,,,,,,,,
L100394,2025-04-01,,,,,,,,,,
L100394,2025-05-01,,,,,,,,,,
L100394,2025-06-01,,,,,,,,,,
L100394,2025-07-01,,,,,,,,,,
L100394,2025-08-01,,,,,,,,,,
L100394,2025-09-01,,,,,,,,,,
L100394,2025-10-01,,,,,,,,,,
L100394,2025-11-01,,,,,,,,,,
L100397,2024-07-01,,,,,,,,,,
L100397,2024-08-01,,,,,,,,,,
L100397,2024-09-01,,,,,,,,,,
L100397,2024-10-01,,,,,,,,,,
L100397,2024-11-01,,,,,,,,,,
L100397,2024-12-01,,,,,,,,,,
L100397,2025-01-01,,,,,,,,,,
L100397,2025-02-01,,,,,,,,,,
L100397,2025-03-01,,,,,,,,,,
L100405,2024-07-01,,,,,,,,,,
L100405,2024-08-01,,,,,,,,,,
L100405,2024-09-01,,,,,,,,,,
L100405,2024-10-01,,,,,,,,,,
L100405,2024-11-01,,,,,,,,,,
L100405,2024-12-01,,,,,,,,,,
L100405,2025-01-01,,,,,,,,,,
L100405,2025-02-01,,,,,,,,,,
L100405,2025-03-01,,,,,,,,,,
L100405,2025-04-01,,,,,,,,,,
L100405,2025-05-01,,,,,,,,,,
L100405,2025-06-01,,,,,,,,,,
L100405,2025-07-01,,,,,,,,,,
L100405,2025-08-01,,,,,,,,,,
L100406,2024-07-01,,,,,,,,,,
L100406,2024-08-01,,,,,,,,,,
L100406,2024-09-01,,,,,,,,,,
L100406,2024-10-01,,,,,,,,,,
L100406,2024-11-01,,,,,,,,,,
L100406,2024-12-01,,,,,,,,,,
L100406,2025-01-01,,,,,,,,,,
L100406,2025-02-01,,,,,,,,,,
L100406,2025-03-01,,,,,,,,,,
L100406,2025-04-01,,,,,,,,,,
L100406,2025-05-01,,,,,,,,,,
L100406,2025-06-01,,,,,,,,,,
L100406,2025-07-01,,,,,,,,,,
L100406,2025-08-01,,,,,,,,,,
L100406,2025-09-01,,,,,,,,,,
L100406,2025-10-01,,,,,,,,,,
L100411,2024-07-01,,,,,,,,,,
L100411,2024-08-01,,,,,,,,,,
L100411,2024-09-01,,,,,,,,,,
L100411,2024-10-01,,,,,,,,,,
L100411,2024-11-01,,,,,,,,,,
L100411,2024-12-01,,,,,,,,,,
L100411,2025-01-01,,,,,,,,,,
L100411,2025-02-01,,,,,,,,,,
L100411,2025-03-01,,,,,,,,,,
L100411,2025-04-01,,,,,,,,,,
L100411,2025-05-01,,,,,,,,,,
L100411,2025-06-01,,,,,,,,,,
L100411,2025-07-01,,,,,,,,,,
L100411,2025-08-01,,,,,,,,,,
L100411,2025-09-01,,,,,,,,,,
L100412,2024-07-01,,,,,,,,,,
L100412,2024-08-01,,,,,,,,,,
L100412,2024-09-01,,,,,,,,,,
L100413,2024-07-01,,,,,,,,,,
L100413,2024-08-01,,,,,,,,,,
L100413,2024-09-01,,,,,,,,,,
L100413,2024-10-01,,,,,,,,,,
L100413,2024-11-01,,,,,,,,,,
L100413,2024-12-01,,,,,,,,,,
L100413,2025-01-01,,,,,,,,,,
L100413,2025-02-01,,,,,,,,,,
L100413,2025-03-01,,,,,,,,,,
L100413,2025-04-01,,,,,,,,,,
L100413,2025-05-01,,,,,,,,,,
L100413,2025-06-01,,,,,,,,,,
L100418,2024-07-01,,,,,,,,,,
L100418,2024-08-01,,,,,,,,,,
L100418,2024-09-01,,,,,,,,,,
L100418,2024-10-01,,,,,,,,,,
L100418,2024-11-01,,,,,,,,,,
L100418,2024-12-01,,,,,,,,,,
L100418,2025-01-01,,,,,,,,,,
L100418,2025-02-01,,,,,,,,,,
L100418,2025-03-01,,,,,,,,,,
L100419,2024-07-01,,,,,,,,,,
L100419,2024-08-01,,,,,,,,,,
L100419,2024-09-01,,,,,,,,,,
L100419,2024-10-01,,,,,,,,,,
L100419,2024-11-01,,,,,,,,,,
L100419,2024-12-01,,,,,,,,,,
L100419,2025-01-01,,,,,,,,,,
L100419,2025-02-01,,,,,,,,,,
L100419,2025-03-01,,,,,,,,,,
L100419,2025-04-01,,,,,,,,,,
L100419,2025-05-01,,,,,,,,,,
L100419,2025-06-01,,,,,,,,,,
L100419,2025-07-01,,,,,,,,,,
L100419,2025-08-01,,,,,,,,,,
L100419,2025-09-01,,,,,,,,,,
L100419,2025-10-01,,,,,,,,,,
L100420,2024-07-01,,,,,,,,,,
L100420,2024-08-01,,,,,,,,,,
L100420,2024-09-01,,,,,,,,,,
L100420,2024-10-01,,,,,,,,,,
L100420,2024-11-01,,,,,,,,,,
L100420,2024-12-01,,,,,,,,,,
L100420,2025-01-01,,,,,,,,,,
L100420,2025-02-01,,,,,,,,,,
L100421,2024-07-01,,,,,,,,,,
L100421,2024-08-01,,,,,,,,,,
L100421,2024-09-01,,,,,,,,,,
L100421,2024-10-01,,,,,,,,,,
L100421,2024-11-01,,,,,,,,,,
L100421,2024-12-01,,,,,,,,,,
L100421,2025-01-01,,,,,,,,,,
L100421,2025-02-01,,,,,,,,,,
L100421,2025-03-01,,,,,,,,,,
L100421,2025-04-01,,,,,,,,,,
L100421,2025-05-01,,,,,,,,,,
L100421,2025-06-01,,,,,,,,,,
L100421,2025-07-01,,,,,,,,,,
L100421,2025-08-01,,,,,,,,,,
L100421,2025-09-01,,,,,,,,,,
L100426,2024-07-01,,,,,,,,,,
L100426,2024-08-01,,,,,,,,,,
L100426,2024-09-01,,,,,,,,,,
L100426,2024-10-01,,,,,,,,,,
L100426,2024-11-01,,,,,,,,,,
L100426,2024-12-01,,,,,,,,,,
L100426,2025-01-01,,,,,,,,,,
L100426,2025-02-01,,,,,,,,,,
L100426,2025-03-01,,,,,,,,,,
L100426,2025-04-01,,,,,,,,,,
L100426,2025-05-01,,,,,,,,,,
L100426,2025-06-01,,,,,,,,,,
L100426,2025-07-01,,,,,,,,,,
L100426,2025-08-01,,,,,,,,,,
L100428,2024-07-01,,,,,,,,,,
L100428,2024-08-01,,,,,,,,,,
L100428,2024-09-01,,,,,,,,,,
L100428,2024-10-01,,,,,,,,,,
L100428,2024-11-01,,,,,,,,,,
L100428,2024-12-01,,,,,,,,,,
L100428,2025-01-01,,,,,,,,,,
L100428,2025-02-01,,,,,,,,,,
L100428,2025-03-01,,,,,,,,,,
L100429,2024-07-01,,,,,,,,,,
L100429,2024-08-01,,,,,,,,,,
L100429,2024-09-01,,,,,,,,,,
L100429,2024-10-01,,,,,,,,,,
L100429,2024-11-01,,,,,,,,,,
L100430,2024-07-01,,,,,,,,,,
L100432,2024-07-01,,,,,,,,,,
L100432,2024-08-01,,,,,,,,,,
L100432,2024-09-01,,,,,,,,,,
L100432,2024-10-01,,,,,,,,,,
L100432,2024-11-01,,,,,,,,,,
L100433,2024-07-01,,,,,,,,,,
L100433,2024-08-01,,,,,,,,,,
L100433,2024-09-01,,,,,,,,,,
L100433,2024-10-01,,,,,,,,,,
L100433,2024-11-01,,,,,,,,,,
L100433,2024-12-01,,,,,,,,,,
L100433,2025-01-01,,,,,,,,,,
L100433,2025-02-01,,,,,,,,,,
L100433,2025-03-01,,,,,,,,,,
L100433,2025-04-01,,,,,,,,,,
L100433,2025-05-01,,,,,,,,,,
L100433,2025-06-01,,,,,,,,,,
L100433,2025-07-01,,,,,,,,,,
L100436,2024-07-01,,,,,,,,,,
L100436,2024-08-01,,,,,,,,,,
L100436,2024-09-01,,,,,,,,,,
L100437,2024-07-01,,,,,,,,,,
L100437,2024-08-01,,,,,,,,,,
L100437,2024-09-01,,,,,,,,,,
L100437,2024-10-01,,,,,,,,,,
L100437,2024-11-01,,,,,,,,,,
L100437,2024-12-01,,,,,,,,,,
L100437,2025-01-01,,,,,,,,,,
L100437,2025-02-01,,,,,,,,,,
L100437,2025-03-01,,,,,,,,,,
L100437,2025-04-01,,,,,,,,,,
L100440,2024-07-01,,,,,,,,,,
L100440,2024-08-01,,,,,,,,,,
L100440,2024-09-01,,,,,,,,,,
L100440,2024-10-01,,,,,,,,,,
L100445,2024-07-01,,,,,,,,,,
L100445,2024-08-01,,,,,,,,,,
L100445,2024-09-01,,,,,,,,,,
L100445,2024-10-01,,,,,,,,,,
L100445,2024-11-01,,,,,,,,,,
L100445,2024-12-01,,,,,,,,,,
L100445,2025-01-01,,,,,,,,,,
L100445,2025-02-01,,,,,,,,,,
L100445,2025-03-01,,,,,,,,,,
L100445,2025-04-01,,,,,,,,,,
L100445,2025-05-01,,,,,,,,,,
L100445,2025-06-01,,,,,,,,,,
L100445,2025-07-01,,,,,,,,,,
L100445,2025-08-01,,,,,,,,,,
L100445,2025-09-01,,,,,,,,,,
L100445,2025-10-01,,,,,,,,,,
L100446,2024-07-01,,,,,,,,,,
L100446,2024-08-01,,,,,,,,,,
L100446,2024-09-01,,,,,,,,,,
L100446,2024-10-01,,,,,,,,,,
L100446,2024-11-01,,,,,,,,,,
L100446,2024-12-01,,,,,,,,,,
L100446,2025-01-01,,,,,,,,,,
L100446,2025-02-01,,,,,,,,,,
L100446,2025-03-01,,,,,,,,,,
L100446,2025-04-01,,,,,,,,,,
L100446,2025-05-01,,,,,,,,,,
L100446,2025-06-01,,,,,,,,,,
L100446,2025-07-01,,,,,,,,,,
L100446,2025-08-01,,,,,,,,,,
L100446,2025-09-01,,,,,,,,,,
L100446,2025-10-01,,,,,,,,,,
L100446,2025-11-01,,,,,,,,,,
L100446,2025-12-01,,,,,,,,,,
L100446,2026-01-01,,,,,,,,,,
L100446,2026-02-01,,,,,,,,,,
L100447,2024-07-01,,,,,,,,,,
L100447,2024-08-01,,,,,,,,,,
L100447,2024-09-01,,,,,,,,,,
L100447,2024-10-01,,,,,,,,,,
L100447,2024-11-01,,,,,,,,,,
L100447,2024-12-01,,,,,,,,,,
L100449,2024-07-01,,,,,,,,,,
L100449,2024-08-01,,,,,,,,,,
L100449,2024-09-01,,,,,,,,,,
L100451,2024-07-01,,,,,,,,,,
L100451,2024-08-01,,,,,,,,,,
L100451,2024-09-01,,,,,,,,,,
L100451,2024-10-01,,,,,,,,,,
L100451,2024-11-01,,,,,,,,,,
L100451,2024-12-01,,,,,,,,,,
L100451,2025-01-01,,,,,,,,,,
L100451,2025-02-01,,,,,,,,,,
L100451,2025-03-01,,,,,,,,,,
L100451,2025-04-01,,,,,,,,,,
L100451,2025-05-01,,,,,,,,,,
L100451,2025-06-01,,,,,,,,,,
L100451,2025-07-01,,,,,,,,,,
L100451,2025-08-01,,,,,,,,,,
L100451,2025-09-01,,,,,,,,,,
L100451,2025-10-01,,,,,,,,,,
L100451,2025-11-01,,,,,,,,,,
L100451,2025-12-01,,,,,,,,,,
L100451,2026-01-01,,,,,,,,,,
L100451,2026-02-01,,,,,,,,,,
L100451,2026-03-01,,,,,,,,,,
L100451,2026-04-01,,,,,,,,,,
L100451,2026-05-01,,,,,,,,,,
L100452,2024-07-01,,,,,,,,,,
L100452,2024-08-01,,,,,,,,,,
L100452,2024-09-01,,,,,,,,,,
L100452,2024-10-01,,,,,,,,,,
L100452,2024-11-01,,,,,,,,,,
L100452,2024-12-01,,,,,,,,,,
L100452,2025-01-01,,,,,,,,,,
L100452,2025-02-01,,,,,,,,,,
L100452,2025-03-01,,,,,,,,,,
L100452,2025-04-01,,,,,,,,,,
L100452,2025-05-01,,,,,,,,,,
L100452,2025-06-01,,,,,,,,,,
L100452,2025-07-01,,,,,,,,,,
L100452,2025-08-01,,,,,,,,,,
L100452,2025-09-01,,,,,,,,,,
L100452,2025-10-01,,,,,,,,,,
L100452,2025-11-01,,,,,,,,,,
L100455,2024-07-01,,,,,,,,,,
L100455,2024-08-01,,,,,,,,,,
L100455,2024-09-01,,,,,,,,,,
L100455,2024-10-01,,,,,,,,,,
L100455,2024-11-01,,,,,,,,,,
L100455,2024-12-01,,,,,,,,,,
L100455,2025-01-01,,,,,,,,,,
L100455,2025-02-01,,,,,,,,,,
L100455,2025-03-01,,,,,,,,,,
L100455,2025-04-01,,,,,,,,,,
L100455,2025-05-01,,,,,,,,,,
L100455,2025-06-01,,,,,,,,,,
L100455,2025-07-01,,,,,,,,,,
L100455,2025-08-01,,,,,,,,,,
L100455,2025-09-01,,,,,,,,,,
L100460,2024-07-01,,,,,,,,,,
L100460,2024-08-01,,,,,,,,,,
L100460,2024-09-01,,,,,,,,,,
L100460,2024-10-01,,,,,,,,,,
L100460,2024-11-01,,,,,,,,,,
L100460,2024-12-01,,,,,,,,,,
L100460,2025-01-01,,,,,,,,,,
L100460,2025-02-01,,,,,,,,,,
L100460,2025-03-01,,,,,,,,,,
L100460,2025-04-01,,,,,,,,,,
L100460,2025-05-01,,,,,,,,,,
L100460,2025-06-01,,,,,,,,,,
L100460,2025-07-01,,,,,,,,,,
L100460,2025-08-01,,,,,,,,,,
L100460,2025-09-01,,,,,,,,,,
L100460,2025-10-01,,,,,,,,,,
L100460,2025-11-01,,,,,,,,,,
L100460,2025-12-01,,,,,,,,,,
L100463,2024-07-01,,,,,,,,,,
L100463,2024-08-01,,,,,,,,,,
L100463,2024-09-01,,,,,,,,,,
L100463,2024-10-01,,,,,,,,,,
L100463,2024-11-01,,,,,,,,,,
L100463,2024-12-01,,,,,,,,,,
L100463,2025-01-01,,,,,,,,,,
L100463,2025-02-01,,,,,,,,,,
L100463,2025-03-01,,,,,,,,,,
L100463,2025-04-01,,,,,,,,,,
L100463,2025-05-01,,,,,,,,,,
L100463,2025-06-01,,,,,,,,,,
L100463,2025-07-01,,,,,,,,,,
L100463,2025-08-01,,,,,,,,,,
L100463,2025-09-01,,,,,,,,,,
L100463,2025-10-01,,,,,,,,,,
L100463,2025-11-01,,,,,,,,,,
L100463,2025-12-01,,,,,,,,,,
L100463,2026-01-01,,,,,,,,,,
L100463,2026-02-01,,,,,,,,,,
L100463,2026-03-01,,,,,,,,,,
L100465,2024-07-01,,,,,,,,,,
L100465,2024-08-01,,,,,,,,,,
L100465,2024-09-01,,,,,,,,,,
L100465,2024-10-01,,,,,,,,,,
L100465,2024-11-01,,,,,,,,,,
L100465,2024-12-01,,,,,,,,,,
L100465,2025-01-01,,,,,,,,,,
L100468,2024-07-01,,,,,,,,,,
L100468,2024-08-01,,,,,,,,,,
L100468,2024-09-01,,,,,,,,,,
L100468,2024-10-01,,,,,,,,,,
L100468,2024-11-01,,,,,,,,,,
L100468,2024-12-01,,,,,,,,,,
L100468,2025-01-01,,,,,,,,,,
L100468,2025-02-01,,,,,,,,,,
L100469,2024-07-01,,,,,,,,,,
L100469,2024-08-01,,,,,,,,,,
L100469,2024-09-01,,,,,,,,,,
L100469,2024-10-01,,,,,,,,,,
L100469,2024-11-01,,,,,,,,,,
L100469,2024-12-01,,,,,,,,,,
L100469,2025-01-01,,,,,,,,,,
L100469,2025-02-01,,,,,,,,,,
L100469,2025-03-01,,,,,,,,,,
L100469,2025-04-01,,,,,,,,,,
L100469,2025-05-01,,,,,,,,,,
L100469,2025-06-01,,,,,,,,,,
L100469,2025-07-01,,,,,,,,,,
L100469,2025-08-01,,,,,,,,,,
L100469,2025-09-01,,,,,,,,,,
L100469,2025-10-01,,,,,,,,,,
L100469,2025-11-01,,,,,,,,,,
L100469,2025-12-01,,,,,,,,,,
L100469,2026-01-01,,,,,,,,,,
L100469,2026-02-01,,,,,,,,,,
L100469,2026-03-01,,,,,,,,,,
L100470,2024-07-01,,,,,,,,,,
L100470,2024-08-01,,,,,,,,,,
L100470,2024-09-01,,,,,,,,,,
L100470,2024-10-01,,,,,,,,,,
L100470,2024-11-01,,,,,,,,,,
L100470,2024-12-01,,,,,,,,,,
L100470,2025-01-01,,,,,,,,,,
L100470,2025-02-01,,,,,,,,,,
L100470,2025-03-01,,,,,,,,,,
L100470,2025-04-01,,,,,,,,,,
L100470,2025-05-01,,,,,,,,,,
L100470,2025-06-01,,,,,,,,,,
L100470,2025-07-01,,,,,,,,,,
L100470,2025-08-01,,,,,,,,,,
L100470,2025-09-01,,,,,,,,,,
L100470,2025-10-01,,,,,,,,,,
L100470,2025-11-01,,,,,,,,,,
L100470,2025-12-01,,,,,,,,,,
L100470,2026-01-01,,,,,,,,,,
L100470,2026-02-01,,,,,,,,,,
L100470,2026-03-01,,,,,,,,,,
L100470,2026-04-01,,,,,,,,,,
L100471,2024-07-01,,,,,,,,,,
L100471,2024-08-01,,,,,,,,,,
L100471,2024-09-01,,,,,,,,,,
L100471,2024-10-01,,,,,,,,,,
L100471,2024-11-01,,,,,,,,,,
L100471,2024-12-01,,,,,,,,,,
L100471,2025-01-01,,,,,,,,,,
L100471,2025-02-01,,,,,,,,,,
L100471,2025-03-01,,,,,,,,,,
L100471,2025-04-01,,,,,,,,,,
L100471,2025-05-01,,,,,,,,,,
L100473,2024-07-01,,,,,,,,,,
L100473,2024-08-01,,,,,,,,,,
L100473,2024-09-01,,,,,,,,,,
L100473,2024-10-01,,,,,,,,,,
L100473,2024-11-01,,,,,,,,,,
L100473,2024-12-01,,,,,,,,,,
L100473,2025-01-01,,,,,,,,,,
L100473,2025-02-01,,,,,,,,,,
L100473,2025-03-01,,,,,,,,,,
L100474,2024-07-01,,,,,,,,,,
L100474,2024-08-01,,,,,,,,,,
L100474,2024-09-01,,,,,,,,,,
L100474,2024-10-01,,,,,,,,,,
L100474,2024-11-01,,,,,,,,,,
L100474,2024-12-01,,,,,,,,,,
L100474,2025-01-01,,,,,,,,,,
L100474,2025-02-01,,,,,,,,,,
L100474,2025-03-01,,,,,,,,,,
L100474,2025-04-01,,,,,,,,,,
L100474,2025-05-01,,,,,,,,,,
L100474,2025-06-01,,,,,,,,,,
L100474,2025-07-01,,,,,,,,,,
L100474,2025-08-01,,,,,,,,,,
L100474,2025-09-01,,,,,,,,,,
L100474,2025-10-01,,,,,,,,,,
L100474,2025-11-01,,,,,,,,,,
L100474,2025-12-01,,,,,,,,,,
L100474,2026-01-01,,,,,,,,,,
L100474,2026-02-01,,,,,,,,,,
L100474,2026-03-01,,,,,,,,,,
L100474,2026-04-01,,,,,,,,,,
L100476,2024-07-01,,,,,,,,,,
L100476,2024-08-01,,,,,,,,,,
L100476,2024-09-01,,,,,,,,,,
L100476,2024-10-01,,,,,,,,,,
L100476,2024-11-01,,,,,,,,,,
L100476,2024-12-01,,,,,,,,,,
L100476,2025-01-01,,,,,,,,,,
L100476,2025-02-01,,,,,,,,,,
L100476,2025-03-01,,,,,,,,,,
L100476,2025-04-01,,,,,,,,,,
L100476,2025-05-01,,,,,,,,,,
L100476,2025-06-01,,,,,,,,,,
L100476,2025-07-01,,,,,,,,,,
L100476,2025-08-01,,,,,,,,,,
L100476,2025-09-01,,,,,,,,,,
L100476,2025-10-01,,,,,,,,,,
L100476,2025-11-01,,,,,,,,,,
L100476,2025-12-01,,,,,,,,,,
L100485,2024-07-01,,,,,,,,,,
L100489,2024-07-01,,,,,,,,,,
L100489,2024-08-01,,,,,,,,,,
L100491,2024-07-01,,,,,,,,,,
L100491,2024-08-01,,,,,,,,,,
L100491,2024-09-01,,,,,,,,,,
L100491,2024-10-01,,,,,,,,,,
L100491,2024-11-01,,,,,,,,,,
L100491,2024-12-01,,,,,,,,,,
L100491,2025-01-01,,,,,,,,,,
L100491,2025-02-01,,,,,,,,,,
L100491,2025-03-01,,,,,,,,,,
L100491,2025-04-01,,,,,,,,,,
L100491,2025-05-01,,,,,,,,,,
L100491,2025-06-01,,,,,,,,,,
L100491,2025-07-01,,,,,,,,,,
L100491,2025-08-01,,,,,,,,,,
L100498,2024-07-01,,,,,,,,,,
L100506,2024-07-01,,,,,,,,,,
L100506,2024-08-01,,,,,,,,,,
L100506,2024-09-01,,,,,,,,,,
L100506,2024-10-01,,,,,,,,,,
L100506,2024-11-01,,,,,,,,,,
L100506,2024-12-01,,,,,,,,,,
L100506,2025-01-01,,,,,,,,,,
L100506,2025-02-01,,,,,,,,,,
L100506,2025-03-01,,,,,,,,,,
L100506,2025-04-01,,,,,,,,,,
L100508,2024-07-01,,,,,,,,,,
L100508,2024-08-01,,,,,,,,,,
L100508,2024-09-01,,,,,,,,,,
L100508,2024-10-01,,,,,,,,,,
L100508,2024-11-01,,,,,,,,,,
L100509,2024-07-01,,,,,,,,,,
L100509,2024-08-01,,,,,,,,,,
L100509,2024-09-01,,,,,,,,,,
L100509,2024-10-01,,,,,,,,,,
L100509,2024-11-01,,,,,,,,,,
L100509,2024-12-01,,,,,,,,,,
L100509,2025-01-01,,,,,,,,,,
L100509,2025-02-01,,,,,,,,,,
L100509,2025-03-01,,,,,,,,,,
L100509,2025-04-01,,,,,,,,,,
L100509,2025-05-01,,,,,,,,,,
L100509,2025-06-01,,,,,,,,,,
L100509,2025-07-01,,,,,,,,,,
L100509,2025-08-01,,,,,,,,,,
L100509,2025-09-01,,,,,,,,,,
L100512,2024-07-01,,,,,,,,,,
L100512,2024-08-01,,,,,,,,,,
L100516,2024-07-01,,,,,,,,,,
L100516,2024-08-01,,,,,,,,,,
L100516,2024-09-01,,,,,,,,,,
L100516,2024-10-01,,,,,,,,,,
L100516,2024-11-01,,,,,,,,,,
L100516,2024-12-01,,,,,,,,,,
L100519,2024-07-01,,,,,,,,,,
L100519,2024-08-01,,,,,,,,,,
L100519,2024-09-01,,,,,,,,,,
L100519,2024-10-01,,,,,,,,,,
L100519,2024-11-01,,,,,,,,,,
L100521,2024-07-01,,,,,,,,,,
L100521,2024-08-01,,,,,,,,,,
L100521,2024-09-01,,,,,,,,,,
L100521,2024-10-01,,,,,,,,,,
L100521,2024-11-01,,,,,,,,,,
L100521,2024-12-01,,,,,,,,,,
L100521,2025-01-01,,,,,,,,,,
L100521,2025-02-01,,,,,,,,,,
L100521,2025-03-01,,,,,,,,,,
L100521,2025-04-01,,,,,,,,,,
L100522,2024-07-01,,,,,,,,,,
L100522,2024-08-01,,,,,,,,,,
L100522,2024-09-01,,,,,,,,,,
L100522,2024-10-01,,,,,,,,,,
L100522,2024-11-01,,,,,,,,,,
L100522,2024-12-01,,,,,,,,,,
L100522,2025-01-01,,,,,,,,,,
L100522,2025-02-01,,,,,,,,,,
L100529,2024-07-01,,,,,,,,,,
L100529,2024-08-01,,,,,,,,,,
L100529,2024-09-01,,,,,,,,,,
L100529,2024-10-01,,,,,,,,,,
L100529,2024-11-01,,,,,,,,,,
L100529,2024-12-01,,,,,,,,,,
L100529,2025-01-01,,,,,,,,,,
L100529,2025-02-01,,,,,,,,,,
L100529,2025-03-01,,,,,,,,,,
L100529,2025-04-01,,,,,,,,,,
L100529,2025-05-01,,,,,,,,,,
L100529,2025-06-01,,,,,,,,,,
L100529,2025-07-01,,,,,,,,,,
L100529,2025-08-01,,,,,,,,,,
L100529,2025-09-01,,,,,,,,,,
L100529,2025-10-01,,,,,,,,,,
L100529,2025-11-01,,,,,,,,,,
L100529,2025-12-01,,,,,,,,,,
L100529,2026-01-01,,,,,,,,,,
L100529,2026-02-01,,,,,,,,,,
L100529,2026-03-01,,,,,,,,,,
L100529,2026-04-01,,,,,,,,,,
L100529,2026-05-01,,,,,,,,,,
L100530,2024-07-01,,,,,,,,,,
L100530,2024-08-01,,,,,,,,,,
L100530,2024-09-01,,,,,,,,,,
L100530,2024-10-01,,,,,,,,,,
L100531,2024-07-01,,,,,,,,,,
L100531,2024-08-01,,,,,,,,,,
L100531,2024-09-01,,,,,,,,,,
L100531,2024-10-01,,,,,,,,,,
L100531,2024-11-01,,,,,,,,,,
L100531,2024-12-01,,,,,,,,,,
L100531,2025-01-01,,,,,,,,,,
L100531,2025-02-01,,,,,,,,,,
L100531,2025-03-01,,,,,,,,,,
L100531,2025-04-01,,,,,,,,,,
L100531,2025-05-01,,,,,,,,,,
L100531,2025-06-01,,,,,,,,,,
L100531,2025-07-01,,,,,,,,,,
L100531,2025-08-01,,,,,,,,,,
L100531,2025-09-01,,,,,,,,,,
L100531,2025-10-01,,,,,,,,,,
L100539,2024-07-01,,,,,,,,,,
L100539,2024-08-01,,,,,,,,,,
L100539,2024-09-01,,,,,,,,,,
L100539,2024-10-01,,,,,,,,,,
L100539,2024-11-01,,,,,,,,,,
L100539,2024-12-01,,,,,,,,,,
L100539,2025-01-01,,,,,,,,,,
L100539,2025-02-01,,,,,,,,,,
L100540,2024-07-01,,,,,,,,,,
L100540,2024-08-01,,,,,,,,,,
L100540,2024-09-01,,,,,,,,,,
L100540,2024-10-01,,,,,,,,,,
L100540,2024-11-01,,,,,,,,,,
L100540,2024-12-01,,,,,,,,,,
L100540,2025-01-01,,,,,,,,,,
L100540,2025-02-01,,,,,,,,,,
L100540,2025-03-01,,,,,,,,,,
L100543,2024-07-01,,,,,,,,,,
L100543,2024-08-01,,,,,,,,,,
L100543,2024-09-01,,,,,,,,,,
L100543,2024-10-01,,,,,,,,,,
L100543,2024-11-01,,,,,,,,,,
L100543,2024-12-01,,,,,,,,,,
L100543,2025-01-01,,,,,,,,,,
L100545,2024-07-01,,,,,,,,,,
L100545,2024-08-01,,,,,,,,,,
L100545,2024-09-01,,,,,,,,,,
L100545,2024-10-01,,,,,,,,,,
L100545,2024-11-01,,,,,,,,,,
L100545,2024-12-01,,,,,,,,,,
L100545,2025-01-01,,,,,,,,,,
L100545,2025-02-01,,,,,,,,,,
L100545,2025-03-01,,,,,,,,,,
L100545,2025-04-01,,,,,,,,,,
L100545,2025-05-01,,,,,,,,,,
L100545,2025-06-01,,,,,,,,,,
L100545,2025-07-01,,,,,,,,,,
L100545,2025-08-01,,,,,,,,,,
L100545,2025-09-01,,,,,,,,,,
L100545,2025-10-01,,,,,,,,,,
L100545,2025-11-01,,,,,,,,,,
L100545,2025-12-01,,,,,,,,,,
L100545,2026-01-01,,,,,,,,,,
L100545,2026-02-01,,,,,,,,,,
L100545,2026-03-01,,,,,,,,,,
L100554,2024-07-01,,,,,,,,,,
L100554,2024-08-01,,,,,,,,,,
L100554,2024-09-01,,,,,,,,,,
L100554,2024-10-01,,,,,,,,,,
L100554,2024-11-01,,,,,,,,,,
L100554,2024-12-01,,,,,,,,,,
L100554,2025-01-01,,,,,,,,,,
L100554,2025-02-01,,,,,,,,,,
L100554,2025-03-01,,,,,,,,,,
L100554,2025-04-01,,,,,,,,,,
L100554,2025-05-01,,,,,,,,,,
L100554,2025-06-01,,,,,,,,,,
L100554,2025-07-01,,,,,,,,,,
L100554,2025-08-01,,,,,,,,,,
L100557,2024-07-01,,,,,,,,,,
L100557,2024-08-01,,,,,,,,,,
L100557,2024-09-01,,,,,,,,,,
L100557,2024-10-01,,,,,,,,,,
L100557,2024-11-01,,,,,,,,,,
L100557,2024-12-01,,,,,,,,,,
L100557,2025-01-01,,,,,,,,,,
L100558,2024-07-01,,,,,,,,,,
L100558,2024-08-01,,,,,,,,,,
L100558,2024-09-01,,,,,,,,,,
L100558,2024-10-01,,,,,,,,,,
L100560,2024-07-01,,,,,,,,,,
L100560,2024-08-01,,,,,,,,,,
L100560,2024-09-01,,,,,,,,,,
L100560,2024-10-01,,,,,,,,,,
L100562,2024-07-01,,,,,,,,,,
L100562,2024-08-01,,,,,,,,,,
L100562,2024-09-01,,,,,,,,,,
L100562,2024-10-01,,,,,,,,,,
L100562,2024-11-01,,,,,,,,,,
L100562,2024-12-01,,,,,,,,,,
L100562,2025-01-01,,,,,,,,,,
L100562,2025-02-01,,,,,,,,,,
L100562,2025-03-01,,,,,,,,,,
L100562,2025-04-01,,,,,,,,,,
L100562,2025-05-01,,,,,,,,,,
L100562,2025-06-01,,,,,,,,,,
L100569,2024-07-01,,,,,,,,,,
L100569,2024-08-01,,,,,,,,,,
L100569,2024-09-01,,,,,,,,,,
L100569,2024-10-01,,,,,,,,,,
L100569,2024-11-01,,,,,,,,,,
L100569,2024-12-01,,,,,,,,,,
L100569,2025-01-01,,,,,,,,,,
L100569,2025-02-01,,,,,,,,,,
L100569,2025-03-01,,,,,,,,,,
L100569,2025-04-01,,,,,,,,,,
L100569,2025-05-01,,,,,,,,,,
L100569,2025-06-01,,,,,,,,,,
L100569,2025-07-01,,,,,,,,,,
L100569,2025-08-01,,,,,,,,,,
L100569,2025-09-01,,,,,,,,,,
L100569,2025-10-01,,,,,,,,,,
L100569,2025-11-01,,,,,,,,,,
L100569,2025-12-01,,,,,,,,,,
L100569,2026-01-01,,,,,,,,,,
L100573,2024-07-01,,,,,,,,,,
L100573,2024-08-01,,,,,,,,,,
L100573,2024-09-01,,,,,,,,,,
L100573,2024-10-01,,,,,,,,,,
L100573,2024-11-01,,,,,,,,,,
L100573,2024-12-01,,,,,,,,,,
L100573,2025-01-01,,,,,,,,,,
L100573,2025-02-01,,,,,,,,,,
L100573,2025-03-01,,,,,,,,,,
L100573,2025-04-01,,,,,,,,,,
L100573,2025-05-01,,,,,,,,,,
L100573,2025-06-01,,,,,,,,,,
L100573,2025-07-01,,,,,,,,,,
L100577,2024-07-01,,,,,,,,,,
L100577,2024-08-01,,,,,,,,,,
L100577,2024-09-01,,,,,,,,,,
L100577,2024-10-01,,,,,,,,,,
L100577,2024-11-01,,,,,,,,,,
L100577,2024-12-01,,,,,,,,,,
L100577,2025-01-01,,,,,,,,,,
L100577,2025-02-01,,,,,,,,,,
L100577,2025-03-01,,,,,,,,,,
L100582,2024-07-01,,,,,,,,,,
L100582,2024-08-01,,,,,,,,,,
L100582,2024-09-01,,,,,,,,,,
L100582,2024-10-01,,,,,,,,,,
L100582,2024-11-01,,,,,,,,,,
L100582,2024-12-01,,,,,,,,,,
L100582,2025-01-01,,,,,,,,,,
L100582,2025-02-01,,,,,,,,,,
L100582,2025-03-01,,,,,,,,,,
L100582,2025-04-01,,,,,,,,,,
L100582,2025-05-01,,,,,,,,,,
L100582,2025-06-01,,,,,,,,,,
L100582,2025-07-01,,,,,,,,,,
L100582,2025-08-01,,,,,,,,,,
L100582,2025-09-01,,,,,,,,,,
L100582,2025-10-01,,,,,,,,,,
L100585,2024-07-01,,,,,,,,,,
L100585,2024-08-01,,,,,,,,,,
L100585,2024-09-01,,,,,,,,,,
L100585,2024-10-01,,,,,,,,,,
L100585,2024-11-01,,,,,,,,,,
L100585,2024-12-01,,,,,,,,,,
L100585,2025-01-01,,,,,,,,,,
L100585,2025-02-01,,,,,,,,,,
L100585,2025-03-01,,,,,,,,,,
L100585,2025-04-01,,,,,,,,,,
L100593,2024-07-01,,,,,,,,,,
L100593,2024-08-01,,,,,,,,,,
L100593,2024-09-01,,,,,,,,,,
L100593,2024-10-01,,,,,,,,,,
L100593,2024-11-01,,,,,,,,,,
L100599,2024-07-01,,,,,,,,,,
L100599,2024-08-01,,,,,,,,,,
L100599,2024-09-01,,,,,,,,,,
L100599,2024-10-01,,,,,,,,,,
L100599,2024-11-01,,,,,,,,,,
L100599,2024-12-01,,,,,,,,,,
L100599,2025-01-01,,,,,,,,,,
L100599,2025-02-01,,,,,,,,,,
L100609,2024-07-01,,,,,,,,,,
L100609,2024-08-01,,,,,,,,,,
L100609,2024-09-01,,,,,,,,,,
L100609,2024-10-01,,,,,,,,,,
L100609,2024-11-01,,,,,,,,,,
L100609,2024-12-01,,,,,,,,,,
L100609,2025-01-01,,,,,,,,,,
L100609,2025-02-01,,,,,,,,,,
L100609,2025-03-01,,,,,,,,,,
L100609,2025-04-01,,,,,,,,,,
L100609,2025-05-01,,,,,,,,,,
L100609,2025-06-01,,,,,,,,,,
L100609,2025-07-01,,,,,,,,,,
L100609,2025-08-01,,,,,,,,,,
L100609,2025-09-01,,,,,,,,,,
L100609,2025-10-01,,,,,,,,,,
L100609,2025-11-01,,,,,,,,,,
L100609,2025-12-01,,,,,,,,,,
L100609,2026-01-01,,,,,,,,,,
L100609,2026-02-01,,,,,,,,,,
L100609,2026-03-01,,,,,,,,,,
L100611,2024-07-01,,,,,,,,,,
L100611,2024-08-01,,,,,,,,,,
L100611,2024-09-01,,,,,,,,,,
L100611,2024-10-01,,,,,,,,,,
L100611,2024-11-01,,,,,,,,,,
L100611,2024-12-01,,,,,,,,,,
L100611,2025-01-01,,,,,,,,,,
L100611,2025-02-01,,,,,,,,,,
L100611,2025-03-01,,,,,,,,,,
L100613,2024-07-01,,,,,,,,,,
L100613,2024-08-01,,,,,,,,,,
L100613,2024-09-01,,,,,,,,,,
L100613,2024-10-01,,,,,,,,,,
L100613,2024-11-01,,,,,,,,,,
L100613,2024-12-01,,,,,,,,,,
L100613,2025-01-01,,,,,,,,,,
L100613,2025-02-01,,,,,,,,,,
L100613,2025-03-01,,,,,,,,,,
L100613,2025-04-01,,,,,,,,,,
L100613,2025-05-01,,,,,,,,,,
L100613,2025-06-01,,,,,,,,,,
L100613,2025-07-01,,,,,,,,,,
L100614,2024-07-01,,,,,,,,,,
L100614,2024-08-01,,,,,,,,,,
L100614,2024-09-01,,,,,,,,,,
L100614,2024-10-01,,,,,,,,,,
L100614,2024-11-01,,,,,,,,,,
L100614,2024-12-01,,,,,,,,,,
L100614,2025-01-01,,,,,,,,,,
L100614,2025-02-01,,,,,,,,,,
L100614,2025-03-01,,,,,,,,,,
L100614,2025-04-01,,,,,,,,,,
L100614,2025-05-01,,,,,,,,,,
L100614,2025-06-01,,,,,,,,,,
L100614,2025-07-01,,,,,,,,,,
L100614,2025-08-01,,,,,,,,,,
L100614,2025-09-01,,,,,,,,,,
L100614,2025-10-01,,,,,,,,,,
L100614,2025-11-01,,,,,,,,,,
L100614,2025-12-01,,,,,,,,,,
L100614,2026-01-01,,,,,,,,,,
L100614,2026-02-01,,,,,,,,,,
L100619,2024-07-01,,,,,,,,,,
L100619,2024-08-01,,,,,,,,,,
L100619,2024-09-01,,,,,,,,,,
L100619,2024-10-01,,,,,,,,,,
L100619,2024-11-01,,,,,,,,,,
L100619,2024-12-01,,,,,,,,,,
L100619,2025-01-01,,,,,,,,,,
L100619,2025-02-01,,,,,,,,,,
L100619,2025-03-01,,,,,,,,,,
L100619,2025-04-01,,,,,,,,,,
L100619,2025-05-01,,,,,,,,,,
L100619,2025-06-01,,,,,,,,,,
L100619,2025-07-01,,,,,,,,,,
L100619,2025-08-01,,,,,,,,,,
L100619,2025-09-01,,,,,,,,,,
L100619,2025-10-01,,,,,,,,,,
L100619,2025-11-01,,,,,,,,,,
L100619,2025-12-01,,,,,,,,,,
L100619,2026-01-01,,,,,,,,,,
L100619,2026-02-01,,,,,,,,,,
L100619,2026-03-01,,,,,,,,,,
L100620,2024-07-01,,,,,,,,,,
L100620,2024-08-01,,,,,,,,,,
L100620,2024-09-01,,,,,,,,,,
L100620,2024-10-01,,,,,,,,,,
L100620,2024-11-01,,,,,,,,,,
L100620,2024-12-01,,,,,,,,,,
L100620,2025-01-01,,,,,,,,,,
L100620,2025-02-01,,,,,,,,,,
L100622,2024-07-01,,,,,,,,,,
L100622,2024-08-01,,,,,,,,,,
L100622,2024-09-01,,,,,,,,,,
L100622,2024-10-01,,,,,,,,,,
L100622,2024-11-01,,,,,,,,,,
L100622,2024-12-01,,,,,,,,,,
L100622,2025-01-01,,,,,,,,,,
L100622,2025-02-01,,,,,,,,,,
L100622,2025-03-01,,,,,,,,,,
L100622,2025-04-01,,,,,,,,,,
L100622,2025-05-01,,,,,,,,,,
L100622,2025-06-01,,,,,,,,,,
L100622,2025-07-01,,,,,,,,,,
L100622,2025-08-01,,,,,,,,,,
L100622,2025-09-01,,,,,,,,,,
L100622,2025-10-01,,,,,,,,,,
L100622,2025-11-01,,,,,,,,,,
L100623,2024-07-01,,,,,,,,,,
L100623,2024-08-01,,,,,,,,,,
L100623,2024-09-01,,,,,,,,,,
L100623,2024-10-01,,,,,,,,,,
L100626,2024-07-01,,,,,,,,,,
L100626,2024-08-01,,,,,,,,,,
L100626,2024-09-01,,,,,,,,,,
L100626,2024-10-01,,,,,,,,,,
L100626,2024-11-01,,,,,,,,,,
L100626,2024-12-01,,,,,,,,,,
L100626,2025-01-01,,,,,,,,,,
L100626,2025-02-01,,,,,,,,,,
L100626,2025-03-01,,,,,,,,,,
L100626,2025-04-01,,,,,,,,,,
L100626,2025-05-01,,,,,,,,,,
L100628,2024-07-01,,,,,,,,,,
L100628,2024-08-01,,,,,,,,,,
L100628,2024-09-01,,,,,,,,,,
L100628,2024-10-01,,,,,,,,,,
L100628,2024-11-01,,,,,,,,,,
L100628,2024-12-01,,,,,,,,,,
L100628,2025-01-01,,,,,,,,,,
L100628,2025-02-01,,,,,,,,,,
L100628,2025-03-01,,,,,,,,,,
L100628,2025-04-01,,,,,,,,,,
L100629,2024-07-01,,,,,,,,,,
L100629,2024-08-01,,,,,,,,,,
L100629,2024-09-01,,,,,,,,,,
L100629,2024-10-01,,,,,,,,,,
L100629,2024-11-01,,,,,,,,,,
L100629,2024-12-01,,,,,,,,,,
L100629,2025-01-01,,,,,,,,,,
L100629,2025-02-01,,,,,,,,,,
L100629,2025-03-01,,,,,,,,,,
L100629,2025-04-01,,,,,,,,,,
L100629,2025-05-01,,,,,,,,,,
L100629,2025-06-01,,,,,,,,,,
L100629,2025-07-01,,,,,,,,,,
L100629,2025-08-01,,,,,,,,,,
L100629,2025-09-01,,,,,,,,,,
L100629,2025-10-01,,,,,,,,,,
L100629,2025-11-01,,,,,,,,,,
L100629,2025-12-01,,,,,,,,,,
L100629,2026-01-01,,,,,,,,,,
L100629,2026-02-01,,,,,,,,,,
L100629,2026-03-01,,,,,,,,,,
L100629,2026-04-01,,,,,,,,,,
L100629,2026-05-01,,,,,,,,,,
L100631,2024-07-01,,,,,,,,,,
L100631,2024-08-01,,,,,,,,,,
L100631,2024-09-01,,,,,,,,,,
L100631,2024-10-01,,,,,,,,,,
L100631,2024-11-01,,,,,,,,,,
L100631,2024-12-01,,,,,,,,,,
L100631,2025-01-01,,,,,,,,,,
L100631,2025-02-01,,,,,,,,,,
L100631,2025-03-01,,,,,,,,,,
L100631,2025-04-01,,,,,,,,,,
L100631,2025-05-01,,,,,,,,,,
L100631,2025-06-01,,,,,,,,,,
L100631,2025-07-01,,,,,,,,,,
L100631,2025-08-01,,,,,,,,,,
L100631,2025-09-01,,,,,,,,,,
L100633,2024-07-01,,,,,,,,,,
L100633,2024-08-01,,,,,,,,,,
L100633,2024-09-01,,,,,,,,,,
L100633,2024-10-01,,,,,,,,,,
L100633,2024-11-01,,,,,,,,,,
L100633,2024-12-01,,,,,,,,,,
L100633,2025-01-01,,,,,,,,,,
L100633,2025-02-01,,,,,,,,,,
L100633,2025-03-01,,,,,,,,,,
L100633,2025-04-01,,,,,,,,,,
L100633,2025-05-01,,,,,,,,,,
L100633,2025-06-01,,,,,,,,,,
L100633,2025-07-01,,,,,,,,,,
L100633,2025-08-01,,,,,,,,,,
L100633,2025-09-01,,,,,,,,,,
L100636,2024-07-01,,,,,,,,,,
L100636,2024-08-01,,,,,,,,,,
L100636,2024-09-01,,,,,,,,,,
L100636,2024-10-01,,,,,,,,,,
L100636,2024-11-01,,,,,,,,,,
L100636,2024-12-01,,,,,,,,,,
L100636,2025-01-01,,,,,,,,,,
L100636,2025-02-01,,,,,,,,,,
L100638,2024-07-01,,,,,,,,,,
L100638,2024-08-01,,,,,,,,,,
L100638,2024-09-01,,,,,,,,,,
L100638,2024-10-01,,,,,,,,,,
L100638,2024-11-01,,,,,,,,,,
L100638,2024-12-01,,,,,,,,,,
L100638,2025-01-01,,,,,,,,,,
L100638,2025-02-01,,,,,,,,,,
L100638,2025-03-01,,,,,,,,,,
L100638,2025-04-01,,,,,,,,,,
L100638,2025-05-01,,,,,,,,,,
L100638,2025-06-01,,,,,,,,,,
L100638,2025-07-01,,,,,,,,,,
L100638,2025-08-01,,,,,,,,,,
L100638,2025-09-01,,,,,,,,,,
L100638,2025-10-01,,,,,,,,,,
L100638,2025-11-01,,,,,,,,,,
L100638,2025-12-01,,,,,,,,,,
L100638,2026-01-01,,,,,,,,,,
L100640,2024-07-01,,,,,,,,,,
L100640,2024-08-01,,,,,,,,,,
L100640,2024-09-01,,,,,,,,,,
L100640,2024-10-01,,,,,,,,,,
L100640,2024-11-01,,,,,,,,,,
L100640,2024-12-01,,,,,,,,,,
L100640,2025-01-01,,,,,,,,,,
L100640,2025-02-01,,,,,,,,,,
L100640,2025-03-01,,,,,,,,,,
L100640,2025-04-01,,,,,,,,,,
L100644,2024-07-01,,,,,,,,,,
L100644,2024-08-01,,,,,,,,,,
L100644,2024-09-01,,,,,,,,,,
L100644,2024-10-01,,,,,,,,,,
L100644,2024-11-01,,,,,,,,,,
L100644,2024-12-01,,,,,,,,,,
L100644,2025-01-01,,,,,,,,,,
L100644,2025-02-01,,,,,,,,,,
L100644,2025-03-01,,,,,,,,,,
L100644,2025-04-01,,,,,,,,,,
L100644,2025-05-01,,,,,,,,,,
L100644,2025-06-01,,,,,,,,,,
L100644,2025-07-01,,,,,,,,,,
L100646,2024-07-01,,,,,,,,,,
L100649,2024-07-01,,,,,,,,,,
L100649,2024-08-01,,,,,,,,,,
L100649,2024-09-01,,,,,,,,,,
L100649,2024-10-01,,,,,,,,,,
L100649,2024-11-01,,,,,,,,,,
L100649,2024-12-01,,,,,,,,,,
L100649,2025-01-01,,,,,,,,,,
L100649,2025-02-01,,,,,,,,,,
L100649,2025-03-01,,,,,,,,,,
L100649,2025-04-01,,,,,,,,,,
L100649,2025-05-01,,,,,,,,,,
L100649,2025-06-01,,,,,,,,,,
L100649,2025-07-01,,,,,,,,,,
L100649,2025-08-01,,,,,,,,,,
L100649,2025-09-01,,,,,,,,,,
L100649,2025-10-01,,,,,,,,,,
L100649,2025-11-01,,,,,,,,,,
L100649,2025-12-01,,,,,,,,,,
L100650,2024-07-01,,,,,,,,,,
L100650,2024-08-01,,,,,,,,,,
L100651,2024-07-01,,,,,,,,,,
L100651,2024-08-01,,,,,,,,,,
L100651,2024-09-01,,,,,,,,,,
L100651,2024-10-01,,,,,,,,,,
L100651,2024-11-01,,,,,,,,,,
L100651,2024-12-01,,,,,,,,,,
L100651,2025-01-01,,,,,,,,,,
L100651,2025-02-01,,,,,,,,,,
L100651,2025-03-01,,,,,,,,,,
L100656,2024-07-01,,,,,,,,,,
L100656,2024-08-01,,,,,,,,,,
L100656,2024-09-01,,,,,,,,,,
L100656,2024-10-01,,,,,,,,,,
L100656,2024-11-01,,,,,,,,,,
L100656,2024-12-01,,,,,,,,,,
L100656,2025-01-01,,,,,,,,,,
L100656,2025-02-01,,,,,,,,,,
L100656,2025-03-01,,,,,,,,,,
L100656,2025-04-01,,,,,,,,,,
L100656,2025-05-01,,,,,,,,,,
L100656,2025-06-01,,,,,,,,,,
L100656,2025-07-01,,,,,,,,,,
L100656,2025-08-01,,,,,,,,,,
L100656,2025-09-01,,,,,,,,,,
L100656,2025-10-01,,,,,,,,,,
L100656,2025-11-01,,,,,,,,,,
L100657,2024-07-01,,,,,,,,,,
L100657,2024-08-01,,,,,,,,,,
L100657,2024-09-01,,,,,,,,,,
L100657,2024-10-01,,,,,,,,,,
L100657,2024-11-01,,,,,,,,,,
L100657,2024-12-01,,,,,,,,,,
L100657,2025-01-01,,,,,,,,,,
L100657,2025-02-01,,,,,,,,,,
L100657,2025-03-01,,,,,,,,,,
L100657,2025-04-01,,,,,,,,,,
L100658,2024-07-01,,,,,,,,,,
L100658,2024-08-01,,,,,,,,,,
L100659,2024-07-01,,,,,,,,,,
L100659,2024-08-01,,,,,,,,,,
L100659,2024-09-01,,,,,,,,,,
L100659,2024-10-01,,,,,,,,,,
L100659,2024-11-01,,,,,,,,,,
L100659,2024-12-01,,,,,,,,,,
L100659,2025-01-01,,,,,,,,,,
L100659,2025-02-01,,,,,,,,,,
L100659,2025-03-01,,,,,,,,,,
L100659,2025-04-01,,,,,,,,,,
L100659,2025-05-01,,,,,,,,,,
L100659,2025-06-01,,,,,,,,,,
L100659,2025-07-01,,,,,,,,,,
L100659,2025-08-01,,,,,,,,,,
L100667,2024-07-01,,,,,,,,,,
L100667,2024-08-01,,,,,,,,,,
L100667,2024-09-01,,,,,,,,,,
L100667,2024-10-01,,,,,,,,,,
L100667,2024-11-01,,,,,,,,,,
L100667,2024-12-01,,,,,,,,,,
L100667,2025-01-01,,,,,,,,,,
L100667,2025-02-01,,,,,,,,,,
L100667,2025-03-01,,,,,,,,,,
L100667,2025-04-01,,,,,,,,,,
L100667,2025-05-01,,,,,,,,,,
L100667,2025-06-01,,,,,,,,,,
L100667,2025-07-01,,,,,,,,,,
L100667,2025-08-01,,,,,,,,,,
L100667,2025-09-01,,,,,,,,,,
L100669,2024-07-01,,,,,,,,,,
L100669,2024-08-01,,,,,,,,,,
L100669,2024-09-01,,,,,,,,,,
L100669,2024-10-01,,,,,,,,,,
L100669,2024-11-01,,,,,,,,,,
L100669,2024-12-01,,,,,,,,,,
L100669,2025-01-01,,,,,,,,,,
L100669,2025-02-01,,,,,,,,,,
L100669,2025-03-01,,,,,,,,,,
L100669,2025-04-01,,,,,,,,,,
L100669,2025-05-01,,,,,,,,,,
L100669,2025-06-01,,,,,,,,,,
L100669,2025-07-01,,,,,,,,,,
L100669,2025-08-01,,,,,,,,,,
L100669,2025-09-01,,,,,,,,,,
L100669,2025-10-01,,,,,,,,,,
L100669,2025-11-01,,,,,,,,,,
L100672,2024-07-01,,,,,,,,,,
L100672,2024-08-01,,,,,,,,,,
L100672,2024-09-01,,,,,,,,,,
L100672,2024-10-01,,,,,,,,,,
L100672,2024-11-01,,,,,,,,,,
L100672,2024-12-01,,,,,,,,,,
L100672,2025-01-01,,,,,,,,,,
L100672,2025-02-01,,,,,,,,,,
L100672,2025-03-01,,,,,,,,,,
L100672,2025-04-01,,,,,,,,,,
L100672,2025-05-01,,,,,,,,,,
L100672,2025-06-01,,,,,,,,,,
L100672,2025-07-01,,,,,,,,,,
L100672,2025-08-01,,,,,,,,,,
L100672,2025-09-01,,,,,,,,,,
L100672,2025-10-01,,,,,,,,,,
L100672,2025-11-01,,,,,,,,,,
L100672,2025-12-01,,,,,,,,,,
L100672,2026-01-01,,,,,,,,,,
L100672,2026-02-01,,,,,,,,,,
L100672,2026-03-01,,,,,,,,,,
L100672,2026-04-01,,,,,,,,,,
L100674,2024-07-01,,,,,,,,,,
L100674,2024-08-01,,,,,,,,,,
L100674,2024-09-01,,,,,,,,,,
L100674,2024-10-01,,,,,,,,,,
L100674,2024-11-01,,,,,,,,,,
L100674,2024-12-01,,,,,,,,,,
L100674,2025-01-01,,,,,,,,,,
L100674,2025-02-01,,,,,,,,,,
L100678,2024-07-01,,,,,,,,,,
L100678,2024-08-01,,,,,,,,,,
L100678,2024-09-01,,,,,,,,,,
L100678,2024-10-01,,,,,,,,,,
L100678,2024-11-01,,,,,,,,,,
L100678,2024-12-01,,,,,,,,,,
L100678,2025-01-01,,,,,,,,,,
L100678,2025-02-01,,,,,,,,,,
L100678,2025-03-01,,,,,,,,,,
L100678,2025-04-01,,,,,,,,,,
L100680,2024-07-01,,,,,,,,,,
L100680,2024-08-01,,,,,,,,,,
L100680,2024-09-01,,,,,,,,,,
L100680,2024-10-01,,,,,,,,,,
L100684,2024-07-01,,,,,,,,,,
L100684,2024-08-01,,,,,,,,,,
L100684,2024-09-01,,,,,,,,,,
L100684,2024-10-01,,,,,,,,,,
L100684,2024-11-01,,,,,,,,,,
L100684,2024-12-01,,,,,,,,,,
L100684,2025-01-01,,,,,,,,,,
L100684,2025-02-01,,,,,,,,,,
L100684,2025-03-01,,,,,,,,,,
L100684,2025-04-01,,,,,,,,,,
L100684,2025-05-01,,,,,,,,,,
L100684,2025-06-01,,,,,,,,,,
L100684,2025-07-01,,,,,,,,,,
L100684,2025-08-01,,,,,,,,,,
L100684,2025-09-01,,,,,,,,,,
L100684,2025-10-01,,,,,,,,,,
L100684,2025-11-01,,,,,,,,,,
L100684,2025-12-01,,,,,,,,,,
L100684,2026-01-01,,,,,,,,,,
L100684,2026-02-01,,,,,,,,,,
L100684,2026-03-01,,,,,,,,,,
L100686,2024-07-01,,,,,,,,,,
L100686,2024-08-01,,,,,,,,,,
L100686,2024-09-01,,,,,,,,,,
L100686,2024-10-01,,,,,,,,,,
L100686,2024-11-01,,,,,,,,,,
L100686,2024-12-01,,,,,,,,,,
L100686,2025-01-01,,,,,,,,,,
L100686,2025-02-01,,,,,,,,,,
L100686,2025-03-01,,,,,,,,,,
L100686,2025-04-01,,,,,,,,,,
L100690,2024-07-01,,,,,,,,,,
L100690,2024-08-01,,,,,,,,,,
L100690,2024-09-01,,,,,,,,,,
L100690,2024-10-01,,,,,,,,,,
L100690,2024-11-01,,,,,,,,,,
L100690,2024-12-01,,,,,,,,,,
L100690,2025-01-01,,,,,,,,,,
L100690,2025-02-01,,,,,,,,,,
L100690,2025-03-01,,,,,,,,,,
L100690,2025-04-01,,,,,,,,,,
L100690,2025-05-01,,,,,,,,,,
L100690,2025-06-01,,,,,,,,,,
L100690,2025-07-01,,,,,,,,,,
L100690,2025-08-01,,,,,,,,,,
L100690,2025-09-01,,,,,,,,,,
L100690,2025-10-01,,,,,,,,,,
L100690,2025-11-01,,,,,,,,,,
L100690,2025-12-01,,,,,,,,,,
L100690,2026-01-01,,,,,,,,,,
L100690,2026-02-01,,,,,,,,,,
L100690,2026-03-01,,,,,,,,,,
L100695,2024-07-01,,,,,,,,,,
L100695,2024-08-01,,,,,,,,,,
L100695,2024-09-01,,,,,,,,,,
L100695,2024-10-01,,,,,,,,,,
L100698,2024-07-01,,,,,,,,,,
L100698,2024-08-01,,,,,,,,,,
L100698,2024-09-01,,,,,,,,,,
L100698,2024-10-01,,,,,,,,,,
L100698,2024-11-01,,,,,,,,,,
L100698,2024-12-01,,,,,,,,,,
L100698,2025-01-01,,,,,,,,,,
L100698,2025-02-01,,,,,,,,,,
L100698,2025-03-01,,,,,,,,,,
L100698,2025-04-01,,,,,,,,,,
L100701,2024-07-01,,,,,,,,,,
L100701,2024-08-01,,,,,,,,,,
L100701,2024-09-01,,,,,,,,,,
L100701,2024-10-01,,,,,,,,,,
L100701,2024-11-01,,,,,,,,,,
L100701,2024-12-01,,,,,,,,,,
L100701,2025-01-01,,,,,,,,,,
L100701,2025-02-01,,,,,,,,,,
L100701,2025-03-01,,,,,,,,,,
L100701,2025-04-01,,,,,,,,,,
L100706,2024-07-01,,,,,,,,,,
L100709,2024-07-01,,,,,,,,,,
L100709,2024-08-01,,,,,,,,,,
L100709,2024-09-01,,,,,,,,,,
L100709,2024-10-01,,,,,,,,,,
L100709,2024-11-01,,,,,,,,,,
L100709,2024-12-01,,,,,,,,,,
L100709,2025-01-01,,,,,,,,,,
L100709,2025-02-01,,,,,,,,,,
L100709,2025-03-01,,,,,,,,,,
L100709,2025-04-01,,,,,,,,,,
L100709,2025-05-01,,,,,,,,,,
L100709,2025-06-01,,,,,,,,,,
L100709,2025-07-01,,,,,,,,,,
L100709,2025-08-01,,,,,,,,,,
L100709,2025-09-01,,,,,,,,,,
L100709,2025-10-01,,,,,,,,,,
L100709,2025-11-01,,,,,,,,,,
L100709,2025-12-01,,,,,,,,,,
L100709,2026-01-01,,,,,,,,,,
L100713,2024-07-01,,,,,,,,,,
L100713,2024-08-01,,,,,,,,,,
L100713,2024-09-01,,,,,,,,,,
L100713,2024-10-01,,,,,,,,,,
L100713,2024-11-01,,,,,,,,,,
L100713,2024-12-01,,,,,,,,,,
L100713,2025-01-01,,,,,,,,,,
L100713,2025-02-01,,,,,,,,,,
L100713,2025-03-01,,,,,,,,,,
L100713,2025-04-01,,,,,,,,,,
L100713,2025-05-01,,,,,,,,,,
L100713,2025-06-01,,,,,,,,,,
L100713,2025-07-01,,,,,,,,,,
L100717,2024-07-01,,,,,,,,,,
L100717,2024-08-01,,,,,,,,,,
L100717,2024-09-01,,,,,,,,,,
L100717,2024-10-01,,,,,,,,,,
L100717,2024-11-01,,,,,,,,,,
L100717,2024-12-01,,,,,,,,,,
L100717,2025-01-01,,,,,,,,,,
L100717,2025-02-01,,,,,,,,,,
L100717,2025-03-01,,,,,,,,,,
L100717,2025-04-01,,,,,,,,,,
L100717,2025-05-01,,,,,,,,,,
L100717,2025-06-01,,,,,,,,,,
L100717,2025-07-01,,,,,,,,,,
L100717,2025-08-01,,,,,,,,,,
L100717,2025-09-01,,,,,,,,,,
L100720,2024-07-01,,,,,,,,,,
L100720,2024-08-01,,,,,,,,,,
L100720,2024-09-01,,,,,,,,,,
L100720,2024-10-01,,,,,,,,,,
L100720,2024-11-01,,,,,,,,,,
L100720,2024-12-01,,,,,,,,,,
L100720,2025-01-01,,,,,,,,,,
L100720,2025-02-01,,,,,,,,,,
L100720,2025-03-01,,,,,,,,,,
L100720,2025-04-01,,,,,,,,,,
L100720,2025-05-01,,,,,,,,,,
L100720,2025-06-01,,,,,,,,,,
L100720,2025-07-01,,,,,,,,,,
L100720,2025-08-01,,,,,,,,,,
L100720,2025-09-01,,,,,,,,,,
L100720,2025-10-01,,,,,,,,,,
L100720,2025-11-01,,,,,,,,,,
L100720,2025-12-01,,,,,,,,,,
L100720,2026-01-01,,,,,,,,,,
L100720,2026-02-01,,,,,,,,,,
L100720,2026-03-01,,,,,,,,,,
L100721,2024-07-01,,,,,,,,,,
L100721,2024-08-01,,,,,,,,,,
L100721,2024-09-01,,,,,,,,,,
L100721,2024-10-01,,,,,,,,,,
L100721,2024-11-01,,,,,,,,,,
L100721,2024-12-01,,,,,,,,,,
L100721,2025-01-01,,,,,,,,,,
L100721,2025-02-01,,,,,,,,,,
L100721,2025-03-01,,,,,,,,,,
L100721,2025-04-01,,,,,,,,,,
L100721,2025-05-01,,,,,,,,,,
L100721,2025-06-01,,,,,,,,,,
L100721,2025-07-01,,,,,,,,,,
L100721,2025-08-01,,,,,,,,,,
L100721,2025-09-01,,,,,,,,,,
L100721,2025-10-01,,,,,,,,,,
L100721,2025-11-01,,,,,,,,,,
L100721,2025-12-01,,,,,,,,,,
L100721,2026-01-01,,,,,,,,,,
L100721,2026-02-01,,,,,,,,,,
L100721,2026-03-01,,,,,,,,,,
L100721,2026-04-01,,,,,,,,,,
L100724,2024-07-01,,,,,,,,,,
L100724,2024-08-01,,,,,,,,,,
L100724,2024-09-01,,,,,,,,,,
L100724,2024-10-01,,,,,,,,,,
L100724,2024-11-01,,,,,,,,,,
L100724,2024-12-01,,,,,,,,,,
L100724,2025-01-01,,,,,,,,,,
L100725,2024-07-01,,,,,,,,,,
L100725,2024-08-01,,,,,,,,,,
L100726,2024-07-01,,,,,,,,,,
L100726,2024-08-01,,,,,,,,,,
L100726,2024-09-01,,,,,,,,,,
L100726,2024-10-01,,,,,,,,,,
L100726,2024-11-01,,,,,,,,,,
L100726,2024-12-01,,,,,,,,,,
L100726,2025-01-01,,,,,,,,,,
L100726,2025-02-01,,,,,,,,,,
L100726,2025-03-01,,,,,,,,,,
L100726,2025-04-01,,,,,,,,,,
L100726,2025-05-01,,,,,,,,,,
L100726,2025-06-01,,,,,,,,,,
L100726,2025-07-01,,,,,,,,,,
L100726,2025-08-01,,,,,,,,,,
L100726,2025-09-01,,,,,,,,,,
L100726,2025-10-01,,,,,,,,,,
L100726,2025-11-01,,,,,,,,,,
L100726,2025-12-01,,,,,,,,,,
L100726,2026-01-01,,,,,,,,,,
L100726,2026-02-01,,,,,,,,,,
L100726,2026-03-01,,,,,,,,,,
L100726,2026-04-01,,,,,,,,,,
L100727,2024-07-01,,,,,,,,,,
L100727,2024-08-01,,,,,,,,,,
L100727,2024-09-01,,,,,,,,,,
L100727,2024-10-01,,,,,,,,,,
L100727,2024-11-01,,,,,,,,,,
L100727,2024-12-01,,,,,,,,,,
L100727,2025-01-01,,,,,,,,,,
L100727,2025-02-01,,,,,,,,,,
L100727,2025-03-01,,,,,,,,,,
L100727,2025-04-01,,,,,,,,,,
L100727,2025-05-01,,,,,,,,,,
L100727,2025-06-01,,,,,,,,,,
L100727,2025-07-01,,,,,,,,,,
L100727,2025-08-01,,,,,,,,,,
L100727,2025-09-01,,,,,,,,,,
L100727,2025-10-01,,,,,,,,,,
L100727,2025-11-01,,,,,,,,,,
L100727,2025-12-01,,,,,,,,,,
L100727,2026-01-01,,,,,,,,,,
L100729,2024-07-01,,,,,,,,,,
L100729,2024-08-01,,,,,,,,,,
L100729,2024-09-01,,,,,,,,,,
L100729,2024-10-01,,,,,,,,,,
L100729,2024-11-01,,,,,,,,,,
L100729,2024-12-01,,,,,,,,,,
L100729,2025-01-01,,,,,,,,,,
L100729,2025-02-01,,,,,,,,,,
L100729,2025-03-01,,,,,,,,,,
L100729,2025-04-01,,,,,,,,,,
L100729,2025-05-01,,,,,,,,,,
L100729,2025-06-01,,,,,,,,,,
L100729,2025-07-01,,,,,,,,,,
L100729,2025-08-01,,,,,,,,,,
L100729,2025-09-01,,,,,,,,,,
L100729,2025-10-01,,,,,,,,,,
L100729,2025-11-01,,,,,,,,,,
L100729,2025-12-01,,,,,,,,,,
L100729,2026-01-01,,,,,,,,,,
L100729,2026-02-01,,,,,,,,,,
L100729,2026-03-01,,,,,,,,,,
L100734,2024-07-01,,,,,,,,,,
L100734,2024-08-01,,,,,,,,,,
L100734,2024-09-01,,,,,,,,,,
L100734,2024-10-01,,,,,,,,,,
L100734,2024-11-01,,,,,,,,,,
L100734,2024-12-01,,,,,,,,,,
L100734,2025-01-01,,,,,,,,,,
L100734,2025-02-01,,,,,,,,,,
L100734,2025-03-01,,,,,,,,,,
L100734,2025-04-01,,,,,,,,,,
L100734,2025-05-01,,,,,,,,,,
L100734,2025-06-01,,,,,,,,,,
L100734,2025-07-01,,,,,,,,,,
L100734,2025-08-01,,,,,,,,,,
L100734,2025-09-01,,,,,,,,,,
L100734,2025-10-01,,,,,,,,,,
L100734,2025-11-01,,,,,,,,,,
L100734,2025-12-01,,,,,,,,,,
L100734,2026-01-01,,,,,,,,,,
L100744,2024-07-01,,,,,,,,,,
L100744,2024-08-01,,,,,,,,,,
L100744,2024-09-01,,,,,,,,,,
L100744,2024-10-01,,,,,,,,,,
L100746,2024-07-01,,,,,,,,,,
L100746,2024-08-01,,,,,,,,,,
L100746,2024-09-01,,,,,,,,,,
L100746,2024-10-01,,,,,,,,,,
L100746,2024-11-01,,,,,,,,,,
L100746,2024-12-01,,,,,,,,,,
L100746,2025-01-01,,,,,,,,,,
L100746,2025-02-01,,,,,,,,,,
L100746,2025-03-01,,,,,,,,,,
L100752,2024-07-01,,,,,,,,,,
L100752,2024-08-01,,,,,,,,,,
L100752,2024-09-01,,,,,,,,,,
L100752,2024-10-01,,,,,,,,,,
L100752,2024-11-01,,,,,,,,,,
L100752,2024-12-01,,,,,,,,,,
L100752,2025-01-01,,,,,,,,,,
L100752,2025-02-01,,,,,,,,,,
L100752,2025-03-01,,,,,,,,,,
L100753,2024-07-01,,,,,,,,,,
L100753,2024-08-01,,,,,,,,,,
L100753,2024-09-01,,,,,,,,,,
L100753,2024-10-01,,,,,,,,,,
L100753,2024-11-01,,,,,,,,,,
L100753,2024-12-01,,,,,,,,,,
L100753,2025-01-01,,,,,,,,,,
L100753,2025-02-01,,,,,,,,,,
L100753,2025-03-01,,,,,,,,,,
L100753,2025-04-01,,,,,,,,,,
L100753,2025-05-01,,,,,,,,,,
L100753,2025-06-01,,,,,,,,,,
L100753,2025-07-01,,,,,,,,,,
L100753,2025-08-01,,,,,,,,,,
L100753,2025-09-01,,,,,,,,,,
L100753,2025-10-01,,,,,,,,,,
L100753,2025-11-01,,,,,,,,,,
L100753,2025-12-01,,,,,,,,,,
L100753,2026-01-01,,,,,,,,,,
L100753,2026-02-01,,,,,,,,,,
L100753,2026-03-01,,,,,,,,,,
L100753,2026-04-01,,,,,,,,,,
L100753,2026-05-01,,,,,,,,,,
L100756,2024-07-01,,,,,,,,,,
L100756,2024-08-01,,,,,,,,,,
L100756,2024-09-01,,,,,,,,,,
L100756,2024-10-01,,,,,,,,,,
L100756,2024-11-01,,,,,,,,,,
L100757,2024-07-01,,,,,,,,,,
L100757,2024-08-01,,,,,,,,,,
L100757,2024-09-01,,,,,,,,,,
L100757,2024-10-01,,,,,,,,,,
L100757,2024-11-01,,,,,,,,,,
L100757,2024-12-01,,,,,,,,,,
L100757,2025-01-01,,,,,,,,,,
L100757,2025-02-01,,,,,,,,,,
L100757,2025-03-01,,,,,,,,,,
L100757,2025-04-01,,,,,,,,,,
L100757,2025-05-01,,,,,,,,,,
L100757,2025-06-01,,,,,,,,,,
L100757,2025-07-01,,,,,,,,,,
L100757,2025-08-01,,,,,,,,,,
L100757,2025-09-01,,,,,,,,,,
L100758,2024-07-01,,,,,,,,,,
L100758,2024-08-01,,,,,,,,,,
L100758,2024-09-01,,,,,,,,,,
L100758,2024-10-01,,,,,,,,,,
L100758,2024-11-01,,,,,,,,,,
L100758,2024-12-01,,,,,,,,,,
L100759,2024-07-01,,,,,,,,,,
L100759,2024-08-01,,,,,,,,,,
L100759,2024-09-01,,,,,,,,,,
L100759,2024-10-01,,,,,,,,,,
L100759,2024-11-01,,,,,,,,,,
L100759,2024-12-01,,,,,,,,,,
L100759,2025-01-01,,,,,,,,,,
L100759,2025-02-01,,,,,,,,,,
L100759,2025-03-01,,,,,,,,,,
L100759,2025-04-01,,,,,,,,,,
L100759,2025-05-01,,,,,,,,,,
L100759,2025-06-01,,,,,,,,,,
L100759,2025-07-01,,,,,,,,,,
L100759,2025-08-01,,,,,,,,,,
L100759,2025-09-01,,,,,,,,,,
L100759,2025-10-01,,,,,,,,,,
L100759,2025-11-01,,,,,,,,,,
L100759,2025-12-01,,,,,,,,,,
L100759,2026-01-01,,,,,,,,,,
L100759,2026-02-01,,,,,,,,,,
L100759,2026-03-01,,,,,,,,,,
L100759,2026-04-01,,,,,,,,,,
L100759,2026-05-01,,,,,,,,,,
L100762,2024-07-01,,,,,,,,,,
L100762,2024-08-01,,,,,,,,,,
L100762,2024-09-01,,,,,,,,,,
L100762,2024-10-01,,,,,,,,,,
L100762,2024-11-01,,,,,,,,,,
L100762,2024-12-01,,,,,,,,,,
L100762,2025-01-01,,,,,,,,,,
L100762,2025-02-01,,,,,,,,,,
L100763,2024-07-01,,,,,,,,,,
L100763,2024-08-01,,,,,,,,,,
L100763,2024-09-01,,,,,,,,,,
L100763,2024-10-01,,,,,,,,,,
L100763,2024-11-01,,,,,,,,,,
L100763,2024-12-01,,,,,,,,,,
L100766,2024-07-01,,,,,,,,,,
L100766,2024-08-01,,,,,,,,,,
L100766,2024-09-01,,,,,,,,,,
L100766,2024-10-01,,,,,,,,,,
L100766,2024-11-01,,,,,,,,,,
L100766,2024-12-01,,,,,,,,,,
L100766,2025-01-01,,,,,,,,,,
L100766,2025-02-01,,,,,,,,,,
L100771,2024-07-01,,,,,,,,,,
L100773,2024-07-01,,,,,,,,,,
L100773,2024-08-01,,,,,,,,,,
L100773,2024-09-01,,,,,,,,,,
L100773,2024-10-01,,,,,,,,,,
L100773,2024-11-01,,,,,,,,,,
L100773,2024-12-01,,,,,,,,,,
L100773,2025-01-01,,,,,,,,,,
L100773,2025-02-01,,,,,,,,,,
L100773,2025-03-01,,,,,,,,,,
L100779,2024-07-01,,,,,,,,,,
L100779,2024-08-01,,,,,,,,,,
L100779,2024-09-01,,,,,,,,,,
L100779,2024-10-01,,,,,,,,,,
L100779,2024-11-01,,,,,,,,,,
L100779,2024-12-01,,,,,,,,,,
L100779,2025-01-01,,,,,,,,,,
L100779,2025-02-01,,,,,,,,,,
L100779,2025-03-01,,,,,,,,,,
L100780,2024-07-01,,,,,,,,,,
L100780,2024-08-01,,,,,,,,,,
L100782,2024-07-01,,,,,,,,,,
L100782,2024-08-01,,,,,,,,,,
L100782,2024-09-01,,,,,,,,,,
L100782,2024-10-01,,,,,,,,,,
L100782,2024-11-01,,,,,,,,,,
L100782,2024-12-01,,,,,,,,,,
L100782,2025-01-01,,,,,,,,,,
L100782,2025-02-01,,,,,,,,,,
L100782,2025-03-01,,,,,,,,,,
L100787,2024-07-01,,,,,,,,,,
L100787,2024-08-01,,,,,,,,,,
L100790,2024-07-01,,,,,,,,,,
L100790,2024-08-01,,,,,,,,,,
L100790,2024-09-01,,,,,,,,,,
L100790,2024-10-01,,,,,,,,,,
L100790,2024-11-01,,,,,,,,,,
L100790,2024-12-01,,,,,,,,,,
L100790,2025-01-01,,,,,,,,,,
L100790,2025-02-01,,,,,,,,,,
L100790,2025-03-01,,,,,,,,,,
L100790,2025-04-01,,,,,,,,,,
L100792,2024-07-01,,,,,,,,,,
L100792,2024-08-01,,,,,,,,,,
L100794,2024-07-01,,,,,,,,,,
L100794,2024-08-01,,,,,,,,,,
L100794,2024-09-01,,,,,,,,,,
L100794,2024-10-01,,,,,,,,,,
L100794,2024-11-01,,,,,,,,,,
L100794,2024-12-01,,,,,,,,,,
L100794,2025-01-01,,,,,,,,,,
L100794,2025-02-01,,,,,,,,,,
L100794,2025-03-01,,,,,,,,,,
L100794,2025-04-01,,,,,,,,,,
L100794,2025-05-01,,,,,,,,,,
L100794,2025-06-01,,,,,,,,,,
L100794,2025-07-01,,,,,,,,,,
L100794,2025-08-01,,,,,,,,,,
L100794,2025-09-01,,,,,,,,,,
L100794,2025-10-01,,,,,,,,,,
L100794,2025-11-01,,,,,,,,,,
L100804,2024-07-01,,,,,,,,,,
L100804,2024-08-01,,,,,,,,,,
L100804,2024-09-01,,,,,,,,,,
L100804,2024-10-01,,,,,,,,,,
L100804,2024-11-01,,,,,,,,,,
L100804,2024-12-01,,,,,,,,,,
L100804,2025-01-01,,,,,,,,,,
L100804,2025-02-01,,,,,,,,,,
L100804,2025-03-01,,,,,,,,,,
L100804,2025-04-01,,,,,,,,,,
L100804,2025-05-01,,,,,,,,,,
L100804,2025-06-01,,,,,,,,,,
L100804,2025-07-01,,,,,,,,,,
L100804,2025-08-01,,,,,,,,,,
L100804,2025-09-01,,,,,,,,,,
L100804,2025-10-01,,,,,,,,,,
L100804,2025-11-01,,,,,,,,,,
L100804,2025-12-01,,,,,,,,,,
L100804,2026-01-01,,,,,,,,,,
L100804,2026-02-01,,,,,,,,,,
L100804,2026-03-01,,,,,,,,,,
L100804,2026-04-01,,,,,,,,,,
L100808,2024-07-01,,,,,,,,,,
L100808,2024-08-01,,,,,,,,,,
L100808,2024-09-01,,,,,,,,,,
L100808,2024-10-01,,,,,,,,,,
L100808,2024-11-01,,,,,,,,,,
L100808,2024-12-01,,,,,,,,,,
L100818,2024-07-01,,,,,,,,,,
L100819,2024-07-01,,,,,,,,,,
L100819,2024-08-01,,,,,,,,,,
L100819,2024-09-01,,,,,,,,,,
L100819,2024-10-01,,,,,,,,,,
L100819,2024-11-01,,,,,,,,,,
L100819,2024-12-01,,,,,,,,,,
L100819,2025-01-01,,,,,,,,,,
L100819,2025-02-01,,,,,,,,,,
L100827,2024-07-01,,,,,,,,,,
L100827,2024-08-01,,,,,,,,,,
L100827,2024-09-01,,,,,,,,,,
L100827,2024-10-01,,,,,,,,,,
L100827,2024-11-01,,,,,,,,,,
L100827,2024-12-01,,,,,,,,,,
L100827,2025-01-01,,,,,,,,,,
L100827,2025-02-01,,,,,,,,,,
L100827,2025-03-01,,,,,,,,,,
L100829,2024-07-01,,,,,,,,,,
L100829,2024-08-01,,,,,,,,,,
L100829,2024-09-01,,,,,,,,,,
L100829,2024-10-01,,,,,,,,,,
L100829,2024-11-01,,,,,,,,,,
L100829,2024-12-01,,,,,,,,,,
L100829,2025-01-01,,,,,,,,,,
L100829,2025-02-01,,,,,,,,,,
L100829,2025-03-01,,,,,,,,,,
L100829,2025-04-01,,,,,,,,,,
L100829,2025-05-01,,,,,,,,,,
L100841,2024-07-01,,,,,,,,,,
L100841,2024-08-01,,,,,,,,,,
L100841,2024-09-01,,,,,,,,,,
L100841,2024-10-01,,,,,,,,,,
L100841,2024-11-01,,,,,,,,,,
L100841,2024-12-01,,,,,,,,,,
L100841,2025-01-01,,,,,,,,,,
L100841,2025-02-01,,,,,,,,,,
L100841,2025-03-01,,,,,,,,,,
L100841,2025-04-01,,,,,,,,,,
L100841,2025-05-01,,,,,,,,,,
L100841,2025-06-01,,,,,,,,,,
L100841,2025-07-01,,,,,,,,,,
L100841,2025-08-01,,,,,,,,,,
L100841,2025-09-01,,,,,,,,,,
L100841,2025-10-01,,,,,,,,,,
L100841,2025-11-01,,,,,,,,,,
L100848,2024-07-01,,,,,,,,,,
L100848,2024-08-01,,,,,,,,,,
L100848,2024-09-01,,,,,,,,,,
L100848,2024-10-01,,,,,,,,,,
L100848,2024-11-01,,,,,,,,,,
L100848,2024-12-01,,,,,,,,,,
L100848,2025-01-01,,,,,,,,,,
L100848,2025-02-01,,,,,,,,,,
L100848,2025-03-01,,,,,,,,,,
L100848,2025-04-01,,,,,,,,,,
L100848,2025-05-01,,,,,,,,,,
L100851,2024-07-01,,,,,,,,,,
L100851,2024-08-01,,,,,,,,,,
L100851,2024-09-01,,,,,,,,,,
L100854,2024-07-01,,,,,,,,,,
L100854,2024-08-01,,,,,,,,,,
L100854,2024-09-01,,,,,,,,,,
L100854,2024-10-01,,,,,,,,,,
L100854,2024-11-01,,,,,,,,,,
L100854,2024-12-01,,,,,,,,,,
L100854,2025-01-01,,,,,,,,,,
L100854,2025-02-01,,,,,,,,,,
L100854,2025-03-01,,,,,,,,,,
L100854,2025-04-01,,,,,,,,,,
L100854,2025-05-01,,,,,,,,,,
L100854,2025-06-01,,,,,,,,,,
L100854,2025-07-01,,,,,,,,,,
L100854,2025-08-01,,,,,,,,,,
L100858,2024-07-01,,,,,,,,,,
L100858,2024-08-01,,,,,,,,,,
L100858,2024-09-01,,,,,,,,,,
L100858,2024-10-01,,,,,,,,,,
L100858,2024-11-01,,,,,,,,,,
L100858,2024-12-01,,,,,,,,,,
L100858,2025-01-01,,,,,,,,,,
L100858,2025-02-01,,,,,,,,,,
L100858,2025-03-01,,,,,,,,,,
L100858,2025-04-01,,,,,,,,,,
L100858,2025-05-01,,,,,,,,,,
L100858,2025-06-01,,,,,,,,,,
L100858,2025-07-01,,,,,,,,,,
L100858,2025-08-01,,,,,,,,,,
L100858,2025-09-01,,,,,,,,,,
L100858,2025-10-01,,,,,,,,,,
L100858,2025-11-01,,,,,,,,,,
L100858,2025-12-01,,,,,,,,,,
L100858,2026-01-01,,,,,,,,,,
L100863,2024-07-01,,,,,,,,,,
L100863,2024-08-01,,,,,,,,,,
L100863,2024-09-01,,,,,,,,,,
L100863,2024-10-01,,,,,,,,,,
L100863,2024-11-01,,,,,,,,,,
L100863,2024-12-01,,,,,,,,,,
L100863,2025-01-01,,,,,,,,,,
L100863,2025-02-01,,,,,,,,,,
L100863,2025-03-01,,,,,,,,,,
L100863,2025-04-01,,,,,,,,,,
L100863,2025-05-01,,,,,,,,,,
L100863,2025-06-01,,,,,,,,,,
L100863,2025-07-01,,,,,,,,,,
L100863,2025-08-01,,,,,,,,,,
L100863,2025-09-01,,,,,,,,,,
L100863,2025-10-01,,,,,,,,,,
L100863,2025-11-01,,,,,,,,,,
L100863,2025-12-01,,,,,,,,,,
L100863,2026-01-01,,,,,,,,,,
L100863,2026-02-01,,,,,,,,,,
L100863,2026-03-01,,,,,,,,,,
L100863,2026-04-01,,,,,,,,,,
L100863,2026-05-01,,,,,,,,,,
L100865,2024-07-01,,,,,,,,,,
L100865,2024-08-01,,,,,,,,,,
L100865,2024-09-01,,,,,,,,,,
L100865,2024-10-01,,,,,,,,,,
L100865,2024-11-01,,,,,,,,,,
L100865,2024-12-01,,,,,,,,,,
L100865,2025-01-01,,,,,,,,,,
L100865,2025-02-01,,,,,,,,,,
L100865,2025-03-01,,,,,,,,,,
L100865,2025-04-01,,,,,,,,,,
L100865,2025-05-01,,,,,,,,,,
L100865,2025-06-01,,,,,,,,,,
L100865,2025-07-01,,,,,,,,,,
L100865,2025-08-01,,,,,,,,,,
L100865,2025-09-01,,,,,,,,,,
L100873,2024-07-01,,,,,,,,,,
L100873,2024-08-01,,,,,,,,,,
L100873,2024-09-01,,,,,,,,,,
L100873,2024-10-01,,,,,,,,,,
L100873,2024-11-01,,,,,,,,,,
L100873,2024-12-01,,,,,,,,,,
L100874,2024-07-01,,,,,,,,,,
L100874,2024-08-01,,,,,,,,,,
L100874,2024-09-01,,,,,,,,,,
L100874,2024-10-01,,,,,,,,,,
L100874,2024-11-01,,,,,,,,,,
L100874,2024-12-01,,,,,,,,,,
L100887,2024-07-01,,,,,,,,,,
L100887,2024-08-01,,,,,,,,,,
L100887,2024-09-01,,,,,,,,,,
L100887,2024-10-01,,,,,,,,,,
L100887,2024-11-01,,,,,,,,,,
L100887,2024-12-01,,,,,,,,,,
L100887,2025-01-01,,,,,,,,,,
L100887,2025-02-01,,,,,,,,,,
L100890,2024-07-01,,,,,,,,,,
L100890,2024-08-01,,,,,,,,,,
L100890,2024-09-01,,,,,,,,,,
L100890,2024-10-01,,,,,,,,,,
L100890,2024-11-01,,,,,,,,,,
L100890,2024-12-01,,,,,,,,,,
L100890,2025-01-01,,,,,,,,,,
L100890,2025-02-01,,,,,,,,,,
L100890,2025-03-01,,,,,,,,,,
L100892,2024-07-01,,,,,,,,,,
L100892,2024-08-01,,,,,,,,,,
L100892,2024-09-01,,,,,,,,,,
L100892,2024-10-01,,,,,,,,,,
L100892,2024-11-01,,,,,,,,,,
L100892,2024-12-01,,,,,,,,,,
L100892,2025-01-01,,,,,,,,,,
L100892,2025-02-01,,,,,,,,,,
L100895,2024-07-01,,,,,,,,,,
L100895,2024-08-01,,,,,,,,,,
L100895,2024-09-01,,,,,,,,,,
L100895,2024-10-01,,,,,,,,,,
L100895,2024-11-01,,,,,,,,,,
L100895,2024-12-01,,,,,,,,,,
L100895,2025-01-01,,,,,,,,,,
L100899,2024-07-01,,,,,,,,,,
L100899,2024-08-01,,,,,,,,,,
L100899,2024-09-01,,,,,,,,,,
L100899,2024-10-01,,,,,,,,,,
L100899,2024-11-01,,,,,,,,,,
L100899,2024-12-01,,,,,,,,,,
L100899,2025-01-01,,,,,,,,,,
L100899,2025-02-01,,,,,,,,,,
L100899,2025-03-01,,,,,,,,,,
L100899,2025-04-01,,,,,,,,,,
L100899,2025-05-01,,,,,,,,,,
L100899,2025-06-01,,,,,,,,,,
L100899,2025-07-01,,,,,,,,,,
L100899,2025-08-01,,,,,,,,,,
L100899,2025-09-01,,,,,,,,,,
L100899,2025-10-01,,,,,,,,,,
L100899,2025-11-01,,,,,,,,,,
L100905,2024-07-01,,,,,,,,,,
L100905,2024-08-01,,,,,,,,,,
L100906,2024-07-01,,,,,,,,,,
L100906,2024-08-01,,,,,,,,,,
L100906,2024-09-01,,,,,,,,,,
L100906,2024-10-01,,,,,,,,,,
L100906,2024-11-01,,,,,,,,,,
L100906,2024-12-01,,,,,,,,,,
L100906,2025-01-01,,,,,,,,,,
L100906,2025-02-01,,,,,,,,,,
L100906,2025-03-01,,,,,,,,,,
L100906,2025-04-01,,,,,,,,,,
L100906,2025-05-01,,,,,,,,,,
L100906,2025-06-01,,,,,,,,,,
L100908,2024-07-01,,,,,,,,,,
L100908,2024-08-01,,,,,,,,,,
L100908,2024-09-01,,,,,,,,,,
L100908,2024-10-01,,,,,,,,,,
L100908,2024-11-01,,,,,,,,,,
L100908,2024-12-01,,,,,,,,,,
L100908,2025-01-01,,,,,,,,,,
L100908,2025-02-01,,,,,,,,,,
L100908,2025-03-01,,,,,,,,,,
L100908,2025-04-01,,,,,,,,,,
L100908,2025-05-01,,,,,,,,,,
L100908,2025-06-01,,,,,,,,,,
L100908,2025-07-01,,,,,,,,,,
L100908,2025-08-01,,,,,,,,,,
L100910,2024-07-01,,,,,,,,,,
L100910,2024-08-01,,,,,,,,,,
L100910,2024-09-01,,,,,,,,,,
L100910,2024-10-01,,,,,,,,,,
L100910,2024-11-01,,,,,,,,,,
L100910,2024-12-01,,,,,,,,,,
L100910,2025-01-01,,,,,,,,,,
L100910,2025-02-01,,,,,,,,,,
L100910,2025-03-01,,,,,,,,,,
L100910,2025-04-01,,,,,,,,,,
L100910,2025-05-01,,,,,,,,,,
L100910,2025-06-01,,,,,,,,,,
L100910,2025-07-01,,,,,,,,,,
L100910,2025-08-01,,,,,,,,,,
L100910,2025-09-01,,,,,,,,,,
L100910,2025-10-01,,,,,,,,,,
L100910,2025-11-01,,,,,,,,,,
L100910,2025-12-01,,,,,,,,,,
L100920,2024-07-01,,,,,,,,,,
L100921,2024-07-01,,,,,,,,,,
L100921,2024-08-01,,,,,,,,,,
L100921,2024-09-01,,,,,,,,,,
L100921,2024-10-01,,,,,,,,,,
L100921,2024-11-01,,,,,,,,,,
L100921,2024-12-01,,,,,,,,,,
L100921,2025-01-01,,,,,,,,,,
L100921,2025-02-01,,,,,,,,,,
L100921,2025-03-01,,,,,,,,,,
L100921,2025-04-01,,,,,,,,,,
L100921,2025-05-01,,,,,,,,,,
L100923,2024-07-01,,,,,,,,,,
L100923,2024-08-01,,,,,,,,,,
L100923,2024-09-01,,,,,,,,,,
L100923,2024-10-01,,,,,,,,,,
L100923,2024-11-01,,,,,,,,,,
L100923,2024-12-01,,,,,,,,,,
L100923,2025-01-01,,,,,,,,,,
L100923,2025-02-01,,,,,,,,,,
L100923,2025-03-01,,,,,,,,,,
L100923,2025-04-01,,,,,,,,,,
L100923,2025-05-01,,,,,,,,,,
L100924,2024-07-01,,,,,,,,,,
L100924,2024-08-01,,,,,,,,,,
L100924,2024-09-01,,,,,,,,,,
L100924,2024-10-01,,,,,,,,,,
L100924,2024-11-01,,,,,,,,,,
L100924,2024-12-01,,,,,,,,,,
L100924,2025-01-01,,,,,,,,,,
L100924,2025-02-01,,,,,,,,,,
L100924,2025-03-01,,,,,,,,,,
L100924,2025-04-01,,,,,,,,,,
L100924,2025-05-01,,,,,,,,,,
L100924,2025-06-01,,,,,,,,,,
L100924,2025-07-01,,,,,,,,,,
L100924,2025-08-01,,,,,,,,,,
L100924,2025-09-01,,,,,,,,,,
L100924,2025-10-01,,,,,,,,,,
L100924,2025-11-01,,,,,,,,,,
L100924,2025-12-01,,,,,,,,,,
L100924,2026-01-01,,,,,,,,,,
L100924,2026-02-01,,,,,,,,,,
L100924,2026-03-01,,,,,,,,,,
L100924,2026-04-01,,,,,,,,,,
L100924,2026-05-01,,,,,,,,,,
L100927,2024-07-01,,,,,,,,,,
L100927,2024-08-01,,,,,,,,,,
L100927,2024-09-01,,,,,,,,,,
L100927,2024-10-01,,,,,,,,,,
L100927,2024-11-01,,,,,,,,,,
L100927,2024-12-01,,,,,,,,,,
L100927,2025-01-01,,,,,,,,,,
L100927,2025-02-01,,,,,,,,,,
L100927,2025-03-01,,,,,,,,,,
L100927,2025-04-01,,,,,,,,,,
L100927,2025-05-01,,,,,,,,,,
L100927,2025-06-01,,,,,,,,,,
L100927,2025-07-01,,,,,,,,,,
L100927,2025-08-01,,,,,,,,,,
L100927,2025-09-01,,,,,,,,,,
L100927,2025-10-01,,,,,,,,,,
L100927,2025-11-01,,,,,,,,,,
L100927,2025-12-01,,,,,,,,,,
L100927,2026-01-01,,,,,,,,,,
L100927,2026-02-01,,,,,,,,,,
L100927,2026-03-01,,,,,,,,,,
L100927,2026-04-01,,,,,,,,,,
L100928,2024-07-01,,,,,,,,,,
L100928,2024-08-01,,,,,,,,,,
L100928,2024-09-01,,,,,,,,,,
L100928,2024-10-01,,,,,,,,,,
L100928,2024-11-01,,,,,,,,,,
L100928,2024-12-01,,,,,,,,,,
L100928,2025-01-01,,,,,,,,,,
L100928,2025-02-01,,,,,,,,,,
L100928,2025-03-01,,,,,,,,,,
L100928,2025-04-01,,,,,,,,,,
L100928,2025-05-01,,,,,,,,,,
L100930,2024-07-01,,,,,,,,,,
L100930,2024-08-01,,,,,,,,,,
L100930,2024-09-01,,,,,,,,,,
L100930,2024-10-01,,,,,,,,,,
L100930,2024-11-01,,,,,,,,,,
L100930,2024-12-01,,,,,,,,,,
L100930,2025-01-01,,,,,,,,,,
L100930,2025-02-01,,,,,,,,,,
L100930,2025-03-01,,,,,,,,,,
L100930,2025-04-01,,,,,,,,,,
L100930,2025-05-01,,,,,,,,,,
L100930,2025-06-01,,,,,,,,,,
L100930,2025-07-01,,,,,,,,,,
L100930,2025-08-01,,,,,,,,,,
L100930,2025-09-01,,,,,,,,,,
L100933,2024-07-01,,,,,,,,,,
L100933,2024-08-01,,,,,,,,,,
L100933,2024-09-01,,,,,,,,,,
L100933,2024-10-01,,,,,,,,,,
L100933,2024-11-01,,,,,,,,,,
L100933,2024-12-01,,,,,,,,,,
L100933,2025-01-01,,,,,,,,,,
L100933,2025-02-01,,,,,,,,,,
L100933,2025-03-01,,,,,,,,,,
L100933,2025-04-01,,,,,,,,,,
L100933,2025-05-01,,,,,,,,,,
L100933,2025-06-01,,,,,,,,,,
L100933,2025-07-01,,,,,,,,,,
L100933,2025-08-01,,,,,,,,,,
L100933,2025-09-01,,,,,,,,,,
L100933,2025-10-01,,,,,,,,,,
L100933,2025-11-01,,,,,,,,,,
L100933,2025-12-01,,,,,,,,,,
L100933,2026-01-01,,,,,,,,,,
L100933,2026-02-01,,,,,,,,,,
L100933,2026-03-01,,,,,,,,,,
L100933,2026-04-01,,,,,,,,,,
L100936,2024-07-01,,,,,,,,,,
L100936,2024-08-01,,,,,,,,,,
L100936,2024-09-01,,,,,,,,,,
L100936,2024-10-01,,,,,,,,,,
L100936,2024-11-01,,,,,,,,,,
L100936,2024-12-01,,,,,,,,,,
L100936,2025-01-01,,,,,,,,,,
L100938,2024-07-01,,,,,,,,,,
L100938,2024-08-01,,,,,,,,,,
L100938,2024-09-01,,,,,,,,,,
L100938,2024-10-01,,,,,,,,,,
L100938,2024-11-01,,,,,,,,,,
L100938,2024-12-01,,,,,,,,,,
L100938,2025-01-01,,,,,,,,,,
L100938,2025-02-01,,,,,,,,,,
L100938,2025-03-01,,,,,,,,,,
L100938,2025-04-01,,,,,,,,,,
L100938,2025-05-01,,,,,,,,,,
L100938,2025-06-01,,,,,,,,,,
L100938,2025-07-01,,,,,,,,,,
L100938,2025-08-01,,,,,,,,,,
L100938,2025-09-01,,,,,,,,,,
L100938,2025-10-01,,,,,,,,,,
L100938,2025-11-01,,,,,,,,,,
L100938,2025-12-01,,,,,,,,,,
L100938,2026-01-01,,,,,,,,,,
L100944,2024-07-01,,,,,,,,,,
L100944,2024-08-01,,,,,,,,,,
L100944,2024-09-01,,,,,,,,,,
L100944,2024-10-01,,,,,,,,,,
L100944,2024-11-01,,,,,,,,,,
L100944,2024-12-01,,,,,,,,,,
L100944,2025-01-01,,,,,,,,,,
L100944,2025-02-01,,,,,,,,,,
L100944,2025-03-01,,,,,,,,,,
L100944,2025-04-01,,,,,,,,,,
L100944,2025-05-01,,,,,,,,,,
L100944,2025-06-01,,,,,,,,,,
L100944,2025-07-01,,,,,,,,,,
L100944,2025-08-01,,,,,,,,,,
L100944,2025-09-01,,,,,,,,,,
L100944,2025-10-01,,,,,,,,,,
L100944,2025-11-01,,,,,,,,,,
L100956,2024-07-01,,,,,,,,,,
L100956,2024-08-01,,,,,,,,,,
L100956,2024-09-01,,,,,,,,,,
L100956,2024-10-01,,,,,,,,,,
L100956,2024-11-01,,,,,,,,,,
L100957,2024-07-01,,,,,,,,,,
L100957,2024-08-01,,,,,,,,,,
L100957,2024-09-01,,,,,,,,,,
L100957,2024-10-01,,,,,,,,,,
L100957,2024-11-01,,,,,,,,,,
L100957,2024-12-01,,,,,,,,,,
L100957,2025-01-01,,,,,,,,,,
L100957,2025-02-01,,,,,,,,,,
L100957,2025-03-01,,,,,,,,,,
L100957,2025-04-01,,,,,,,,,,
L100957,2025-05-01,,,,,,,,,,
L100957,2025-06-01,,,,,,,,,,
L100957,2025-07-01,,,,,,,,,,
L100957,2025-08-01,,,,,,,,,,
L100957,2025-09-01,,,,,,,,,,
L100957,2025-10-01,,,,,,,,,,
L100957,2025-11-01,,,,,,,,,,
L100961,2024-07-01,,,,,,,,,,
L100961,2024-08-01,,,,,,,,,,
L100961,2024-09-01,,,,,,,,,,
L100964,2024-07-01,,,,,,,,,,
L100964,2024-08-01,,,,,,,,,,
L100964,2024-09-01,,,,,,,,,,
L100964,2024-10-01,,,,,,,,,,
L100964,2024-11-01,,,,,,,,,,
L100964,2024-12-01,,,,,,,,,,
L100964,2025-01-01,,,,,,,,,,
L100964,2025-02-01,,,,,,,,,,
L100964,2025-03-01,,,,,,,,,,
L100964,2025-04-01,,,,,,,,,,
L100964,2025-05-01,,,,,,,,,,
L100964,2025-06-01,,,,,,,,,,
L100964,2025-07-01,,,,,,,,,,
L100964,2025-08-01,,,,,,,,,,
L100964,2025-09-01,,,,,,,,,,
L100966,2024-07-01,,,,,,,,,,
L100966,2024-08-01,,,,,,,,,,
L100966,2024-09-01,,,,,,,,,,
L100966,2024-10-01,,,,,,,,,,
L100968,2024-07-01,,,,,,,,,,
L100968,2024-08-01,,,,,,,,,,
L100968,2024-09-01,,,,,,,,,,
L100968,2024-10-01,,,,,,,,,,
L100968,2024-11-01,,,,,,,,,,
L100979,2024-07-01,,,,,,,,,,
L100979,2024-08-01,,,,,,,,,,
L100979,2024-09-01,,,,,,,,,,
L100979,2024-10-01,,,,,,,,,,
L100979,2024-11-01,,,,,,,,,,
L100979,2024-12-01,,,,,,,,,,
L100979,2025-01-01,,,,,,,,,,
L100979,2025-02-01,,,,,,,,,,
L100979,2025-03-01,,,,,,,,,,
L100979,2025-04-01,,,,,,,,,,
L100979,2025-05-01,,,,,,,,,,
L100979,2025-06-01,,,,,,,,,,
L100981,2024-07-01,,,,,,,,,,
L100981,2024-08-01,,,,,,,,,,
L100981,2024-09-01,,,,,,,,,,
L100981,2024-10-01,,,,,,,,,,
L100981,2024-11-01,,,,,,,,,,
L100981,2024-12-01,,,,,,,,,,
L100981,2025-01-01,,,,,,,,,,
L100982,2024-07-01,,,,,,,,,,
L100982,2024-08-01,,,,,,,,,,
L100982,2024-09-01,,,,,,,,,,
L100982,2024-10-01,,,,,,,,,,
L100982,2024-11-01,,,,,,,,,,
L100982,2024-12-01,,,,,,,,,,
L100982,2025-01-01,,,,,,,,,,
L100982,2025-02-01,,,,,,,,,,
L100982,2025-03-01,,,,,,,,,,
L100982,2025-04-01,,,,,,,,,,
L100982,2025-05-01,,,,,,,,,,
L100982,2025-06-01,,,,,,,,,,
L100982,2025-07-01,,,,,,,,,,
L100982,2025-08-01,,,,,,,,,,
L100982,2025-09-01,,,,,,,,,,
L100982,2025-10-01,,,,,,,,,,
L100982,2025-11-01,,,,,,,,,,
L100982,2025-12-01,,,,,,,,,,
L100982,2026-01-01,,,,,,,,,,
L100983,2024-07-01,,,,,,,,,,
L100983,2024-08-01,,,,,,,,,,
L100983,2024-09-01,,,,,,,,,,
L100983,2024-10-01,,,,,,,,,,
L100983,2024-11-01,,,,,,,,,,
L100983,2024-12-01,,,,,,,,,,
L100983,2025-01-01,,,,,,,,,,
L100983,2025-02-01,,,,,,,,,,
L100983,2025-03-01,,,,,,,,,,
L100983,2025-04-01,,,,,,,,,,
L100983,2025-05-01,,,,,,,,,,
L100983,2025-06-01,,,,,,,,,,
L100983,2025-07-01,,,,,,,,,,
L100984,2024-07-01,,,,,,,,,,
L100984,2024-08-01,,,,,,,,,,
L100984,2024-09-01,,,,,,,,,,
L100984,2024-10-01,,,,,,,,,,
L100984,2024-11-01,,,,,,,,,,
L100984,2024-12-01,,,,,,,,,,
L100984,2025-01-01,,,,,,,,,,
L100984,2025-02-01,,,,,,,,,,
L100984,2025-03-01,,,,,,,,,,
L100984,2025-04-01,,,,,,,,,,
L100992,2024-07-01,,,,,,,,,,
L100992,2024-08-01,,,,,,,,,,
L100992,2024-09-01,,,,,,,,,,
L100992,2024-10-01,,,,,,,,,,
L100992,2024-11-01,,,,,,,,,,
L100992,2024-12-01,,,,,,,,,,
L100992,2025-01-01,,,,,,,,,,
L100992,2025-02-01,,,,,,,,,,
L100992,2025-03-01,,,,,,,,,,
L100992,2025-04-01,,,,,,,,,,
L100992,2025-05-01,,,,,,,,,,
L100992,2025-06-01,,,,,,,,,,
L100992,2025-07-01,,,,,,,,,,
L100994,2024-07-01,,,,,,,,,,
L100994,2024-08-01,,,,,,,,,,
L100994,2024-09-01,,,,,,,,,,
L100995,2024-07-01,,,,,,,,,,
L100995,2024-08-01,,,,,,,,,,
L100995,2024-09-01,,,,,,,,,,
L100995,2024-10-01,,,,,,,,,,
L100995,2024-11-01,,,,,,,,,,
L100995,2024-12-01,,,,,,,,,,
L101005,2024-07-01,,,,,,,,,,
L101005,2024-08-01,,,,,,,,,,
L101005,2024-09-01,,,,,,,,,,
L101005,2024-10-01,,,,,,,,,,
L101005,2024-11-01,,,,,,,,,,
L101005,2024-12-01,,,,,,,,,,
L101005,2025-01-01,,,,,,,,,,
L101005,2025-02-01,,,,,,,,,,
L101005,2025-03-01,,,,,,,,,,
L101005,2025-04-01,,,,,,,,,,
L101005,2025-05-01,,,,,,,,,,
L101005,2025-06-01,,,,,,,,,,
L101005,2025-07-01,,,,,,,,,,
L101005,2025-08-01,,,,,,,,,,
L101005,2025-09-01,,,,,,,,,,
L101005,2025-10-01,,,,,,,,,,
L101005,2025-11-01,,,,,,,,,,
L101005,2025-12-01,,,,,,,,,,
L101005,2026-01-01,,,,,,,,,,
L101005,2026-02-01,,,,,,,,,,
L101005,2026-03-01,,,,,,,,,,
L101005,2026-04-01,,,,,,,,,,
L101013,2024-07-01,,,,,,,,,,
L101013,2024-08-01,,,,,,,,,,
L101013,2024-09-01,,,,,,,,,,
L101013,2024-10-01,,,,,,,,,,
L101013,2024-11-01,,,,,,,,,,
L101013,2024-12-01,,,,,,,,,,
L101013,2025-01-01,,,,,,,,,,
L101013,2025-02-01,,,,,,,,,,
L101014,2024-07-01,,,,,,,,,,
L101014,2024-08-01,,,,,,,,,,
L101014,2024-09-01,,,,,,,,,,
L101014,2024-10-01,,,,,,,,,,
L101014,2024-11-01,,,,,,,,,,
L101014,2024-12-01,,,,,,,,,,
L101014,2025-01-01,,,,,,,,,,
L101014,2025-02-01,,,,,,,,,,
L101014,2025-03-01,,,,,,,,,,
L101014,2025-04-01,,,,,,,,,,
L101014,2025-05-01,,,,,,,,,,
L101014,2025-06-01,,,,,,,,,,
L101014,2025-07-01,,,,,,,,,,
L101014,2025-08-01,,,,,,,,,,
L101014,2025-09-01,,,,,,,,,,
L101014,2025-10-01,,,,,,,,,,
L101017,2024-07-01,,,,,,,,,,
L101017,2024-08-01,,,,,,,,,,
L101017,2024-09-01,,,,,,,,,,
L101017,2024-10-01,,,,,,,,,,
L101017,2024-11-01,,,,,,,,,,
L101017,2024-12-01,,,,,,,,,,
L101017,2025-01-01,,,,,,,,,,
L101017,2025-02-01,,,,,,,,,,
L101017,2025-03-01,,,,,,,,,,
L101017,2025-04-01,,,,,,,,,,
L101017,2025-05-01,,,,,,,,,,
L101017,2025-06-01,,,,,,,,,,
L101017,2025-07-01,,,,,,,,,,
L101017,2025-08-01,,,,,,,,,,
L101017,2025-09-01,,,,,,,,,,
L101017,2025-10-01,,,,,,,,,,
L101017,2025-11-01,,,,,,,,,,
L101017,2025-12-01,,,,,,,,,,
L101017,2026-01-01,,,,,,,,,,
L101017,2026-02-01,,,,,,,,,,
L101017,2026-03-01,,,,,,,,,,
L101018,2024-07-01,,,,,,,,,,
L101018,2024-08-01,,,,,,,,,,
L101018,2024-09-01,,,,,,,,,,
L101018,2024-10-01,,,,,,,,,,
L101018,2024-11-01,,,,,,,,,,
L101018,2024-12-01,,,,,,,,,,
L101018,2025-01-01,,,,,,,,,,
L101018,2025-02-01,,,,,,,,,,
L101018,2025-03-01,,,,,,,,,,
L101018,2025-04-01,,,,,,,,,,
L101018,2025-05-01,,,,,,,,,,
L101018,2025-06-01,,,,,,,,,,
L101018,2025-07-01,,,,,,,,,,
L101018,2025-08-01,,,,,,,,,,
L101018,2025-09-01,,,,,,,,,,
L101018,2025-10-01,,,,,,,,,,
L101018,2025-11-01,,,,,,,,,,
L101020,2024-07-01,,,,,,,,,,
L101020,2024-08-01,,,,,,,,,,
L101020,2024-09-01,,,,,,,,,,
L101020,2024-10-01,,,,,,,,,,
L101020,2024-11-01,,,,,,,,,,
L101020,2024-12-01,,,,,,,,,,
L101020,2025-01-01,,,,,,,,,,
L101020,2025-02-01,,,,,,,,,,
L101020,2025-03-01,,,,,,,,,,
L101020,2025-04-01,,,,,,,,,,
L101022,2024-07-01,,,,,,,,,,
L101022,2024-08-01,,,,,,,,,,
L101022,2024-09-01,,,,,,,,,,
L101022,2024-10-01,,,,,,,,,,
L101022,2024-11-01,,,,,,,,,,
L101022,2024-12-01,,,,,,,,,,
L101022,2025-01-01,,,,,,,,,,
L101022,2025-02-01,,,,,,,,,,
L101022,2025-03-01,,,,,,,,,,
L101022,2025-04-01,,,,,,,,,,
L101022,2025-05-01,,,,,,,,,,
L101022,2025-06-01,,,,,,,,,,
L101022,2025-07-01,,,,,,,,,,
L101027,2024-07-01,,,,,,,,,,
L101028,2024-07-01,,,,,,,,,,
L101028,2024-08-01,,,,,,,,,,
L101028,2024-09-01,,,,,,,,,,
L101028,2024-10-01,,,,,,,,,,
L101028,2024-11-01,,,,,,,,,,
L101028,2024-12-01,,,,,,,,,,
L101028,2025-01-01,,,,,,,,,,
L101028,2025-02-01,,,,,,,,,,
L101028,2025-03-01,,,,,,,,,,
L101028,2025-04-01,,,,,,,,,,
L101028,2025-05-01,,,,,,,,,,
L101028,2025-06-01,,,,,,,,,,
L101028,2025-07-01,,,,,,,,,,
L101028,2025-08-01,,,,,,,,,,
L101028,2025-09-01,,,,,,,,,,
L101028,2025-10-01,,,,,,,,,,
L101028,2025-11-01,,,,,,,,,,
L101028,2025-12-01,,,,,,,,,,
L101028,2026-01-01,,,,,,,,,,
L101028,2026-02-01,,,,,,,,,,
L101029,2024-07-01,,,,,,,,,,
L101029,2024-08-01,,,,,,,,,,
L101029,2024-09-01,,,,,,,,,,
L101029,2024-10-01,,,,,,,,,,
L101029,2024-11-01,,,,,,,,,,
L101029,2024-12-01,,,,,,,,,,
L101029,2025-01-01,,,,,,,,,,
L101032,2024-07-01,,,,,,,,,,
L101032,2024-08-01,,,,,,,,,,
L101032,2024-09-01,,,,,,,,,,
L101032,2024-10-01,,,,,,,,,,
L101032,2024-11-01,,,,,,,,,,
L101032,2024-12-01,,,,,,,,,,
L101032,2025-01-01,,,,,,,,,,
L101032,2025-02-01,,,,,,,,,,
L101054,2024-07-01,,,,,,,,,,
L101054,2024-08-01,,,,,,,,,,
L101054,2024-09-01,,,,,,,,,,
L101054,2024-10-01,,,,,,,,,,
L101054,2024-11-01,,,,,,,,,,
L101054,2024-12-01,,,,,,,,,,
L101054,2025-01-01,,,,,,,,,,
L101054,2025-02-01,,,,,,,,,,
L101054,2025-03-01,,,,,,,,,,
L101054,2025-04-01,,,,,,,,,,
L101054,2025-05-01,,,,,,,,,,
L101054,2025-06-01,,,,,,,,,,
L101054,2025-07-01,,,,,,,,,,
L101054,2025-08-01,,,,,,,,,,
L101054,2025-09-01,,,,,,,,,,
L101054,2025-10-01,,,,,,,,,,
L101054,2025-11-01,,,,,,,,,,
L101054,2025-12-01,,,,,,,,,,
L101056,2024-07-01,,,,,,,,,,
L101059,2024-07-01,,,,,,,,,,
L101059,2024-08-01,,,,,,,,,,
L101059,2024-09-01,,,,,,,,,,
L101059,2024-10-01,,,,,,,,,,
L101059,2024-11-01,,,,,,,,,,
L101059,2024-12-01,,,,,,,,,,
L101059,2025-01-01,,,,,,,,,,
L101059,2025-02-01,,,,,,,,,,
L101059,2025-03-01,,,,,,,,,,
L101059,2025-04-01,,,,,,,,,,
L101059,2025-05-01,,,,,,,,,,
L101059,2025-06-01,,,,,,,,,,
L101059,2025-07-01,,,,,,,,,,
L101059,2025-08-01,,,,,,,,,,
L101059,2025-09-01,,,,,,,,,,
L101059,2025-10-01,,,,,,,,,,
L101059,2025-11-01,,,,,,,,,,
L101069,2024-07-01,,,,,,,,,,
L101069,2024-08-01,,,,,,,,,,
L101069,2024-09-01,,,,,,,,,,
L101077,2024-07-01,,,,,,,,,,
L101077,2024-08-01,,,,,,,,,,
L101077,2024-09-01,,,,,,,,,,
L101077,2024-10-01,,,,,,,,,,
L101077,2024-11-01,,,,,,,,,,
L101077,2024-12-01,,,,,,,,,,
L101077,2025-01-01,,,,,,,,,,
L101077,2025-02-01,,,,,,,,,,
L101077,2025-03-01,,,,,,,,,,
L101077,2025-04-01,,,,,,,,,,
L101077,2025-05-01,,,,,,,,,,
L101077,2025-06-01,,,,,,,,,,
L101078,2024-07-01,,,,,,,,,,
L101078,2024-08-01,,,,,,,,,,
L101078,2024-09-01,,,,,,,,,,
L101078,2024-10-01,,,,,,,,,,
L101078,2024-11-01,,,,,,,,,,
L101078,2024-12-01,,,,,,,,,,
L101089,2024-07-01,,,,,,,,,,
L101089,2024-08-01,,,,,,,,,,
L101089,2024-09-01,,,,,,,,,,
L101089,2024-10-01,,,,,,,,,,
L101089,2024-11-01,,,,,,,,,,
L101089,2024-12-01,,,,,,,,,,
L101089,2025-01-01,,,,,,,,,,
L101089,2025-02-01,,,,,,,,,,
L101089,2025-03-01,,,,,,,,,,
L101089,2025-04-01,,,,,,,,,,
L101089,2025-05-01,,,,,,,,,,
L101089,2025-06-01,,,,,,,,,,
L101089,2025-07-01,,,,,,,,,,
L101089,2025-08-01,,,,,,,,,,
L101089,2025-09-01,,,,,,,,,,
L101089,2025-10-01,,,,,,,,,,
L101090,2024-07-01,,,,,,,,,,
L101090,2024-08-01,,,,,,,,,,
L101090,2024-09-01,,,,,,,,,,
L101090,2024-10-01,,,,,,,,,,
L101090,2024-11-01,,,,,,,,,,
L101090,2024-12-01,,,,,,,,,,
L101090,2025-01-01,,,,,,,,,,
L101090,2025-02-01,,,,,,,,,,
L101090,2025-03-01,,,,,,,,,,
L101090,2025-04-01,,,,,,,,,,
L101090,2025-05-01,,,,,,,,,,
L101090,2025-06-01,,,,,,,,,,
L101090,2025-07-01,,,,,,,,,,
L101090,2025-08-01,,,,,,,,,,
L101090,2025-09-01,,,,,,,,,,
L101090,2025-10-01,,,,,,,,,,
L101090,2025-11-01,,,,,,,,,,
L101090,2025-12-01,,,,,,,,,,
L101090,2026-01-01,,,,,,,,,,
L101090,2026-02-01,,,,,,,,,,
L101090,2026-03-01,,,,,,,,,,
L101091,2024-07-01,,,,,,,,,,
L101091,2024-08-01,,,,,,,,,,
L101091,2024-09-01,,,,,,,,,,
L101091,2024-10-01,,,,,,,,,,
L101091,2024-11-01,,,,,,,,,,
L101091,2024-12-01,,,,,,,,,,
L101091,2025-01-01,,,,,,,,,,
L101091,2025-02-01,,,,,,,,,,
L101091,2025-03-01,,,,,,,,,,
L101091,2025-04-01,,,,,,,,,,
L101091,2025-05-01,,,,,,,,,,
L101091,2025-06-01,,,,,,,,,,
L101091,2025-07-01,,,,,,,,,,
L101091,2025-08-01,,,,,,,,,,
L101091,2025-09-01,,,,,,,,,,
L101091,2025-10-01,,,,,,,,,,
L101091,2025-11-01,,,,,,,,,,
L101094,2024-07-01,,,,,,,,,,
L101094,2024-08-01,,,,,,,,,,
L101094,2024-09-01,,,,,,,,,,
L101094,2024-10-01,,,,,,,,,,
L101094,2024-11-01,,,,,,,,,,
L101094,2024-12-01,,,,,,,,,,
L101094,2025-01-01,,,,,,,,,,
L101094,2025-02-01,,,,,,,,,,
L101094,2025-03-01,,,,,,,,,,
L101094,2025-04-01,,,,,,,,,,
L101094,2025-05-01,,,,,,,,,,
L101094,2025-06-01,,,,,,,,,,
L101094,2025-07-01,,,,,,,,,,
L101095,2024-07-01,,,,,,,,,,
L101097,2024-07-01,,,,,,,,,,
L101097,2024-08-01,,,,,,,,,,
L101097,2024-09-01,,,,,,,,,,
L101097,2024-10-01,,,,,,,,,,
L101097,2024-11-01,,,,,,,,,,
L101099,2024-07-01,,,,,,,,,,
L101099,2024-08-01,,,,,,,,,,
L101101,2024-07-01,,,,,,,,,,
L101101,2024-08-01,,,,,,,,,,
L101101,2024-09-01,,,,,,,,,,
L101101,2024-10-01,,,,,,,,,,
L101101,2024-11-01,,,,,,,,,,
L101101,2024-12-01,,,,,,,,,,
L101103,2024-07-01,,,,,,,,,,
L101103,2024-08-01,,,,,,,,,,
L101103,2024-09-01,,,,,,,,,,
L101103,2024-10-01,,,,,,,,,,
L101103,2024-11-01,,,,,,,,,,
L101103,2024-12-01,,,,,,,,,,
L101103,2025-01-01,,,,,,,,,,
L101103,2025-02-01,,,,,,,,,,
L101103,2025-03-01,,,,,,,,,,
L101103,2025-04-01,,,,,,,,,,
L101107,2024-07-01,,,,,,,,,,
L101108,2024-07-01,,,,,,,,,,
L101108,2024-08-01,,,,,,,,,,
L101108,2024-09-01,,,,,,,,,,
L101108,2024-10-01,,,,,,,,,,
L101108,2024-11-01,,,,,,,,,,
L101108,2024-12-01,,,,,,,,,,
L101108,2025-01-01,,,,,,,,,,
L101108,2025-02-01,,,,,,,,,,
L101108,2025-03-01,,,,,,,,,,
L101108,2025-04-01,,,,,,,,,,
L101108,2025-05-01,,,,,,,,,,
L101108,2025-06-01,,,,,,,,,,
L101108,2025-07-01,,,,,,,,,,
L101108,2025-08-01,,,,,,,,,,
L101108,2025-09-01,,,,,,,,,,
L101108,2025-10-01,,,,,,,,,,
L101108,2025-11-01,,,,,,,,,,
L101108,2025-12-01,,,,,,,,,,
L101108,2026-01-01,,,,,,,,,,
L101110,2024-07-01,,,,,,,,,,
L101110,2024-08-01,,,,,,,,,,
L101110,2024-09-01,,,,,,,,,,
L101110,2024-10-01,,,,,,,,,,
L101110,2024-11-01,,,,,,,,,,
L101110,2024-12-01,,,,,,,,,,
L101110,2025-01-01,,,,,,,,,,
L101110,2025-02-01,,,,,,,,,,
L101110,2025-03-01,,,,,,,,,,
L101110,2025-04-01,,,,,,,,,,
L101110,2025-05-01,,,,,,,,,,
L101110,2025-06-01,,,,,,,,,,
L101110,2025-07-01,,,,,,,,,,
L101110,2025-08-01,,,,,,,,,,
L101110,2025-09-01,,,,,,,,,,
L101110,2025-10-01,,,,,,,,,,
L101110,2025-11-01,,,,,,,,,,
L101110,2025-12-01,,,,,,,,,,
L101118,2024-07-01,,,,,,,,,,
L101118,2024-08-01,,,,,,,,,,
L101118,2024-09-01,,,,,,,,,,
L101118,2024-10-01,,,,,,,,,,
L101119,2024-07-01,,,,,,,,,,
L101119,2024-08-01,,,,,,,,,,
L101119,2024-09-01,,,,,,,,,,
L101119,2024-10-01,,,,,,,,,,
L101119,2024-11-01,,,,,,,,,,
L101119,2024-12-01,,,,,,,,,,
L101119,2025-01-01,,,,,,,,,,
L101119,2025-02-01,,,,,,,,,,
L101123,2024-07-01,,,,,,,,,,
L101124,2024-07-01,,,,,,,,,,
L101124,2024-08-01,,,,,,,,,,
L101124,2024-09-01,,,,,,,,,,
L101124,2024-10-01,,,,,,,,,,
L101124,2024-11-01,,,,,,,,,,
L101124,2024-12-01,,,,,,,,,,
L101124,2025-01-01,,,,,,,,,,
L101124,2025-02-01,,,,,,,,,,
L101124,2025-03-01,,,,,,,,,,
L101124,2025-04-01,,,,,,,,,,
L101124,2025-05-01,,,,,,,,,,
L101124,2025-06-01,,,,,,,,,,
L101124,2025-07-01,,,,,,,,,,
L101124,2025-08-01,,,,,,,,,,
L101124,2025-09-01,,,,,,,,,,
L101124,2025-10-01,,,,,,,,,,
L101124,2025-11-01,,,,,,,,,,
L101124,2025-12-01,,,,,,,,,,
L101124,2026-01-01,,,,,,,,,,
L101126,2024-07-01,,,,,,,,,,
L101126,2024-08-01,,,,,,,,,,
L101127,2024-07-01,,,,,,,,,,
L101127,2024-08-01,,,,,,,,,,
L101127,2024-09-01,,,,,,,,,,
L101131,2024-07-01,,,,,,,,,,
L101131,2024-08-01,,,,,,,,,,
L101131,2024-09-01,,,,,,,,,,
L101131,2024-10-01,,,,,,,,,,
L101131,2024-11-01,,,,,,,,,,
L101131,2024-12-01,,,,,,,,,,
L101131,2025-01-01,,,,,,,,,,
L101131,2025-02-01,,,,,,,,,,
L101131,2025-03-01,,,,,,,,,,
L101131,2025-04-01,,,,,,,,,,
L101131,2025-05-01,,,,,,,,,,
L101131,2025-06-01,,,,,,,,,,
L101131,2025-07-01,,,,,,,,,,
L101131,2025-08-01,,,,,,,,,,
L101132,2024-07-01,,,,,,,,,,
L101132,2024-08-01,,,,,,,,,,
L101132,2024-09-01,,,,,,,,,,
L101132,2024-10-01,,,,,,,,,,
L101132,2024-11-01,,,,,,,,,,
L101132,2024-12-01,,,,,,,,,,
L101132,2025-01-01,,,,,,,,,,
L101135,2024-07-01,,,,,,,,,,
L101135,2024-08-01,,,,,,,,,,
L101135,2024-09-01,,,,,,,,,,
L101135,2024-10-01,,,,,,,,,,
L101135,2024-11-01,,,,,,,,,,
L101135,2024-12-01,,,,,,,,,,
L101135,2025-01-01,,,,,,,,,,
L101135,2025-02-01,,,,,,,,,,
L101135,2025-03-01,,,,,,,,,,
L101135,2025-04-01,,,,,,,,,,
L101135,2025-05-01,,,,,,,,,,
L101135,2025-06-01,,,,,,,,,,
L101135,2025-07-01,,,,,,,,,,
L101135,2025-08-01,,,,,,,,,,
L101135,2025-09-01,,,,,,,,,,
L101135,2025-10-01,,,,,,,,,,
L101135,2025-11-01,,,,,,,,,,
L101135,2025-12-01,,,,,,,,,,
L101138,2024-07-01,,,,,,,,,,
L101138,2024-08-01,,,,,,,,,,
L101138,2024-09-01,,,,,,,,,,
L101138,2024-10-01,,,,,,,,,,
L101138,2024-11-01,,,,,,,,,,
L101138,2024-12-01,,,,,,,,,,
L101138,2025-01-01,,,,,,,,,,
L101138,2025-02-01,,,,,,,,,,
L101138,2025-03-01,,,,,,,,,,
L101138,2025-04-01,,,,,,,,,,
L101138,2025-05-01,,,,,,,,,,
L101139,2024-07-01,,,,,,,,,,
L101139,2024-08-01,,,,,,,,,,
L101139,2024-09-01,,,,,,,,,,
L101139,2024-10-01,,,,,,,,,,
L101139,2024-11-01,,,,,,,,,,
L101139,2024-12-01,,,,,,,,,,
L101139,2025-01-01,,,,,,,,,,
L101139,2025-02-01,,,,,,,,,,
L101146,2024-07-01,,,,,,,,,,
L101146,2024-08-01,,,,,,,,,,
L101146,2024-09-01,,,,,,,,,,
L101146,2024-10-01,,,,,,,,,,
L101146,2024-11-01,,,,,,,,,,
L101146,2024-12-01,,,,,,,,,,
L101146,2025-01-01,,,,,,,,,,
L101146,2025-02-01,,,,,,,,,,
L101146,2025-03-01,,,,,,,,,,
L101146,2025-04-01,,,,,,,,,,
L101146,2025-05-01,,,,,,,,,,
L101146,2025-06-01,,,,,,,,,,
L101146,2025-07-01,,,,,,,,,,
L101146,2025-08-01,,,,,,,,,,
L101146,2025-09-01,,,,,,,,,,
L101146,2025-10-01,,,,,,,,,,
L101152,2024-07-01,,,,,,,,,,
L101152,2024-08-01,,,,,,,,,,
L101152,2024-09-01,,,,,,,,,,
L101152,2024-10-01,,,,,,,,,,
L101156,2024-07-01,,,,,,,,,,
L101156,2024-08-01,,,,,,,,,,
L101156,2024-09-01,,,,,,,,,,
L101156,2024-10-01,,,,,,,,,,
L101156,2024-11-01,,,,,,,,,,
L101156,2024-12-01,,,,,,,,,,
L101156,2025-01-01,,,,,,,,,,
L101156,2025-02-01,,,,,,,,,,
L101156,2025-03-01,,,,,,,,,,
L101165,2024-07-01,,,,,,,,,,
L101165,2024-08-01,,,,,,,,,,
L101170,2024-07-01,,,,,,,,,,
L101170,2024-08-01,,,,,,,,,,
L101170,2024-09-01,,,,,,,,,,
L101170,2024-10-01,,,,,,,,,,
L101170,2024-11-01,,,,,,,,,,
L101170,2024-12-01,,,,,,,,,,
L101170,2025-01-01,,,,,,,,,,
L101170,2025-02-01,,,,,,,,,,
L101171,2024-07-01,,,,,,,,,,
L101174,2024-07-01,,,,,,,,,,
L101174,2024-08-01,,,,,,,,,,
L101174,2024-09-01,,,,,,,,,,
L101174,2024-10-01,,,,,,,,,,
L101174,2024-11-01,,,,,,,,,,
L101174,2024-12-01,,,,,,,,,,
L101174,2025-01-01,,,,,,,,,,
L101174,2025-02-01,,,,,,,,,,
L101174,2025-03-01,,,,,,,,,,
L101174,2025-04-01,,,,,,,,,,
L101174,2025-05-01,,,,,,,,,,
L101174,2025-06-01,,,,,,,,,,
L101177,2024-07-01,,,,,,,,,,
L101177,2024-08-01,,,,,,,,,,
L101177,2024-09-01,,,,,,,,,,
L101179,2024-07-01,,,,,,,,,,
L101179,2024-08-01,,,,,,,,,,
L101179,2024-09-01,,,,,,,,,,
L101180,2024-07-01,,,,,,,,,,
L101180,2024-08-01,,,,,,,,,,
L101180,2024-09-01,,,,,,,,,,
L101180,2024-10-01,,,,,,,,,,
L101180,2024-11-01,,,,,,,,,,
L101180,2024-12-01,,,,,,,,,,
L101180,2025-01-01,,,,,,,,,,
L101182,2024-07-01,,,,,,,,,,
L101182,2024-08-01,,,,,,,,,,
L101182,2024-09-01,,,,,,,,,,
L101182,2024-10-01,,,,,,,,,,
L101182,2024-11-01,,,,,,,,,,
L101182,2024-12-01,,,,,,,,,,
L101182,2025-01-01,,,,,,,,,,
L101182,2025-02-01,,,,,,,,,,
L101182,2025-03-01,,,,,,,,,,
L101182,2025-04-01,,,,,,,,,,
L101182,2025-05-01,,,,,,,,,,
L101182,2025-06-01,,,,,,,,,,
L101189,2024-07-01,,,,,,,,,,
L101189,2024-08-01,,,,,,,,,,
L101189,2024-09-01,,,,,,,,,,
L101189,2024-10-01,,,,,,,,,,
L101189,2024-11-01,,,,,,,,,,
L101189,2024-12-01,,,,,,,,,,
L101189,2025-01-01,,,,,,,,,,
L101195,2024-07-01,,,,,,,,,,
L101195,2024-08-01,,,,,,,,,,
L101195,2024-09-01,,,,,,,,,,
L101195,2024-10-01,,,,,,,,,,
L101196,2024-07-01,,,,,,,,,,
L101196,2024-08-01,,,,,,,,,,
L101196,2024-09-01,,,,,,,,,,
L101196,2024-10-01,,,,,,,,,,
L101196,2024-11-01,,,,,,,,,,
L101196,2024-12-01,,,,,,,,,,
L101196,2025-01-01,,,,,,,,,,
L101196,2025-02-01,,,,,,,,,,
L101196,2025-03-01,,,,,,,,,,
L101196,2025-04-01,,,,,,,,,,
L101196,2025-05-01,,,,,,,,,,
L101196,2025-06-01,,,,,,,,,,
L101196,2025-07-01,,,,,,,,,,
L101196,2025-08-01,,,,,,,,,,
L101196,2025-09-01,,,,,,,,,,
L101196,2025-10-01,,,,,,,,,,
L101196,2025-11-01,,,,,,,,,,
L101196,2025-12-01,,,,,,,,,,
L101196,2026-01-01,,,,,,,,,,
L101196,2026-02-01,,,,,,,,,,
L101196,2026-03-01,,,,,,,,,,
L101196,2026-04-01,,,,,,,,,,
L101196,2026-05-01,,,,,,,,,,
L101197,2024-07-01,,,,,,,,,,
L101197,2024-08-01,,,,,,,,,,
L101197,2024-09-01,,,,,,,,,,
L101197,2024-10-01,,,,,,,,,,
L101197,2024-11-01,,,,,,,,,,
L101197,2024-12-01,,,,,,,,,,
L101197,2025-01-01,,,,,,,,,,
L101197,2025-02-01,,,,,,,,,,
L101197,2025-03-01,,,,,,,,,,
L101197,2025-04-01,,,,,,,,,,
L101197,2025-05-01,,,,,,,,,,
L101197,2025-06-01,,,,,,,,,,
L101197,2025-07-01,,,,,,,,,,
L101197,2025-08-01,,,,,,,,,,
L101197,2025-09-01,,,,,,,,,,
L101197,2025-10-01,,,,,,,,,,
L101197,2025-11-01,,,,,,,,,,
L101199,2024-07-01,,,,,,,,,,
L101199,2024-08-01,,,,,,,,,,
L101199,2024-09-01,,,,,,,,,,
L101199,2024-10-01,,,,,,,,,,
L101199,2024-11-01,,,,,,,,,,
L101199,2024-12-01,,,,,,,,,,
L101199,2025-01-01,,,,,,,,,,
L101203,2024-07-01,,,,,,,,,,
L101203,2024-08-01,,,,,,,,,,
L101203,2024-09-01,,,,,,,,,,
L101203,2024-10-01,,,,,,,,,,
L101203,2024-11-01,,,,,,,,,,
L101203,2024-12-01,,,,,,,,,,
L101203,2025-01-01,,,,,,,,,,
L101203,2025-02-01,,,,,,,,,,
L101203,2025-03-01,,,,,,,,,,
L101203,2025-04-01,,,,,,,,,,
L101203,2025-05-01,,,,,,,,,,
L101203,2025-06-01,,,,,,,,,,
L101203,2025-07-01,,,,,,,,,,
L101203,2025-08-01,,,,,,,,,,
L101203,2025-09-01,,,,,,,,,,
L101203,2025-10-01,,,,,,,,,,
L101203,2025-11-01,,,,,,,,,,
L101204,2024-07-01,,,,,,,,,,
L101204,2024-08-01,,,,,,,,,,
L101210,2024-07-01,,,,,,,,,,
L101210,2024-08-01,,,,,,,,,,
L101210,2024-09-01,,,,,,,,,,
L101210,2024-10-01,,,,,,,,,,
L101210,2024-11-01,,,,,,,,,,
L101210,2024-12-01,,,,,,,,,,
L101210,2025-01-01,,,,,,,,,,
L101210,2025-02-01,,,,,,,,,,
L101210,2025-03-01,,,,,,,,,,
L101210,2025-04-01,,,,,,,,,,
L101210,2025-05-01,,,,,,,,,,
L101214,2024-07-01,,,,,,,,,,
L101214,2024-08-01,,,,,,,,,,
L101214,2024-09-01,,,,,,,,,,
L101214,2024-10-01,,,,,,,,,,
L101214,2024-11-01,,,,,,,,,,
L101214,2024-12-01,,,,,,,,,,
L101214,2025-01-01,,,,,,,,,,
L101214,2025-02-01,,,,,,,,,,
L101214,2025-03-01,,,,,,,,,,
L101214,2025-04-01,,,,,,,,,,
L101214,2025-05-01,,,,,,,,,,
L101214,2025-06-01,,,,,,,,,,
L101217,2024-07-01,,,,,,,,,,
L101217,2024-08-01,,,,,,,,,,
L101217,2024-09-01,,,,,,,,,,
L101217,2024-10-01,,,,,,,,,,
L101217,2024-11-01,,,,,,,,,,
L101220,2024-07-01,,,,,,,,,,
L101220,2024-08-01,,,,,,,,,,
L101220,2024-09-01,,,,,,,,,,
L101220,2024-10-01,,,,,,,,,,
L101220,2024-11-01,,,,,,,,,,
L101220,2024-12-01,,,,,,,,,,
L101220,2025-01-01,,,,,,,,,,
L101220,2025-02-01,,,,,,,,,,
L101220,2025-03-01,,,,,,,,,,
L101220,2025-04-01,,,,,,,,,,
L101220,2025-05-01,,,,,,,,,,
L101220,2025-06-01,,,,,,,,,,
L101221,2024-07-01,,,,,,,,,,
L101221,2024-08-01,,,,,,,,,,
L101221,2024-09-01,,,,,,,,,,
L101224,2024-07-01,,,,,,,,,,
L101224,2024-08-01,,,,,,,,,,
L101224,2024-09-01,,,,,,,,,,
L101224,2024-10-01,,,,,,,,,,
L101224,2024-11-01,,,,,,,,,,
L101224,2024-12-01,,,,,,,,,,
L101224,2025-01-01,,,,,,,,,,
L101224,2025-02-01,,,,,,,,,,
L101224,2025-03-01,,,,,,,,,,
L101224,2025-04-01,,,,,,,,,,
L101224,2025-05-01,,,,,,,,,,
L101224,2025-06-01,,,,,,,,,,
L101224,2025-07-01,,,,,,,,,,
L101224,2025-08-01,,,,,,,,,,
L101224,2025-09-01,,,,,,,,,,
L101224,2025-10-01,,,,,,,,,,
L101224,2025-11-01,,,,,,,,,,
L101224,2025-12-01,,,,,,,,,,
L101227,2024-07-01,,,,,,,,,,
L101232,2024-07-01,,,,,,,,,,
L101232,2024-08-01,,,,,,,,,,
L101232,2024-09-01,,,,,,,,,,
L101232,2024-10-01,,,,,,,,,,
L101232,2024-11-01,,,,,,,,,,
L101232,2024-12-01,,,,,,,,,,
L101232,2025-01-01,,,,,,,,,,
L101232,2025-02-01,,,,,,,,,,
L101232,2025-03-01,,,,,,,,,,
L101233,2024-07-01,,,,,,,,,,
L101233,2024-08-01,,,,,,,,,,
L101233,2024-09-01,,,,,,,,,,
L101233,2024-10-01,,,,,,,,,,
L101233,2024-11-01,,,,,,,,,,
L101233,2024-12-01,,,,,,,,,,
L101233,2025-01-01,,,,,,,,,,
L101233,2025-02-01,,,,,,,,,,
L101233,2025-03-01,,,,,,,,,,
L101233,2025-04-01,,,,,,,,,,
L101233,2025-05-01,,,,,,,,,,
L101233,2025-06-01,,,,,,,,,,
L101233,2025-07-01,,,,,,,,,,
L101233,2025-08-01,,,,,,,,,,
L101233,2025-09-01,,,,,,,,,,
L101233,2025-10-01,,,,,,,,,,
L101233,2025-11-01,,,,,,,,,,
L101233,2025-12-01,,,,,,,,,,
L101233,2026-01-01,,,,,,,,,,
L101233,2026-02-01,,,,,,,,,,
L101233,2026-03-01,,,,,,,,,,
L101233,2026-04-01,,,,,,,,,,
L101233,2026-05-01,,,,,,,,,,
L101235,2024-07-01,,,,,,,,,,
L101237,2024-07-01,,,,,,,,,,
L101237,2024-08-01,,,,,,,,,,
L101237,2024-09-01,,,,,,,,,,
L101237,2024-10-01,,,,,,,,,,
L101241,2024-07-01,,,,,,,,,,
L101241,2024-08-01,,,,,,,,,,
L101241,2024-09-01,,,,,,,,,,
L101241,2024-10-01,,,,,,,,,,
L101241,2024-11-01,,,,,,,,,,
L101241,2024-12-01,,,,,,,,,,
L101241,2025-01-01,,,,,,,,,,
L101242,2024-07-01,,,,,,,,,,
L101242,2024-08-01,,,,,,,,,,
L101242,2024-09-01,,,,,,,,,,
L101242,2024-10-01,,,,,,,,,,
L101242,2024-11-01,,,,,,,,,,
L101242,2024-12-01,,,,,,,,,,
L101243,2024-07-01,,,,,,,,,,
L101243,2024-08-01,,,,,,,,,,
L101243,2024-09-01,,,,,,,,,,
L101243,2024-10-01,,,,,,,,,,
L101243,2024-11-01,,,,,,,,,,
L101253,2024-07-01,,,,,,,,,,
L101253,2024-08-01,,,,,,,,,,
L101253,2024-09-01,,,,,,,,,,
L101253,2024-10-01,,,,,,,,,,
L101253,2024-11-01,,,,,,,,,,
L101253,2024-12-01,,,,,,,,,,
L101253,2025-01-01,,,,,,,,,,
L101253,2025-02-01,,,,,,,,,,
L101253,2025-03-01,,,,,,,,,,
L101253,2025-04-01,,,,,,,,,,
L101253,2025-05-01,,,,,,,,,,
L101253,2025-06-01,,,,,,,,,,
L101253,2025-07-01,,,,,,,,,,
L101253,2025-08-01,,,,,,,,,,
L101253,2025-09-01,,,,,,,,,,
L101253,2025-10-01,,,,,,,,,,
L101253,2025-11-01,,,,,,,,,,
L101253,2025-12-01,,,,,,,,,,
L101253,2026-01-01,,,,,,,,,,
L101253,2026-02-01,,,,,,,,,,
L101253,2026-03-01,,,,,,,,,,
L101253,2026-04-01,,,,,,,,,,
L101269,2024-07-01,,,,,,,,,,
L101269,2024-08-01,,,,,,,,,,
L101269,2024-09-01,,,,,,,,,,
L101269,2024-10-01,,,,,,,,,,
L101269,2024-11-01,,,,,,,,,,
L101269,2024-12-01,,,,,,,,,,
L101269,2025-01-01,,,,,,,,,,
L101269,2025-02-01,,,,,,,,,,
L101269,2025-03-01,,,,,,,,,,
L101269,2025-04-01,,,,,,,,,,
L101269,2025-05-01,,,,,,,,,,
L101269,2025-06-01,,,,,,,,,,
L101269,2025-07-01,,,,,,,,,,
L101269,2025-08-01,,,,,,,,,,
L101269,2025-09-01,,,,,,,,,,
L101273,2024-07-01,,,,,,,,,,
L101273,2024-08-01,,,,,,,,,,
L101273,2024-09-01,,,,,,,,,,
L101273,2024-10-01,,,,,,,,,,
L101273,2024-11-01,,,,,,,,,,
L101273,2024-12-01,,,,,,,,,,
L101273,2025-01-01,,,,,,,,,,
L101273,2025-02-01,,,,,,,,,,
L101277,2024-07-01,,,,,,,,,,
L101277,2024-08-01,,,,,,,,,,
L101277,2024-09-01,,,,,,,,,,
L101277,2024-10-01,,,,,,,,,,
L101277,2024-11-01,,,,,,,,,,
L101277,2024-12-01,,,,,,,,,,
L101279,2024-07-01,,,,,,,,,,
L101279,2024-08-01,,,,,,,,,,
L101279,2024-09-01,,,,,,,,,,
L101279,2024-10-01,,,,,,,,,,
L101279,2024-11-01,,,,,,,,,,
L101279,2024-12-01,,,,,,,,,,
L101279,2025-01-01,,,,,,,,,,
L101279,2025-02-01,,,,,,,,,,
L101279,2025-03-01,,,,,,,,,,
L101280,2024-07-01,,,,,,,,,,
L101280,2024-08-01,,,,,,,,,,
L101280,2024-09-01,,,,,,,,,,
L101280,2024-10-01,,,,,,,,,,
L101280,2024-11-01,,,,,,,,,,
L101280,2024-12-01,,,,,,,,,,
L101280,2025-01-01,,,,,,,,,,
L101280,2025-02-01,,,,,,,,,,
L101280,2025-03-01,,,,,,,,,,
L101280,2025-04-01,,,,,,,,,,
L101280,2025-05-01,,,,,,,,,,
L101283,2024-07-01,,,,,,,,,,
L101283,2024-08-01,,,,,,,,,,
L101283,2024-09-01,,,,,,,,,,
L101283,2024-10-01,,,,,,,,,,
L101283,2024-11-01,,,,,,,,,,
L101290,2024-07-01,,,,,,,,,,
L101290,2024-08-01,,,,,,,,,,
L101290,2024-09-01,,,,,,,,,,
L101290,2024-10-01,,,,,,,,,,
L101290,2024-11-01,,,,,,,,,,
L101290,2024-12-01,,,,,,,,,,
L101290,2025-01-01,,,,,,,,,,
L101290,2025-02-01,,,,,,,,,,
L101290,2025-03-01,,,,,,,,,,
L101290,2025-04-01,,,,,,,,,,
L101290,2025-05-01,,,,,,,,,,
L101290,2025-06-01,,,,,,,,,,
L101290,2025-07-01,,,,,,,,,,
L101290,2025-08-01,,,,,,,,,,
L101290,2025-09-01,,,,,,,,,,
L101290,2025-10-01,,,,,,,,,,
L101290,2025-11-01,,,,,,,,,,
L101290,2025-12-01,,,,,,,,,,
L101290,2026-01-01,,,,,,,,,,
L101295,2024-07-01,,,,,,,,,,
L101295,2024-08-01,,,,,,,,,,
L101296,2024-07-01,,,,,,,,,,
L101296,2024-08-01,,,,,,,,,,
L101296,2024-09-01,,,,,,,,,,
L101296,2024-10-01,,,,,,,,,,
L101296,2024-11-01,,,,,,,,,,
L101296,2024-12-01,,,,,,,,,,
L101296,2025-01-01,,,,,,,,,,
L101296,2025-02-01,,,,,,,,,,
L101296,2025-03-01,,,,,,,,,,
L101296,2025-04-01,,,,,,,,,,
L101296,2025-05-01,,,,,,,,,,
L101296,2025-06-01,,,,,,,,,,
L101296,2025-07-01,,,,,,,,,,
L101296,2025-08-01,,,,,,,,,,
L101296,2025-09-01,,,,,,,,,,
L101296,2025-10-01,,,,,,,,,,
L101296,2025-11-01,,,,,,,,,,
L101296,2025-12-01,,,,,,,,,,
L101296,2026-01-01,,,,,,,,,,
L101296,2026-02-01,,,,,,,,,,
L101298,2024-07-01,,,,,,,,,,
L101298,2024-08-01,,,,,,,,,,
L101298,2024-09-01,,,,,,,,,,
L101298,2024-10-01,,,,,,,,,,
L101298,2024-11-01,,,,,,,,,,
L101298,2024-12-01,,,,,,,,,,
L101298,2025-01-01,,,,,,,,,,
L101298,2025-02-01,,,,,,,,,,
L101298,2025-03-01,,,,,,,,,,
L101298,2025-04-01,,,,,,,,,,
L101298,2025-05-01,,,,,,,,,,
L101298,2025-06-01,,,,,,,,,,
L101298,2025-07-01,,,,,,,,,,
L101298,2025-08-01,,,,,,,,,,
L101298,2025-09-01,,,,,,,,,,
L101301,2024-07-01,,,,,,,,,,
L101301,2024-08-01,,,,,,,,,,
L101301,2024-09-01,,,,,,,,,,
L101301,2024-10-01,,,,,,,,,,
L101301,2024-11-01,,,,,,,,,,
L101301,2024-12-01,,,,,,,,,,
L101301,2025-01-01,,,,,,,,,,
L101307,2024-07-01,,,,,,,,,,
L101307,2024-08-01,,,,,,,,,,
L101307,2024-09-01,,,,,,,,,,
L101307,2024-10-01,,,,,,,,,,
L101307,2024-11-01,,,,,,,,,,
L101307,2024-12-01,,,,,,,,,,
L101307,2025-01-01,,,,,,,,,,
L101307,2025-02-01,,,,,,,,,,
L101307,2025-03-01,,,,,,,,,,
L101307,2025-04-01,,,,,,,,,,
L101307,2025-05-01,,,,,,,,,,
L101307,2025-06-01,,,,,,,,,,
L101308,2024-07-01,,,,,,,,,,
L101308,2024-08-01,,,,,,,,,,
L101308,2024-09-01,,,,,,,,,,
L101308,2024-10-01,,,,,,,,,,
L101308,2024-11-01,,,,,,,,,,
L101308,2024-12-01,,,,,,,,,,
L101308,2025-01-01,,,,,,,,,,
L101308,2025-02-01,,,,,,,,,,
L101308,2025-03-01,,,,,,,,,,
L101308,2025-04-01,,,,,,,,,,
L101308,2025-05-01,,,,,,,,,,
L101308,2025-06-01,,,,,,,,,,
L101308,2025-07-01,,,,,,,,,,
L101308,2025-08-01,,,,,,,,,,
L101311,2024-07-01,,,,,,,,,,
L101311,2024-08-01,,,,,,,,,,
L101311,2024-09-01,,,,,,,,,,
L101311,2024-10-01,,,,,,,,,,
L101311,2024-11-01,,,,,,,,,,
L101313,2024-07-01,,,,,,,,,,
L101313,2024-08-01,,,,,,,,,,
L101318,2024-07-01,,,,,,,,,,
L101318,2024-08-01,,,,,,,,,,
L101318,2024-09-01,,,,,,,,,,
L101318,2024-10-01,,,,,,,,,,
L101318,2024-11-01,,,,,,,,,,
L101318,2024-12-01,,,,,,,,,,
L101318,2025-01-01,,,,,,,,,,
L101318,2025-02-01,,,,,,,,,,
L101318,2025-03-01,,,,,,,,,,
L101318,2025-04-01,,,,,,,,,,
L101318,2025-05-01,,,,,,,,,,
L101318,2025-06-01,,,,,,,,,,
L101327,2024-07-01,,,,,,,,,,
L101327,2024-08-01,,,,,,,,,,
L101327,2024-09-01,,,,,,,,,,
L101327,2024-10-01,,,,,,,,,,
L101327,2024-11-01,,,,,,,,,,
L101331,2024-07-01,,,,,,,,,,
L101333,2024-07-01,,,,,,,,,,
L101333,2024-08-01,,,,,,,,,,
L101333,2024-09-01,,,,,,,,,,
L101333,2024-10-01,,,,,,,,,,
L101333,2024-11-01,,,,,,,,,,
L101333,2024-12-01,,,,,,,,,,
L101333,2025-01-01,,,,,,,,,,
L101338,2024-07-01,,,,,,,,,,
L101338,2024-08-01,,,,,,,,,,
L101338,2024-09-01,,,,,,,,,,
L101338,2024-10-01,,,,,,,,,,
L101338,2024-11-01,,,,,,,,,,
L101338,2024-12-01,,,,,,,,,,
L101338,2025-01-01,,,,,,,,,,
L101338,2025-02-01,,,,,,,,,,
L101341,2024-07-01,,,,,,,,,,
L101341,2024-08-01,,,,,,,,,,
L101341,2024-09-01,,,,,,,,,,
L101341,2024-10-01,,,,,,,,,,
L101341,2024-11-01,,,,,,,,,,
L101341,2024-12-01,,,,,,,,,,
L101341,2025-01-01,,,,,,,,,,
L101341,2025-02-01,,,,,,,,,,
L101341,2025-03-01,,,,,,,,,,
L101341,2025-04-01,,,,,,,,,,
L101347,2024-07-01,,,,,,,,,,
L101347,2024-08-01,,,,,,,,,,
L101347,2024-09-01,,,,,,,,,,
L101347,2024-10-01,,,,,,,,,,
L101347,2024-11-01,,,,,,,,,,
L101347,2024-12-01,,,,,,,,,,
L101347,2025-01-01,,,,,,,,,,
L101357,2024-07-01,,,,,,,,,,
L101357,2024-08-01,,,,,,,,,,
L101357,2024-09-01,,,,,,,,,,
L101357,2024-10-01,,,,,,,,,,
L101357,2024-11-01,,,,,,,,,,
L101357,2024-12-01,,,,,,,,,,
L101357,2025-01-01,,,,,,,,,,
L101357,2025-02-01,,,,,,,,,,
L101357,2025-03-01,,,,,,,,,,
L101357,2025-04-01,,,,,,,,,,
L101357,2025-05-01,,,,,,,,,,
L101357,2025-06-01,,,,,,,,,,
L101372,2024-07-01,,,,,,,,,,
L101378,2024-07-01,,,,,,,,,,
L101378,2024-08-01,,,,,,,,,,
L101378,2024-09-01,,,,,,,,,,
L101378,2024-10-01,,,,,,,,,,
L101378,2024-11-01,,,,,,,,,,
L101378,2024-12-01,,,,,,,,,,
L101378,2025-01-01,,,,,,,,,,
L101378,2025-02-01,,,,,,,,,,
L101378,2025-03-01,,,,,,,,,,
L101378,2025-04-01,,,,,,,,,,
L101378,2025-05-01,,,,,,,,,,
L101380,2024-07-01,,,,,,,,,,
L101380,2024-08-01,,,,,,,,,,
L101380,2024-09-01,,,,,,,,,,
L101380,2024-10-01,,,,,,,,,,
L101380,2024-11-01,,,,,,,,,,
L101380,2024-12-01,,,,,,,,,,
L101380,2025-01-01,,,,,,,,,,
L101380,2025-02-01,,,,,,,,,,
L101381,2024-07-01,,,,,,,,,,
L101381,2024-08-01,,,,,,,,,,
L101381,2024-09-01,,,,,,,,,,
L101384,2024-07-01,,,,,,,,,,
L101384,2024-08-01,,,,,,,,,,
L101384,2024-09-01,,,,,,,,,,
L101384,2024-10-01,,,,,,,,,,
L101384,2024-11-01,,,,,,,,,,
L101384,2024-12-01,,,,,,,,,,
L101384,2025-01-01,,,,,,,,,,
L101384,2025-02-01,,,,,,,,,,
L101384,2025-03-01,,,,,,,,,,
L101384,2025-04-01,,,,,,,,,,
L101384,2025-05-01,,,,,,,,,,
L101384,2025-06-01,,,,,,,,,,
L101384,2025-07-01,,,,,,,,,,
L101384,2025-08-01,,,,,,,,,,
L101384,2025-09-01,,,,,,,,,,
L101384,2025-10-01,,,,,,,,,,
L101384,2025-11-01,,,,,,,,,,
L101385,2024-07-01,,,,,,,,,,
L101385,2024-08-01,,,,,,,,,,
L101385,2024-09-01,,,,,,,,,,
L101385,2024-10-01,,,,,,,,,,
L101385,2024-11-01,,,,,,,,,,
L101385,2024-12-01,,,,,,,,,,
L101385,2025-01-01,,,,,,,,,,
L101385,2025-02-01,,,,,,,,,,
L101385,2025-03-01,,,,,,,,,,
L101385,2025-04-01,,,,,,,,,,
L101385,2025-05-01,,,,,,,,,,
L101385,2025-06-01,,,,,,,,,,
L101385,2025-07-01,,,,,,,,,,
L101385,2025-08-01,,,,,,,,,,
L101385,2025-09-01,,,,,,,,,,
L101386,2024-07-01,,,,,,,,,,
L101386,2024-08-01,,,,,,,,,,
L101386,2024-09-01,,,,,,,,,,
L101386,2024-10-01,,,,,,,,,,
L101386,2024-11-01,,,,,,,,,,
L101386,2024-12-01,,,,,,,,,,
L101386,2025-01-01,,,,,,,,,,
L101386,2025-02-01,,,,,,,,,,
L101386,2025-03-01,,,,,,,,,,
L101386,2025-04-01,,,,,,,,,,
L101386,2025-05-01,,,,,,,,,,
L101386,2025-06-01,,,,,,,,,,
L101386,2025-07-01,,,,,,,,,,
L101386,2025-08-01,,,,,,,,,,
L101386,2025-09-01,,,,,,,,,,
L101386,2025-10-01,,,,,,,,,,
L101386,2025-11-01,,,,,,,,,,
L101386,2025-12-01,,,,,,,,,,
L101386,2026-01-01,,,,,,,,,,
L101386,2026-02-01,,,,,,,,,,
L101386,2026-03-01,,,,,,,,,,
L101398,2024-07-01,,,,,,,,,,
L101398,2024-08-01,,,,,,,,,,
L101398,2024-09-01,,,,,,,,,,
L101398,2024-10-01,,,,,,,,,,
L101398,2024-11-01,,,,,,,,,,
L101398,2024-12-01,,,,,,,,,,
L101398,2025-01-01,,,,,,,,,,
L101398,2025-02-01,,,,,,,,,,
L101398,2025-03-01,,,,,,,,,,
L101398,2025-04-01,,,,,,,,,,
L101398,2025-05-01,,,,,,,,,,
L101398,2025-06-01,,,,,,,,,,
L101398,2025-07-01,,,,,,,,,,
L101398,2025-08-01,,,,,,,,,,
L101398,2025-09-01,,,,,,,,,,
L101401,2024-07-01,,,,,,,,,,
L101401,2024-08-01,,,,,,,,,,
L101403,2024-07-01,,,,,,,,,,
L101403,2024-08-01,,,,,,,,,,
L101403,2024-09-01,,,,,,,,,,
L101403,2024-10-01,,,,,,,,,,
L101403,2024-11-01,,,,,,,,,,
L101403,2024-12-01,,,,,,,,,,
L101403,2025-01-01,,,,,,,,,,
L101406,2024-07-01,,,,,,,,,,
L101406,2024-08-01,,,,,,,,,,
L101406,2024-09-01,,,,,,,,,,
L101406,2024-10-01,,,,,,,,,,
L101406,2024-11-01,,,,,,,,,,
L101406,2024-12-01,,,,,,,,,,
L101406,2025-01-01,,,,,,,,,,
L101406,2025-02-01,,,,,,,,,,
L101406,2025-03-01,,,,,,,,,,
L101406,2025-04-01,,,,,,,,,,
L101406,2025-05-01,,,,,,,,,,
L101406,2025-06-01,,,,,,,,,,
L101406,2025-07-01,,,,,,,,,,
L101406,2025-08-01,,,,,,,,,,
L101406,2025-09-01,,,,,,,,,,
L101406,2025-10-01,,,,,,,,,,
L101406,2025-11-01,,,,,,,,,,
L101406,2025-12-01,,,,,,,,,,
L101406,2026-01-01,,,,,,,,,,
L101407,2024-07-01,,,,,,,,,,
L101407,2024-08-01,,,,,,,,,,
L101407,2024-09-01,,,,,,,,,,
L101407,2024-10-01,,,,,,,,,,
L101407,2024-11-01,,,,,,,,,,
L101407,2024-12-01,,,,,,,,,,
L101407,2025-01-01,,,,,,,,,,
L101407,2025-02-01,,,,,,,,,,
L101407,2025-03-01,,,,,,,,,,
L101407,2025-04-01,,,,,,,,,,
L101412,2024-07-01,,,,,,,,,,
L101412,2024-08-01,,,,,,,,,,
L101412,2024-09-01,,,,,,,,,,
L101413,2024-07-01,,,,,,,,,,
L101413,2024-08-01,,,,,,,,,,
L101413,2024-09-01,,,,,,,,,,
L101413,2024-10-01,,,,,,,,,,
L101413,2024-11-01,,,,,,,,,,
L101413,2024-12-01,,,,,,,,,,
L101413,2025-01-01,,,,,,,,,,
L101415,2024-07-01,,,,,,,,,,
L101415,2024-08-01,,,,,,,,,,
L101415,2024-09-01,,,,,,,,,,
L101415,2024-10-01,,,,,,,,,,
L101415,2024-11-01,,,,,,,,,,
L101415,2024-12-01,,,,,,,,,,
L101415,2025-01-01,,,,,,,,,,
L101415,2025-02-01,,,,,,,,,,
L101415,2025-03-01,,,,,,,,,,
L101415,2025-04-01,,,,,,,,,,
L101415,2025-05-01,,,,,,,,,,
L101415,2025-06-01,,,,,,,,,,
L101415,2025-07-01,,,,,,,,,,
L101415,2025-08-01,,,,,,,,,,
L101415,2025-09-01,,,,,,,,,,
L101415,2025-10-01,,,,,,,,,,
L101415,2025-11-01,,,,,,,,,,
L101415,2025-12-01,,,,,,,,,,
L101415,2026-01-01,,,,,,,,,,
L101417,2024-07-01,,,,,,,,,,
L101417,2024-08-01,,,,,,,,,,
L101417,2024-09-01,,,,,,,,,,
L101417,2024-10-01,,,,,,,,,,
L101417,2024-11-01,,,,,,,,,,
L101417,2024-12-01,,,,,,,,,,
L101417,2025-01-01,,,,,,,,,,
L101417,2025-02-01,,,,,,,,,,
L101417,2025-03-01,,,,,,,,,,
L101417,2025-04-01,,,,,,,,,,
L101417,2025-05-01,,,,,,,,,,
L101417,2025-06-01,,,,,,,,,,
L101417,2025-07-01,,,,,,,,,,
L101418,2024-07-01,,,,,,,,,,
L101418,2024-08-01,,,,,,,,,,
L101419,2024-07-01,,,,,,,,,,
L101419,2024-08-01,,,,,,,,,,
L101419,2024-09-01,,,,,,,,,,
L101419,2024-10-01,,,,,,,,,,
L101419,2024-11-01,,,,,,,,,,
L101419,2024-12-01,,,,,,,,,,
L101419,2025-01-01,,,,,,,,,,
L101419,2025-02-01,,,,,,,,,,
L101419,2025-03-01,,,,,,,,,,
L101419,2025-04-01,,,,,,,,,,
L101419,2025-05-01,,,,,,,,,,
L101419,2025-06-01,,,,,,,,,,
L101419,2025-07-01,,,,,,,,,,
L101419,2025-08-01,,,,,,,,,,
L101419,2025-09-01,,,,,,,,,,
L101421,2024-07-01,,,,,,,,,,
L101421,2024-08-01,,,,,,,,,,
L101421,2024-09-01,,,,,,,,,,
L101421,2024-10-01,,,,,,,,,,
L101421,2024-11-01,,,,,,,,,,
L101421,2024-12-01,,,,,,,,,,
L101421,2025-01-01,,,,,,,,,,
L101421,2025-02-01,,,,,,,,,,
L101421,2025-03-01,,,,,,,,,,
L101421,2025-04-01,,,,,,,,,,
L101421,2025-05-01,,,,,,,,,,
L101421,2025-06-01,,,,,,,,,,
L101421,2025-07-01,,,,,,,,,,
L101421,2025-08-01,,,,,,,,,,
L101421,2025-09-01,,,,,,,,,,
L101421,2025-10-01,,,,,,,,,,
L101421,2025-11-01,,,,,,,,,,
L101421,2025-12-01,,,,,,,,,,
L101421,2026-01-01,,,,,,,,,,
L101421,2026-02-01,,,,,,,,,,
L101421,2026-03-01,,,,,,,,,,
L101422,2024-07-01,,,,,,,,,,
L101422,2024-08-01,,,,,,,,,,
L101422,2024-09-01,,,,,,,,,,
L101422,2024-10-01,,,,,,,,,,
L101422,2024-11-01,,,,,,,,,,
L101422,2024-12-01,,,,,,,,,,
L101422,2025-01-01,,,,,,,,,,
L101422,2025-02-01,,,,,,,,,,
L101422,2025-03-01,,,,,,,,,,
L101422,2025-04-01,,,,,,,,,,
L101422,2025-05-01,,,,,,,,,,
L101422,2025-06-01,,,,,,,,,,
L101422,2025-07-01,,,,,,,,,,
L101422,2025-08-01,,,,,,,,,,
L101422,2025-09-01,,,,,,,,,,
L101422,2025-10-01,,,,,,,,,,
L101422,2025-11-01,,,,,,,,,,
L101422,2025-12-01,,,,,,,,,,
L101422,2026-01-01,,,,,,,,,,
L101422,2026-02-01,,,,,,,,,,
L101422,2026-03-01,,,,,,,,,,
L101422,2026-04-01,,,,,,,,,,
L101423,2024-07-01,,,,,,,,,,
L101423,2024-08-01,,,,,,,,,,
L101423,2024-09-01,,,,,,,,,,
L101423,2024-10-01,,,,,,,,,,
L101423,2024-11-01,,,,,,,,,,
L101423,2024-12-01,,,,,,,,,,
L101423,2025-01-01,,,,,,,,,,
L101423,2025-02-01,,,,,,,,,,
L101423,2025-03-01,,,,,,,,,,
L101423,2025-04-01,,,,,,,,,,
L101423,2025-05-01,,,,,,,,,,
L101423,2025-06-01,,,,,,,,,,
L101423,2025-07-01,,,,,,,,,,
L101423,2025-08-01,,,,,,,,,,
L101423,2025-09-01,,,,,,,,,,
L101425,2024-07-01,,,,,,,,,,
L101425,2024-08-01,,,,,,,,,,
L101425,2024-09-01,,,,,,,,,,
L101425,2024-10-01,,,,,,,,,,
L101425,2024-11-01,,,,,,,,,,
L101425,2024-12-01,,,,,,,,,,
L101425,2025-01-01,,,,,,,,,,
L101425,2025-02-01,,,,,,,,,,
L101425,2025-03-01,,,,,,,,,,
L101425,2025-04-01,,,,,,,,,,
L101425,2025-05-01,,,,,,,,,,
L101425,2025-06-01,,,,,,,,,,
L101426,2024-07-01,,,,,,,,,,
L101426,2024-08-01,,,,,,,,,,
L101426,2024-09-01,,,,,,,,,,
L101426,2024-10-01,,,,,,,,,,
L101426,2024-11-01,,,,,,,,,,
L101426,2024-12-01,,,,,,,,,,
L101426,2025-01-01,,,,,,,,,,
L101426,2025-02-01,,,,,,,,,,
L101426,2025-03-01,,,,,,,,,,
L101426,2025-04-01,,,,,,,,,,
L101426,2025-05-01,,,,,,,,,,
L101426,2025-06-01,,,,,,,,,,
L101426,2025-07-01,,,,,,,,,,
L101426,2025-08-01,,,,,,,,,,
L101426,2025-09-01,,,,,,,,,,
L101426,2025-10-01,,,,,,,,,,
L101429,2024-07-01,,,,,,,,,,
L101429,2024-08-01,,,,,,,,,,
L101429,2024-09-01,,,,,,,,,,
L101429,2024-10-01,,,,,,,,,,
L101429,2024-11-01,,,,,,,,,,
L101429,2024-12-01,,,,,,,,,,
L101429,2025-01-01,,,,,,,,,,
L101429,2025-02-01,,,,,,,,,,
L101429,2025-03-01,,,,,,,,,,
L101429,2025-04-01,,,,,,,,,,
L101431,2024-07-01,,,,,,,,,,
L101431,2024-08-01,,,,,,,,,,
L101431,2024-09-01,,,,,,,,,,
L101431,2024-10-01,,,,,,,,,,
L101436,2024-07-01,,,,,,,,,,
L101436,2024-08-01,,,,,,,,,,
L101436,2024-09-01,,,,,,,,,,
L101436,2024-10-01,,,,,,,,,,
L101436,2024-11-01,,,,,,,,,,
L101436,2024-12-01,,,,,,,,,,
L101436,2025-01-01,,,,,,,,,,
L101436,2025-02-01,,,,,,,,,,
L101436,2025-03-01,,,,,,,,,,
L101436,2025-04-01,,,,,,,,,,
L101436,2025-05-01,,,,,,,,,,
L101436,2025-06-01,,,,,,,,,,
L101436,2025-07-01,,,,,,,,,,
L101436,2025-08-01,,,,,,,,,,
L101440,2024-07-01,,,,,,,,,,
L101440,2024-08-01,,,,,,,,,,
L101440,2024-09-01,,,,,,,,,,
L101440,2024-10-01,,,,,,,,,,
L101440,2024-11-01,,,,,,,,,,
L101440,2024-12-01,,,,,,,,,,
L101442,2024-07-01,,,,,,,,,,
L101442,2024-08-01,,,,,,,,,,
L101442,2024-09-01,,,,,,,,,,
L101442,2024-10-01,,,,,,,,,,
L101442,2024-11-01,,,,,,,,,,
L101442,2024-12-01,,,,,,,,,,
L101442,2025-01-01,,,,,,,,,,
L101442,2025-02-01,,,,,,,,,,
L101444,2024-07-01,,,,,,,,,,
L101444,2024-08-01,,,,,,,,,,
L101444,2024-09-01,,,,,,,,,,
L101444,2024-10-01,,,,,,,,,,
L101444,2024-11-01,,,,,,,,,,
L101444,2024-12-01,,,,,,,,,,
L101444,2025-01-01,,,,,,,,,,
L101444,2025-02-01,,,,,,,,,,
L101444,2025-03-01,,,,,,,,,,
L101444,2025-04-01,,,,,,,,,,
L101444,2025-05-01,,,,,,,,,,
L101444,2025-06-01,,,,,,,,,,
L101444,2025-07-01,,,,,,,,,,
L101444,2025-08-01,,,,,,,,,,
L101444,2025-09-01,,,,,,,,,,
L101444,2025-10-01,,,,,,,,,,
L101445,2024-07-01,,,,,,,,,,
L101445,2024-08-01,,,,,,,,,,
L101445,2024-09-01,,,,,,,,,,
L101445,2024-10-01,,,,,,,,,,
L101445,2024-11-01,,,,,,,,,,
L101452,2024-07-01,,,,,,,,,,
L101452,2024-08-01,,,,,,,,,,
L101452,2024-09-01,,,,,,,,,,
L101452,2024-10-01,,,,,,,,,,
L101452,2024-11-01,,,,,,,,,,
L101452,2024-12-01,,,,,,,,,,
L101452,2025-01-01,,,,,,,,,,
L101452,2025-02-01,,,,,,,,,,
L101452,2025-03-01,,,,,,,,,,
L101452,2025-04-01,,,,,,,,,,
L101452,2025-05-01,,,,,,,,,,
L101452,2025-06-01,,,,,,,,,,
L101452,2025-07-01,,,,,,,,,,
L101452,2025-08-01,,,,,,,,,,
L101452,2025-09-01,,,,,,,,,,
L101452,2025-10-01,,,,,,,,,,
L101452,2025-11-01,,,,,,,,,,
L101452,2025-12-01,,,,,,,,,,
L101452,2026-01-01,,,,,,,,,,
L101452,2026-02-01,,,,,,,,,,
L101452,2026-03-01,,,,,,,,,,
L101456,2024-07-01,,,,,,,,,,
L101456,2024-08-01,,,,,,,,,,
L101456,2024-09-01,,,,,,,,,,
L101456,2024-10-01,,,,,,,,,,
L101456,2024-11-01,,,,,,,,,,
L101456,2024-12-01,,,,,,,,,,
L101456,2025-01-01,,,,,,,,,,
L101456,2025-02-01,,,,,,,,,,
L101456,2025-03-01,,,,,,,,,,
L101458,2024-07-01,,,,,,,,,,
L101458,2024-08-01,,,,,,,,,,
L101458,2024-09-01,,,,,,,,,,
L101458,2024-10-01,,,,,,,,,,
L101458,2024-11-01,,,,,,,,,,
L101458,2024-12-01,,,,,,,,,,
L101458,2025-01-01,,,,,,,,,,
L101458,2025-02-01,,,,,,,,,,
L101460,2024-07-01,,,,,,,,,,
L101460,2024-08-01,,,,,,,,,,
L101460,2024-09-01,,,,,,,,,,
L101460,2024-10-01,,,,,,,,,,
L101460,2024-11-01,,,,,,,,,,
L101460,2024-12-01,,,,,,,,,,
L101460,2025-01-01,,,,,,,,,,
L101460,2025-02-01,,,,,,,,,,
L101462,2024-07-01,,,,,,,,,,
L101462,2024-08-01,,,,,,,,,,
L101462,2024-09-01,,,,,,,,,,
L101462,2024-10-01,,,,,,,,,,
L101462,2024-11-01,,,,,,,,,,
L101462,2024-12-01,,,,,,,,,,
L101462,2025-01-01,,,,,,,,,,
L101462,2025-02-01,,,,,,,,,,
L101462,2025-03-01,,,,,,,,,,
L101462,2025-04-01,,,,,,,,,,
L101462,2025-05-01,,,,,,,,,,
L101462,2025-06-01,,,,,,,,,,
L101462,2025-07-01,,,,,,,,,,
L101462,2025-08-01,,,,,,,,,,
L101462,2025-09-01,,,,,,,,,,
L101462,2025-10-01,,,,,,,,,,
L101462,2025-11-01,,,,,,,,,,
L101462,2025-12-01,,,,,,,,,,
L101462,2026-01-01,,,,,,,,,,
L101462,2026-02-01,,,,,,,,,,
L101463,2024-07-01,,,,,,,,,,
L101463,2024-08-01,,,,,,,,,,
L101463,2024-09-01,,,,,,,,,,
L101463,2024-10-01,,,,,,,,,,
L101463,2024-11-01,,,,,,,,,,
L101463,2024-12-01,,,,,,,,,,
L101465,2024-07-01,,,,,,,,,,
L101465,2024-08-01,,,,,,,,,,
L101465,2024-09-01,,,,,,,,,,
L101465,2024-10-01,,,,,,,,,,
L101465,2024-11-01,,,,,,,,,,
L101465,2024-12-01,,,,,,,,,,
L101465,2025-01-01,,,,,,,,,,
L101465,2025-02-01,,,,,,,,,,
L101465,2025-03-01,,,,,,,,,,
L101465,2025-04-01,,,,,,,,,,
L101465,2025-05-01,,,,,,,,,,
L101465,2025-06-01,,,,,,,,,,
L101465,2025-07-01,,,,,,,,,,
L101465,2025-08-01,,,,,,,,,,
L101465,2025-09-01,,,,,,,,,,
L101469,2024-07-01,,,,,,,,,,
L101469,2024-08-01,,,,,,,,,,
L101469,2024-09-01,,,,,,,,,,
L101469,2024-10-01,,,,,,,,,,
L101469,2024-11-01,,,,,,,,,,
L101469,2024-12-01,,,,,,,,,,
L101469,2025-01-01,,,,,,,,,,
L101469,2025-02-01,,,,,,,,,,
L101469,2025-03-01,,,,,,,,,,
L101469,2025-04-01,,,,,,,,,,
L101469,2025-05-01,,,,,,,,,,
L101469,2025-06-01,,,,,,,,,,
L101469,2025-07-01,,,,,,,,,,
L101469,2025-08-01,,,,,,,,,,
L101469,2025-09-01,,,,,,,,,,
L101471,2024-07-01,,,,,,,,,,
L101471,2024-08-01,,,,,,,,,,
L101471,2024-09-01,,,,,,,,,,
L101471,2024-10-01,,,,,,,,,,
L101471,2024-11-01,,,,,,,,,,
L101471,2024-12-01,,,,,,,,,,
L101472,2024-07-01,,,,,,,,,,
L101472,2024-08-01,,,,,,,,,,
L101472,2024-09-01,,,,,,,,,,
L101472,2024-10-01,,,,,,,,,,
L101472,2024-11-01,,,,,,,,,,
L101472,2024-12-01,,,,,,,,,,
L101472,2025-01-01,,,,,,,,,,
L101472,2025-02-01,,,,,,,,,,
L101472,2025-03-01,,,,,,,,,,
L101472,2025-04-01,,,,,,,,,,
L101472,2025-05-01,,,,,,,,,,
L101472,2025-06-01,,,,,,,,,,
L101472,2025-07-01,,,,,,,,,,
L101478,2024-07-01,,,,,,,,,,
L101478,2024-08-01,,,,,,,,,,
L101478,2024-09-01,,,,,,,,,,
L101478,2024-10-01,,,,,,,,,,
L101478,2024-11-01,,,,,,,,,,
L101478,2024-12-01,,,,,,,,,,
L101478,2025-01-01,,,,,,,,,,
L101478,2025-02-01,,,,,,,,,,
L101478,2025-03-01,,,,,,,,,,
L101478,2025-04-01,,,,,,,,,,
L101478,2025-05-01,,,,,,,,,,
L101478,2025-06-01,,,,,,,,,,
L101483,2024-07-01,,,,,,,,,,
L101483,2024-08-01,,,,,,,,,,
L101483,2024-09-01,,,,,,,,,,
L101483,2024-10-01,,,,,,,,,,
L101483,2024-11-01,,,,,,,,,,
L101483,2024-12-01,,,,,,,,,,
L101483,2025-01-01,,,,,,,,,,
L101483,2025-02-01,,,,,,,,,,
L101483,2025-03-01,,,,,,,,,,
L101483,2025-04-01,,,,,,,,,,
L101483,2025-05-01,,,,,,,,,,
L101488,2024-07-01,,,,,,,,,,
L101488,2024-08-01,,,,,,,,,,
L101488,2024-09-01,,,,,,,,,,
L101488,2024-10-01,,,,,,,,,,
L101488,2024-11-01,,,,,,,,,,
L101488,2024-12-01,,,,,,,,,,
L101488,2025-01-01,,,,,,,,,,
L101488,2025-02-01,,,,,,,,,,
L101488,2025-03-01,,,,,,,,,,
L101488,2025-04-01,,,,,,,,,,
L101488,2025-05-01,,,,,,,,,,
L101488,2025-06-01,,,,,,,,,,
L101488,2025-07-01,,,,,,,,,,
L101488,2025-08-01,,,,,,,,,,
L101488,2025-09-01,,,,,,,,,,
L101492,2024-07-01,,,,,,,,,,
L101493,2024-07-01,,,,,,,,,,
L101493,2024-08-01,,,,,,,,,,
L101493,2024-09-01,,,,,,,,,,
L101493,2024-10-01,,,,,,,,,,
L101493,2024-11-01,,,,,,,,,,
L101493,2024-12-01,,,,,,,,,,
L101495,2024-07-01,,,,,,,,,,
L101495,2024-08-01,,,,,,,,,,
L101495,2024-09-01,,,,,,,,,,
L101495,2024-10-01,,,,,,,,,,
L101495,2024-11-01,,,,,,,,,,
L101495,2024-12-01,,,,,,,,,,
L101495,2025-01-01,,,,,,,,,,
L101495,2025-02-01,,,,,,,,,,
L101495,2025-03-01,,,,,,,,,,
L101495,2025-04-01,,,,,,,,,,
L101495,2025-05-01,,,,,,,,,,
L101495,2025-06-01,,,,,,,,,,
L101495,2025-07-01,,,,,,,,,,
L101496,2024-07-01,,,,,,,,,,
L101496,2024-08-01,,,,,,,,,,
L101496,2024-09-01,,,,,,,,,,
L101496,2024-10-01,,,,,,,,,,
L101496,2024-11-01,,,,,,,,,,
L101496,2024-12-01,,,,,,,,,,
L101496,2025-01-01,,,,,,,,,,
L101496,2025-02-01,,,,,,,,,,
L101496,2025-03-01,,,,,,,,,,
L101496,2025-04-01,,,,,,,,,,
L101497,2024-07-01,,,,,,,,,,
L101497,2024-08-01,,,,,,,,,,
L101497,2024-09-01,,,,,,,,,,
L101497,2024-10-01,,,,,,,,,,
L101497,2024-11-01,,,,,,,,,,
L101497,2024-12-01,,,,,,,,,,
L101497,2025-01-01,,,,,,,,,,
L101497,2025-02-01,,,,,,,,,,
L101497,2025-03-01,,,,,,,,,,
L101497,2025-04-01,,,,,,,,,,
L101497,2025-05-01,,,,,,,,,,
L101497,2025-06-01,,,,,,,,,,
L101497,2025-07-01,,,,,,,,,,
L101497,2025-08-01,,,,,,,,,,
L101497,2025-09-01,,,,,,,,,,
L101497,2025-10-01,,,,,,,,,,
L101497,2025-11-01,,,,,,,,,,
L101497,2025-12-01,,,,,,,,,,
L101497,2026-01-01,,,,,,,,,,
L101497,2026-02-01,,,,,,,,,,
L101497,2026-03-01,,,,,,,,,,
L101502,2024-07-01,,,,,,,,,,
L101502,2024-08-01,,,,,,,,,,
L101502,2024-09-01,,,,,,,,,,
L101513,2024-07-01,,,,,,,,,,
L101513,2024-08-01,,,,,,,,,,
L101513,2024-09-01,,,,,,,,,,
L101513,2024-10-01,,,,,,,,,,
L101513,2024-11-01,,,,,,,,,,
L101513,2024-12-01,,,,,,,,,,
L101513,2025-01-01,,,,,,,,,,
L101513,2025-02-01,,,,,,,,,,
L101513,2025-03-01,,,,,,,,,,
L101513,2025-04-01,,,,,,,,,,
L101513,2025-05-01,,,,,,,,,,
L101513,2025-06-01,,,,,,,,,,
L101513,2025-07-01,,,,,,,,,,
L101513,2025-08-01,,,,,,,,,,
L101513,2025-09-01,,,,,,,,,,
L101514,2024-07-01,,,,,,,,,,
L101514,2024-08-01,,,,,,,,,,
L101514,2024-09-01,,,,,,,,,,
L101515,2024-07-01,,,,,,,,,,
L101515,2024-08-01,,,,,,,,,,
L101515,2024-09-01,,,,,,,,,,
L101515,2024-10-01,,,,,,,,,,
L101515,2024-11-01,,,,,,,,,,
L101515,2024-12-01,,,,,,,,,,
L101515,2025-01-01,,,,,,,,,,
L101516,2024-07-01,,,,,,,,,,
L101516,2024-08-01,,,,,,,,,,
L101516,2024-09-01,,,,,,,,,,
L101516,2024-10-01,,,,,,,,,,
L101516,2024-11-01,,,,,,,,,,
L101516,2024-12-01,,,,,,,,,,
L101516,2025-01-01,,,,,,,,,,
L101516,2025-02-01,,,,,,,,,,
L101516,2025-03-01,,,,,,,,,,
L101516,2025-04-01,,,,,,,,,,
L101516,2025-05-01,,,,,,,,,,
L101516,2025-06-01,,,,,,,,,,
L101516,2025-07-01,,,,,,,,,,
L101516,2025-08-01,,,,,,,,,,
L101516,2025-09-01,,,,,,,,,,
L101516,2025-10-01,,,,,,,,,,
L101516,2025-11-01,,,,,,,,,,
L101516,2025-12-01,,,,,,,,,,
L101516,2026-01-01,,,,,,,,,,
L101516,2026-02-01,,,,,,,,,,
L101518,2024-07-01,,,,,,,,,,
L101518,2024-08-01,,,,,,,,,,
L101518,2024-09-01,,,,,,,,,,
L101518,2024-10-01,,,,,,,,,,
L101518,2024-11-01,,,,,,,,,,
L101518,2024-12-01,,,,,,,,,,
L101518,2025-01-01,,,,,,,,,,
L101518,2025-02-01,,,,,,,,,,
L101518,2025-03-01,,,,,,,,,,
L101518,2025-04-01,,,,,,,,,,
L101518,2025-05-01,,,,,,,,,,
L101518,2025-06-01,,,,,,,,,,
L101518,2025-07-01,,,,,,,,,,
L101518,2025-08-01,,,,,,,,,,
L101518,2025-09-01,,,,,,,,,,
L101518,2025-10-01,,,,,,,,,,
L101518,2025-11-01,,,,,,,,,,
L101518,2025-12-01,,,,,,,,,,
L101524,2024-07-01,,,,,,,,,,
L101524,2024-08-01,,,,,,,,,,
L101524,2024-09-01,,,,,,,,,,
L101524,2024-10-01,,,,,,,,,,
L101524,2024-11-01,,,,,,,,,,
L101524,2024-12-01,,,,,,,,,,
L101524,2025-01-01,,,,,,,,,,
L101524,2025-02-01,,,,,,,,,,
L101524,2025-03-01,,,,,,,,,,
L101524,2025-04-01,,,,,,,,,,
L101524,2025-05-01,,,,,,,,,,
L101524,2025-06-01,,,,,,,,,,
L101524,2025-07-01,,,,,,,,,,
L101524,2025-08-01,,,,,,,,,,
L101524,2025-09-01,,,,,,,,,,
L101524,2025-10-01,,,,,,,,,,
L101524,2025-11-01,,,,,,,,,,
L101524,2025-12-01,,,,,,,,,,
L101524,2026-01-01,,,,,,,,,,
L101537,2024-07-01,,,,,,,,,,
L101537,2024-08-01,,,,,,,,,,
L101537,2024-09-01,,,,,,,,,,
L101537,2024-10-01,,,,,,,,,,
L101537,2024-11-01,,,,,,,,,,
L101537,2024-12-01,,,,,,,,,,
L101537,2025-01-01,,,,,,,,,,
L101537,2025-02-01,,,,,,,,,,
L101540,2024-07-01,,,,,,,,,,
L101540,2024-08-01,,,,,,,,,,
L101540,2024-09-01,,,,,,,,,,
L101540,2024-10-01,,,,,,,,,,
L101540,2024-11-01,,,,,,,,,,
L101550,2024-07-01,,,,,,,,,,
L101550,2024-08-01,,,,,,,,,,
L101550,2024-09-01,,,,,,,,,,
L101550,2024-10-01,,,,,,,,,,
L101550,2024-11-01,,,,,,,,,,
L101550,2024-12-01,,,,,,,,,,
L101550,2025-01-01,,,,,,,,,,
L101551,2024-07-01,,,,,,,,,,
L101551,2024-08-01,,,,,,,,,,
L101551,2024-09-01,,,,,,,,,,
L101551,2024-10-01,,,,,,,,,,
L101551,2024-11-01,,,,,,,,,,
L101551,2024-12-01,,,,,,,,,,
L101551,2025-01-01,,,,,,,,,,
L101551,2025-02-01,,,,,,,,,,
L101551,2025-03-01,,,,,,,,,,
L101551,2025-04-01,,,,,,,,,,
L101551,2025-05-01,,,,,,,,,,
L101551,2025-06-01,,,,,,,,,,
L101551,2025-07-01,,,,,,,,,,
L101555,2024-07-01,,,,,,,,,,
L101555,2024-08-01,,,,,,,,,,
L101555,2024-09-01,,,,,,,,,,
L101555,2024-10-01,,,,,,,,,,
L101555,2024-11-01,,,,,,,,,,
L101555,2024-12-01,,,,,,,,,,
L101555,2025-01-01,,,,,,,,,,
L101555,2025-02-01,,,,,,,,,,
L101555,2025-03-01,,,,,,,,,,
L101555,2025-04-01,,,,,,,,,,
L101555,2025-05-01,,,,,,,,,,
L101555,2025-06-01,,,,,,,,,,
L101555,2025-07-01,,,,,,,,,,
L101555,2025-08-01,,,,,,,,,,
L101555,2025-09-01,,,,,,,,,,
L101558,2024-07-01,,,,,,,,,,
L101558,2024-08-01,,,,,,,,,,
L101558,2024-09-01,,,,,,,,,,
L101558,2024-10-01,,,,,,,,,,
L101558,2024-11-01,,,,,,,,,,
L101558,2024-12-01,,,,,,,,,,
L101558,2025-01-01,,,,,,,,,,
L101558,2025-02-01,,,,,,,,,,
L101558,2025-03-01,,,,,,,,,,
L101558,2025-04-01,,,,,,,,,,
L101558,2025-05-01,,,,,,,,,,
L101558,2025-06-01,,,,,,,,,,
L101558,2025-07-01,,,,,,,,,,
L101558,2025-08-01,,,,,,,,,,
L101558,2025-09-01,,,,,,,,,,
L101558,2025-10-01,,,,,,,,,,
L101558,2025-11-01,,,,,,,,,,
L101558,2025-12-01,,,,,,,,,,
L101558,2026-01-01,,,,,,,,,,
L101558,2026-02-01,,,,,,,,,,
L101558,2026-03-01,,,,,,,,,,
L101558,2026-04-01,,,,,,,,,,
L101561,2024-07-01,,,,,,,,,,
L101561,2024-08-01,,,,,,,,,,
L101561,2024-09-01,,,,,,,,,,
L101561,2024-10-01,,,,,,,,,,
L101561,2024-11-01,,,,,,,,,,
L101561,2024-12-01,,,,,,,,,,
L101561,2025-01-01,,,,,,,,,,
L101561,2025-02-01,,,,,,,,,,
L101561,2025-03-01,,,,,,,,,,
L101561,2025-04-01,,,,,,,,,,
L101561,2025-05-01,,,,,,,,,,
L101561,2025-06-01,,,,,,,,,,
L101561,2025-07-01,,,,,,,,,,
L101561,2025-08-01,,,,,,,,,,
L101561,2025-09-01,,,,,,,,,,
L101561,2025-10-01,,,,,,,,,,
L101562,2024-07-01,,,,,,,,,,
L101562,2024-08-01,,,,,,,,,,
L101562,2024-09-01,,,,,,,,,,
L101562,2024-10-01,,,,,,,,,,
L101562,2024-11-01,,,,,,,,,,
L101562,2024-12-01,,,,,,,,,,
L101562,2025-01-01,,,,,,,,,,
L101562,2025-02-01,,,,,,,,,,
L101562,2025-03-01,,,,,,,,,,
L101563,2024-07-01,,,,,,,,,,
L101563,2024-08-01,,,,,,,,,,
L101563,2024-09-01,,,,,,,,,,
L101563,2024-10-01,,,,,,,,,,
L101563,2024-11-01,,,,,,,,,,
L101563,2024-12-01,,,,,,,,,,
L101563,2025-01-01,,,,,,,,,,
L101563,2025-02-01,,,,,,,,,,
L101563,2025-03-01,,,,,,,,,,
L101563,2025-04-01,,,,,,,,,,
L101563,2025-05-01,,,,,,,,,,
L101563,2025-06-01,,,,,,,,,,
L101563,2025-07-01,,,,,,,,,,
L101563,2025-08-01,,,,,,,,,,
L101563,2025-09-01,,,,,,,,,,
L101564,2024-07-01,,,,,,,,,,
L101564,2024-08-01,,,,,,,,,,
L101564,2024-09-01,,,,,,,,,,
L101564,2024-10-01,,,,,,,,,,
L101564,2024-11-01,,,,,,,,,,
L101564,2024-12-01,,,,,,,,,,
L101569,2024-07-01,,,,,,,,,,
L101572,2024-07-01,,,,,,,,,,
L101572,2024-08-01,,,,,,,,,,
L101572,2024-09-01,,,,,,,,,,
L101572,2024-10-01,,,,,,,,,,
L101572,2024-11-01,,,,,,,,,,
L101572,2024-12-01,,,,,,,,,,
L101572,2025-01-01,,,,,,,,,,
L101572,2025-02-01,,,,,,,,,,
L101572,2025-03-01,,,,,,,,,,
L101572,2025-04-01,,,,,,,,,,
L101572,2025-05-01,,,,,,,,,,
L101572,2025-06-01,,,,,,,,,,
L101572,2025-07-01,,,,,,,,,,
L101572,2025-08-01,,,,,,,,,,
L101572,2025-09-01,,,,,,,,,,
L101572,2025-10-01,,,,,,,,,,
L101572,2025-11-01,,,,,,,,,,
L101572,2025-12-01,,,,,,,,,,
L101572,2026-01-01,,,,,,,,,,
L101572,2026-02-01,,,,,,,,,,
L101576,2024-07-01,,,,,,,,,,
L101576,2024-08-01,,,,,,,,,,
L101576,2024-09-01,,,,,,,,,,
L101576,2024-10-01,,,,,,,,,,
L101576,2024-11-01,,,,,,,,,,
L101576,2024-12-01,,,,,,,,,,
L101576,2025-01-01,,,,,,,,,,
L101576,2025-02-01,,,,,,,,,,
L101576,2025-03-01,,,,,,,,,,
L101576,2025-04-01,,,,,,,,,,
L101576,2025-05-01,,,,,,,,,,
L101576,2025-06-01,,,,,,,,,,
L101576,2025-07-01,,,,,,,,,,
L101579,2024-07-01,,,,,,,,,,
L101579,2024-08-01,,,,,,,,,,
L101579,2024-09-01,,,,,,,,,,
L101579,2024-10-01,,,,,,,,,,
L101579,2024-11-01,,,,,,,,,,
L101579,2024-12-01,,,,,,,,,,
L101579,2025-01-01,,,,,,,,,,
L101579,2025-02-01,,,,,,,,,,
L101579,2025-03-01,,,,,,,,,,
L101579,2025-04-01,,,,,,,,,,
L101582,2024-07-01,,,,,,,,,,
L101582,2024-08-01,,,,,,,,,,
L101582,2024-09-01,,,,,,,,,,
L101582,2024-10-01,,,,,,,,,,
L101582,2024-11-01,,,,,,,,,,
L101582,2024-12-01,,,,,,,,,,
L101582,2025-01-01,,,,,,,,,,
L101582,2025-02-01,,,,,,,,,,
L101582,2025-03-01,,,,,,,,,,
L101582,2025-04-01,,,,,,,,,,
L101582,2025-05-01,,,,,,,,,,
L101582,2025-06-01,,,,,,,,,,
L101582,2025-07-01,,,,,,,,,,
L101582,2025-08-01,,,,,,,,,,
L101586,2024-07-01,,,,,,,,,,
L101586,2024-08-01,,,,,,,,,,
L101586,2024-09-01,,,,,,,,,,
L101586,2024-10-01,,,,,,,,,,
L101586,2024-11-01,,,,,,,,,,
L101586,2024-12-01,,,,,,,,,,
L101586,2025-01-01,,,,,,,,,,
L101586,2025-02-01,,,,,,,,,,
L101586,2025-03-01,,,,,,,,,,
L101586,2025-04-01,,,,,,,,,,
L101586,2025-05-01,,,,,,,,,,
L101586,2025-06-01,,,,,,,,,,
L101586,2025-07-01,,,,,,,,,,
L101586,2025-08-01,,,,,,,,,,
L101586,2025-09-01,,,,,,,,,,
L101586,2025-10-01,,,,,,,,,,
L101586,2025-11-01,,,,,,,,,,
L101587,2024-07-01,,,,,,,,,,
L101587,2024-08-01,,,,,,,,,,
L101587,2024-09-01,,,,,,,,,,
L101587,2024-10-01,,,,,,,,,,
L101587,2024-11-01,,,,,,,,,,
L101587,2024-12-01,,,,,,,,,,
L101587,2025-01-01,,,,,,,,,,
L101587,2025-02-01,,,,,,,,,,
L101587,2025-03-01,,,,,,,,,,
L101587,2025-04-01,,,,,,,,,,
L101587,2025-05-01,,,,,,,,,,
L101587,2025-06-01,,,,,,,,,,
L101587,2025-07-01,,,,,,,,,,
L101587,2025-08-01,,,,,,,,,,
L101587,2025-09-01,,,,,,,,,,
L101587,2025-10-01,,,,,,,,,,
L101587,2025-11-01,,,,,,,,,,
L101595,2024-07-01,,,,,,,,,,
L101595,2024-08-01,,,,,,,,,,
L101595,2024-09-01,,,,,,,,,,
L101596,2024-07-01,,,,,,,,,,
L101596,2024-08-01,,,,,,,,,,
L101596,2024-09-01,,,,,,,,,,
L101596,2024-10-01,,,,,,,,,,
L101596,2024-11-01,,,,,,,,,,
L101596,2024-12-01,,,,,,,,,,
L101596,2025-01-01,,,,,,,,,,
L101597,2024-07-01,,,,,,,,,,
L101597,2024-08-01,,,,,,,,,,
L101597,2024-09-01,,,,,,,,,,
L101597,2024-10-01,,,,,,,,,,
L101598,2024-07-01,,,,,,,,,,
L101600,2024-07-01,,,,,,,,,,
L101600,2024-08-01,,,,,,,,,,
L101600,2024-09-01,,,,,,,,,,
L101600,2024-10-01,,,,,,,,,,
L101600,2024-11-01,,,,,,,,,,
L101600,2024-12-01,,,,,,,,,,
L101600,2025-01-01,,,,,,,,,,
L101600,2025-02-01,,,,,,,,,,
L101600,2025-03-01,,,,,,,,,,
L101600,2025-04-01,,,,,,,,,,
L101600,2025-05-01,,,,,,,,,,
L101600,2025-06-01,,,,,,,,,,
L101600,2025-07-01,,,,,,,,,,
L101600,2025-08-01,,,,,,,,,,
L101600,2025-09-01,,,,,,,,,,
L101600,2025-10-01,,,,,,,,,,
L101600,2025-11-01,,,,,,,,,,
L101600,2025-12-01,,,,,,,,,,
L101600,2026-01-01,,,,,,,,,,
L101600,2026-02-01,,,,,,,,,,
L101600,2026-03-01,,,,,,,,,,
L101600,2026-04-01,,,,,,,,,,
L101603,2024-07-01,,,,,,,,,,
L101603,2024-08-01,,,,,,,,,,
L101603,2024-09-01,,,,,,,,,,
L101603,2024-10-01,,,,,,,,,,
L101603,2024-11-01,,,,,,,,,,
L101603,2024-12-01,,,,,,,,,,
L101603,2025-01-01,,,,,,,,,,
L101603,2025-02-01,,,,,,,,,,
L101603,2025-03-01,,,,,,,,,,
L101603,2025-04-01,,,,,,,,,,
L101603,2025-05-01,,,,,,,,,,
L101603,2025-06-01,,,,,,,,,,
L101603,2025-07-01,,,,,,,,,,
L101603,2025-08-01,,,,,,,,,,
L101603,2025-09-01,,,,,,,,,,
L101603,2025-10-01,,,,,,,,,,
L101603,2025-11-01,,,,,,,,,,
L101604,2024-07-01,,,,,,,,,,
L101604,2024-08-01,,,,,,,,,,
L101604,2024-09-01,,,,,,,,,,
L101604,2024-10-01,,,,,,,,,,
L101604,2024-11-01,,,,,,,,,,
L101604,2024-12-01,,,,,,,,,,
L101604,2025-01-01,,,,,,,,,,
L101604,2025-02-01,,,,,,,,,,
L101604,2025-03-01,,,,,,,,,,
L101604,2025-04-01,,,,,,,,,,
L101604,2025-05-01,,,,,,,,,,
L101604,2025-06-01,,,,,,,,,,
L101604,2025-07-01,,,,,,,,,,
L101604,2025-08-01,,,,,,,,,,
L101604,2025-09-01,,,,,,,,,,
L101604,2025-10-01,,,,,,,,,,
L101604,2025-11-01,,,,,,,,,,
L101604,2025-12-01,,,,,,,,,,
L101604,2026-01-01,,,,,,,,,,
L101604,2026-02-01,,,,,,,,,,
L101604,2026-03-01,,,,,,,,,,
L101604,2026-04-01,,,,,,,,,,
L101606,2024-07-01,,,,,,,,,,
L101606,2024-08-01,,,,,,,,,,
L101606,2024-09-01,,,,,,,,,,
L101606,2024-10-01,,,,,,,,,,
L101606,2024-11-01,,,,,,,,,,
L101606,2024-12-01,,,,,,,,,,
L101606,2025-01-01,,,,,,,,,,
L101606,2025-02-01,,,,,,,,,,
L101606,2025-03-01,,,,,,,,,,
L101606,2025-04-01,,,,,,,,,,
L101606,2025-05-01,,,,,,,,,,
L101606,2025-06-01,,,,,,,,,,
L101606,2025-07-01,,,,,,,,,,
L101606,2025-08-01,,,,,,,,,,
L101606,2025-09-01,,,,,,,,,,
L101606,2025-10-01,,,,,,,,,,
L101607,2024-07-01,,,,,,,,,,
L101607,2024-08-01,,,,,,,,,,
L101607,2024-09-01,,,,,,,,,,
L101607,2024-10-01,,,,,,,,,,
L101607,2024-11-01,,,,,,,,,,
L101607,2024-12-01,,,,,,,,,,
L101607,2025-01-01,,,,,,,,,,
L101607,2025-02-01,,,,,,,,,,
L101607,2025-03-01,,,,,,,,,,
L101607,2025-04-01,,,,,,,,,,
L101607,2025-05-01,,,,,,,,,,
L101607,2025-06-01,,,,,,,,,,
L101607,2025-07-01,,,,,,,,,,
L101607,2025-08-01,,,,,,,,,,
L101607,2025-09-01,,,,,,,,,,
L101607,2025-10-01,,,,,,,,,,
L101607,2025-11-01,,,,,,,,,,
L101607,2025-12-01,,,,,,,,,,
L101607,2026-01-01,,,,,,,,,,
L101610,2024-07-01,,,,,,,,,,
L101610,2024-08-01,,,,,,,,,,
L101610,2024-09-01,,,,,,,,,,
L101610,2024-10-01,,,,,,,,,,
L101610,2024-11-01,,,,,,,,,,
L101610,2024-12-01,,,,,,,,,,
L101610,2025-01-01,,,,,,,,,,
L101610,2025-02-01,,,,,,,,,,
L101610,2025-03-01,,,,,,,,,,
L101610,2025-04-01,,,,,,,,,,
L101610,2025-05-01,,,,,,,,,,
L101611,2024-07-01,,,,,,,,,,
L101611,2024-08-01,,,,,,,,,,
L101611,2024-09-01,,,,,,,,,,
L101617,2024-07-01,,,,,,,,,,
L101617,2024-08-01,,,,,,,,,,
L101617,2024-09-01,,,,,,,,,,
L101617,2024-10-01,,,,,,,,,,
L101617,2024-11-01,,,,,,,,,,
L101617,2024-12-01,,,,,,,,,,
L101617,2025-01-01,,,,,,,,,,
L101617,2025-02-01,,,,,,,,,,
L101617,2025-03-01,,,,,,,,,,
L101617,2025-04-01,,,,,,,,,,
L101617,2025-05-01,,,,,,,,,,
L101617,2025-06-01,,,,,,,,,,
L101617,2025-07-01,,,,,,,,,,
L101617,2025-08-01,,,,,,,,,,
L101617,2025-09-01,,,,,,,,,,
L101617,2025-10-01,,,,,,,,,,
L101617,2025-11-01,,,,,,,,,,
L101617,2025-12-01,,,,,,,,,,
L101617,2026-01-01,,,,,,,,,,
L101617,2026-02-01,,,,,,,,,,
L101617,2026-03-01,,,,,,,,,,
L101617,2026-04-01,,,,,,,,,,
L101620,2024-07-01,,,,,,,,,,
L101620,2024-08-01,,,,,,,,,,
L101620,2024-09-01,,,,,,,,,,
L101620,2024-10-01,,,,,,,,,,
L101620,2024-11-01,,,,,,,,,,
L101620,2024-12-01,,,,,,,,,,
L101620,2025-01-01,,,,,,,,,,
L101620,2025-02-01,,,,,,,,,,
L101620,2025-03-01,,,,,,,,,,
L101620,2025-04-01,,,,,,,,,,
L101620,2025-05-01,,,,,,,,,,
L101620,2025-06-01,,,,,,,,,,
L101622,2024-07-01,,,,,,,,,,
L101622,2024-08-01,,,,,,,,,,
L101622,2024-09-01,,,,,,,,,,
L101622,2024-10-01,,,,,,,,,,
L101634,2024-07-01,,,,,,,,,,
L101634,2024-08-01,,,,,,,,,,
L101634,2024-09-01,,,,,,,,,,
L101634,2024-10-01,,,,,,,,,,
L101634,2024-11-01,,,,,,,,,,
L101634,2024-12-01,,,,,,,,,,
L101634,2025-01-01,,,,,,,,,,
L101634,2025-02-01,,,,,,,,,,
L101634,2025-03-01,,,,,,,,,,
L101634,2025-04-01,,,,,,,,,,
L101634,2025-05-01,,,,,,,,,,
L101634,2025-06-01,,,,,,,,,,
L101634,2025-07-01,,,,,,,,,,
L101635,2024-07-01,,,,,,,,,,
L101635,2024-08-01,,,,,,,,,,
L101636,2024-07-01,,,,,,,,,,
L101636,2024-08-01,,,,,,,,,,
L101639,2024-07-01,,,,,,,,,,
L101639,2024-08-01,,,,,,,,,,
L101639,2024-09-01,,,,,,,,,,
L101639,2024-10-01,,,,,,,,,,
L101639,2024-11-01,,,,,,,,,,
L101639,2024-12-01,,,,,,,,,,
L101639,2025-01-01,,,,,,,,,,
L101639,2025-02-01,,,,,,,,,,
L101639,2025-03-01,,,,,,,,,,
L101639,2025-04-01,,,,,,,,,,
L101639,2025-05-01,,,,,,,,,,
L101639,2025-06-01,,,,,,,,,,
L101639,2025-07-01,,,,,,,,,,
L101639,2025-08-01,,,,,,,,,,
L101639,2025-09-01,,,,,,,,,,
L101639,2025-10-01,,,,,,,,,,
L101639,2025-11-01,,,,,,,,,,
L101639,2025-12-01,,,,,,,,,,
L101639,2026-01-01,,,,,,,,,,
L101639,2026-02-01,,,,,,,,,,
L101639,2026-03-01,,,,,,,,,,
L101643,2024-07-01,,,,,,,,,,
L101643,2024-08-01,,,,,,,,,,
L101643,2024-09-01,,,,,,,,,,
L101643,2024-10-01,,,,,,,,,,
L101643,2024-11-01,,,,,,,,,,
L101643,2024-12-01,,,,,,,,,,
L101643,2025-01-01,,,,,,,,,,
L101643,2025-02-01,,,,,,,,,,
L101643,2025-03-01,,,,,,,,,,
L101643,2025-04-01,,,,,,,,,,
L101643,2025-05-01,,,,,,,,,,
L101643,2025-06-01,,,,,,,,,,
L101643,2025-07-01,,,,,,,,,,
L101643,2025-08-01,,,,,,,,,,
L101643,2025-09-01,,,,,,,,,,
L101643,2025-10-01,,,,,,,,,,
L101643,2025-11-01,,,,,,,,,,
L101643,2025-12-01,,,,,,,,,,
L101643,2026-01-01,,,,,,,,,,
L101643,2026-02-01,,,,,,,,,,
L101643,2026-03-01,,,,,,,,,,
L101644,2024-07-01,,,,,,,,,,
L101644,2024-08-01,,,,,,,,,,
L101644,2024-09-01,,,,,,,,,,
L101644,2024-10-01,,,,,,,,,,
L101644,2024-11-01,,,,,,,,,,
L101644,2024-12-01,,,,,,,,,,
L101644,2025-01-01,,,,,,,,,,
L101644,2025-02-01,,,,,,,,,,
L101644,2025-03-01,,,,,,,,,,
L101644,2025-04-01,,,,,,,,,,
L101644,2025-05-01,,,,,,,,,,
L101644,2025-06-01,,,,,,,,,,
L101644,2025-07-01,,,,,,,,,,
L101644,2025-08-01,,,,,,,,,,
L101644,2025-09-01,,,,,,,,,,
L101644,2025-10-01,,,,,,,,,,
L101644,2025-11-01,,,,,,,,,,
L101644,2025-12-01,,,,,,,,,,
L101644,2026-01-01,,,,,,,,,,
L101644,2026-02-01,,,,,,,,,,
L101644,2026-03-01,,,,,,,,,,
L101644,2026-04-01,,,,,,,,,,
L101644,2026-05-01,,,,,,,,,,
L101649,2024-07-01,,,,,,,,,,
L101649,2024-08-01,,,,,,,,,,
L101649,2024-09-01,,,,,,,,,,
L101649,2024-10-01,,,,,,,,,,
L101649,2024-11-01,,,,,,,,,,
L101649,2024-12-01,,,,,,,,,,
L101649,2025-01-01,,,,,,,,,,
L101649,2025-02-01,,,,,,,,,,
L101649,2025-03-01,,,,,,,,,,
L101649,2025-04-01,,,,,,,,,,
L101649,2025-05-01,,,,,,,,,,
L101649,2025-06-01,,,,,,,,,,
L101649,2025-07-01,,,,,,,,,,
L101649,2025-08-01,,,,,,,,,,
L101649,2025-09-01,,,,,,,,,,
L101649,2025-10-01,,,,,,,,,,
L101649,2025-11-01,,,,,,,,,,
L101649,2025-12-01,,,,,,,,,,
L101649,2026-01-01,,,,,,,,,,
L101649,2026-02-01,,,,,,,,,,
L101649,2026-03-01,,,,,,,,,,
L101649,2026-04-01,,,,,,,,,,
L101652,2024-07-01,,,,,,,,,,
L101652,2024-08-01,,,,,,,,,,
L101652,2024-09-01,,,,,,,,,,
L101652,2024-10-01,,,,,,,,,,
L101652,2024-11-01,,,,,,,,,,
L101652,2024-12-01,,,,,,,,,,
L101652,2025-01-01,,,,,,,,,,
L101652,2025-02-01,,,,,,,,,,
L101652,2025-03-01,,,,,,,,,,
L101652,2025-04-01,,,,,,,,,,
L101652,2025-05-01,,,,,,,,,,
L101652,2025-06-01,,,,,,,,,,
L101652,2025-07-01,,,,,,,,,,
L101652,2025-08-01,,,,,,,,,,
L101652,2025-09-01,,,,,,,,,,
L101653,2024-07-01,,,,,,,,,,
L101653,2024-08-01,,,,,,,,,,
L101653,2024-09-01,,,,,,,,,,
L101653,2024-10-01,,,,,,,,,,
L101653,2024-11-01,,,,,,,,,,
L101653,2024-12-01,,,,,,,,,,
L101653,2025-01-01,,,,,,,,,,
L101653,2025-02-01,,,,,,,,,,
L101653,2025-03-01,,,,,,,,,,
L101653,2025-04-01,,,,,,,,,,
L101653,2025-05-01,,,,,,,,,,
L101653,2025-06-01,,,,,,,,,,
L101653,2025-07-01,,,,,,,,,,
L101653,2025-08-01,,,,,,,,,,
L101653,2025-09-01,,,,,,,,,,
L101653,2025-10-01,,,,,,,,,,
L101653,2025-11-01,,,,,,,,,,
L101653,2025-12-01,,,,,,,,,,
L101653,2026-01-01,,,,,,,,,,
L101653,2026-02-01,,,,,,,,,,
L101656,2024-07-01,,,,,,,,,,
L101656,2024-08-01,,,,,,,,,,
L101656,2024-09-01,,,,,,,,,,
L101656,2024-10-01,,,,,,,,,,
L101656,2024-11-01,,,,,,,,,,
L101656,2024-12-01,,,,,,,,,,
L101656,2025-01-01,,,,,,,,,,
L101656,2025-02-01,,,,,,,,,,
L101656,2025-03-01,,,,,,,,,,
L101656,2025-04-01,,,,,,,,,,
L101656,2025-05-01,,,,,,,,,,
L101656,2025-06-01,,,,,,,,,,
L101656,2025-07-01,,,,,,,,,,
L101656,2025-08-01,,,,,,,,,,
L101656,2025-09-01,,,,,,,,,,
L101656,2025-10-01,,,,,,,,,,
L101656,2025-11-01,,,,,,,,,,
L101656,2025-12-01,,,,,,,,,,
L101656,2026-01-01,,,,,,,,,,
L101656,2026-02-01,,,,,,,,,,
L101656,2026-03-01,,,,,,,,,,
L101657,2024-07-01,,,,,,,,,,
L101657,2024-08-01,,,,,,,,,,
L101657,2024-09-01,,,,,,,,,,
L101657,2024-10-01,,,,,,,,,,
L101657,2024-11-01,,,,,,,,,,
L101657,2024-12-01,,,,,,,,,,
L101657,2025-01-01,,,,,,,,,,
L101657,2025-02-01,,,,,,,,,,
L101657,2025-03-01,,,,,,,,,,
L101657,2025-04-01,,,,,,,,,,
L101657,2025-05-01,,,,,,,,,,
L101657,2025-06-01,,,,,,,,,,
L101657,2025-07-01,,,,,,,,,,
L101658,2024-07-01,,,,,,,,,,
L101658,2024-08-01,,,,,,,,,,
L101658,2024-09-01,,,,,,,,,,
L101658,2024-10-01,,,,,,,,,,
L101658,2024-11-01,,,,,,,,,,
L101658,2024-12-01,,,,,,,,,,
L101658,2025-01-01,,,,,,,,,,
L101658,2025-02-01,,,,,,,,,,
L101658,2025-03-01,,,,,,,,,,
L101659,2024-07-01,,,,,,,,,,
L101659,2024-08-01,,,,,,,,,,
L101659,2024-09-01,,,,,,,,,,
L101659,2024-10-01,,,,,,,,,,
L101659,2024-11-01,,,,,,,,,,
L101659,2024-12-01,,,,,,,,,,
L101659,2025-01-01,,,,,,,,,,
L101659,2025-02-01,,,,,,,,,,
L101659,2025-03-01,,,,,,,,,,
L101659,2025-04-01,,,,,,,,,,
L101659,2025-05-01,,,,,,,,,,
L101659,2025-06-01,,,,,,,,,,
L101660,2024-07-01,,,,,,,,,,
L101660,2024-08-01,,,,,,,,,,
L101660,2024-09-01,,,,,,,,,,
L101660,2024-10-01,,,,,,,,,,
L101660,2024-11-01,,,,,,,,,,
L101660,2024-12-01,,,,,,,,,,
L101660,2025-01-01,,,,,,,,,,
L101660,2025-02-01,,,,,,,,,,
L101660,2025-03-01,,,,,,,,,,
L101660,2025-04-01,,,,,,,,,,
L101660,2025-05-01,,,,,,,,,,
L101660,2025-06-01,,,,,,,,,,
L101660,2025-07-01,,,,,,,,,,
L101660,2025-08-01,,,,,,,,,,
L101660,2025-09-01,,,,,,,,,,
L101660,2025-10-01,,,,,,,,,,
L101660,2025-11-01,,,,,,,,,,
L101660,2025-12-01,,,,,,,,,,
L101660,2026-01-01,,,,,,,,,,
L101660,2026-02-01,,,,,,,,,,
L101660,2026-03-01,,,,,,,,,,
L101661,2024-07-01,,,,,,,,,,
L101661,2024-08-01,,,,,,,,,,
L101661,2024-09-01,,,,,,,,,,
L101661,2024-10-01,,,,,,,,,,
L101661,2024-11-01,,,,,,,,,,
L101663,2024-07-01,,,,,,,,,,
L101663,2024-08-01,,,,,,,,,,
L101663,2024-09-01,,,,,,,,,,
L101663,2024-10-01,,,,,,,,,,
L101663,2024-11-01,,,,,,,,,,
L101663,2024-12-01,,,,,,,,,,
L101663,2025-01-01,,,,,,,,,,
L101663,2025-02-01,,,,,,,,,,
L101663,2025-03-01,,,,,,,,,,
L101663,2025-04-01,,,,,,,,,,
L101663,2025-05-01,,,,,,,,,,
L101663,2025-06-01,,,,,,,,,,
L101670,2024-07-01,,,,,,,,,,
L101670,2024-08-01,,,,,,,,,,
L101670,2024-09-01,,,,,,,,,,
L101670,2024-10-01,,,,,,,,,,
L101670,2024-11-01,,,,,,,,,,
L101670,2024-12-01,,,,,,,,,,
L101670,2025-01-01,,,,,,,,,,
L101670,2025-02-01,,,,,,,,,,
L101670,2025-03-01,,,,,,,,,,
L101670,2025-04-01,,,,,,,,,,
L101670,2025-05-01,,,,,,,,,,
L101670,2025-06-01,,,,,,,,,,
L101670,2025-07-01,,,,,,,,,,
L101670,2025-08-01,,,,,,,,,,
L101670,2025-09-01,,,,,,,,,,
L101671,2024-07-01,,,,,,,,,,
L101671,2024-08-01,,,,,,,,,,
L101671,2024-09-01,,,,,,,,,,
L101671,2024-10-01,,,,,,,,,,
L101671,2024-11-01,,,,,,,,,,
L101671,2024-12-01,,,,,,,,,,
L101671,2025-01-01,,,,,,,,,,
L101671,2025-02-01,,,,,,,,,,
L101671,2025-03-01,,,,,,,,,,
L101671,2025-04-01,,,,,,,,,,
L101671,2025-05-01,,,,,,,,,,
L101671,2025-06-01,,,,,,,,,,
L101671,2025-07-01,,,,,,,,,,
L101671,2025-08-01,,,,,,,,,,
L101671,2025-09-01,,,,,,,,,,
L101671,2025-10-01,,,,,,,,,,
L101671,2025-11-01,,,,,,,,,,
L101671,2025-12-01,,,,,,,,,,
L101671,2026-01-01,,,,,,,,,,
L101671,2026-02-01,,,,,,,,,,
L101671,2026-03-01,,,,,,,,,,
L101671,2026-04-01,,,,,,,,,,
L101671,2026-05-01,,,,,,,,,,
L101672,2024-07-01,,,,,,,,,,
L101672,2024-08-01,,,,,,,,,,
L101672,2024-09-01,,,,,,,,,,
L101672,2024-10-01,,,,,,,,,,
L101672,2024-11-01,,,,,,,,,,
L101672,2024-12-01,,,,,,,,,,
L101672,2025-01-01,,,,,,,,,,
L101672,2025-02-01,,,,,,,,,,
L101672,2025-03-01,,,,,,,,,,
L101672,2025-04-01,,,,,,,,,,
L101672,2025-05-01,,,,,,,,,,
L101672,2025-06-01,,,,,,,,,,
L101672,2025-07-01,,,,,,,,,,
L101672,2025-08-01,,,,,,,,,,
L101672,2025-09-01,,,,,,,,,,
L101676,2024-07-01,,,,,,,,,,
L101676,2024-08-01,,,,,,,,,,
L101676,2024-09-01,,,,,,,,,,
L101676,2024-10-01,,,,,,,,,,
L101676,2024-11-01,,,,,,,,,,
L101676,2024-12-01,,,,,,,,,,
L101676,2025-01-01,,,,,,,,,,
L101676,2025-02-01,,,,,,,,,,
L101676,2025-03-01,,,,,,,,,,
L101676,2025-04-01,,,,,,,,,,
L101676,2025-05-01,,,,,,,,,,
L101676,2025-06-01,,,,,,,,,,
L101676,2025-07-01,,,,,,,,,,
L101676,2025-08-01,,,,,,,,,,
L101676,2025-09-01,,,,,,,,,,
L101676,2025-10-01,,,,,,,,,,
L101676,2025-11-01,,,,,,,,,,
L101679,2024-07-01,,,,,,,,,,
L101679,2024-08-01,,,,,,,,,,
L101679,2024-09-01,,,,,,,,,,
L101679,2024-10-01,,,,,,,,,,
L101679,2024-11-01,,,,,,,,,,
L101679,2024-12-01,,,,,,,,,,
L101679,2025-01-01,,,,,,,,,,
L101679,2025-02-01,,,,,,,,,,
L101679,2025-03-01,,,,,,,,,,
L101679,2025-04-01,,,,,,,,,,
L101679,2025-05-01,,,,,,,,,,
L101679,2025-06-01,,,,,,,,,,
L101679,2025-07-01,,,,,,,,,,
L101679,2025-08-01,,,,,,,,,,
L101679,2025-09-01,,,,,,,,,,
L101680,2024-07-01,,,,,,,,,,
L101680,2024-08-01,,,,,,,,,,
L101680,2024-09-01,,,,,,,,,,
L101680,2024-10-01,,,,,,,,,,
L101680,2024-11-01,,,,,,,,,,
L101680,2024-12-01,,,,,,,,,,
L101680,2025-01-01,,,,,,,,,,
L101680,2025-02-01,,,,,,,,,,
L101680,2025-03-01,,,,,,,,,,
L101680,2025-04-01,,,,,,,,,,
L101680,2025-05-01,,,,,,,,,,
L101680,2025-06-01,,,,,,,,,,
L101680,2025-07-01,,,,,,,,,,
L101680,2025-08-01,,,,,,,,,,
L101680,2025-09-01,,,,,,,,,,
L101680,2025-10-01,,,,,,,,,,
L101680,2025-11-01,,,,,,,,,,
L101680,2025-12-01,,,,,,,,,,
L101680,2026-01-01,,,,,,,,,,
L101680,2026-02-01,,,,,,,,,,
L101680,2026-03-01,,,,,,,,,,
L101680,2026-04-01,,,,,,,,,,
L101681,2024-07-01,,,,,,,,,,
L101681,2024-08-01,,,,,,,,,,
L101681,2024-09-01,,,,,,,,,,
L101681,2024-10-01,,,,,,,,,,
L101681,2024-11-01,,,,,,,,,,
L101681,2024-12-01,,,,,,,,,,
L101681,2025-01-01,,,,,,,,,,
L101681,2025-02-01,,,,,,,,,,
L101681,2025-03-01,,,,,,,,,,
L101681,2025-04-01,,,,,,,,,,
L101681,2025-05-01,,,,,,,,,,
L101681,2025-06-01,,,,,,,,,,
L101681,2025-07-01,,,,,,,,,,
L101681,2025-08-01,,,,,,,,,,
L101681,2025-09-01,,,,,,,,,,
L101681,2025-10-01,,,,,,,,,,
L101681,2025-11-01,,,,,,,,,,
L101681,2025-12-01,,,,,,,,,,
L101687,2024-07-01,,,,,,,,,,
L101687,2024-08-01,,,,,,,,,,
L101687,2024-09-01,,,,,,,,,,
L101687,2024-10-01,,,,,,,,,,
L101687,2024-11-01,,,,,,,,,,
L101687,2024-12-01,,,,,,,,,,
L101687,2025-01-01,,,,,,,,,,
L101690,2024-07-01,,,,,,,,,,
L101690,2024-08-01,,,,,,,,,,
L101691,2024-07-01,,,,,,,,,,
L101691,2024-08-01,,,,,,,,,,
L101691,2024-09-01,,,,,,,,,,
L101691,2024-10-01,,,,,,,,,,
L101691,2024-11-01,,,,,,,,,,
L101691,2024-12-01,,,,,,,,,,
L101691,2025-01-01,,,,,,,,,,
L101691,2025-02-01,,,,,,,,,,
L101691,2025-03-01,,,,,,,,,,
L101693,2024-07-01,,,,,,,,,,
L101693,2024-08-01,,,,,,,,,,
L101693,2024-09-01,,,,,,,,,,
L101693,2024-10-01,,,,,,,,,,
L101693,2024-11-01,,,,,,,,,,
L101693,2024-12-01,,,,,,,,,,
L101693,2025-01-01,,,,,,,,,,
L101693,2025-02-01,,,,,,,,,,
L101693,2025-03-01,,,,,,,,,,
L101693,2025-04-01,,,,,,,,,,
L101693,2025-05-01,,,,,,,,,,
L101693,2025-06-01,,,,,,,,,,
L101693,2025-07-01,,,,,,,,,,
L101693,2025-08-01,,,,,,,,,,
L101708,2024-07-01,,,,,,,,,,
L101708,2024-08-01,,,,,,,,,,
L101708,2024-09-01,,,,,,,,,,
L101708,2024-10-01,,,,,,,,,,
L101708,2024-11-01,,,,,,,,,,
L101708,2024-12-01,,,,,,,,,,
L101708,2025-01-01,,,,,,,,,,
L101708,2025-02-01,,,,,,,,,,
L101708,2025-03-01,,,,,,,,,,
L101708,2025-04-01,,,,,,,,,,
L101708,2025-05-01,,,,,,,,,,
L101708,2025-06-01,,,,,,,,,,
L101708,2025-07-01,,,,,,,,,,
L101708,2025-08-01,,,,,,,,,,
L101712,2024-07-01,,,,,,,,,,
L101712,2024-08-01,,,,,,,,,,
L101712,2024-09-01,,,,,,,,,,
L101712,2024-10-01,,,,,,,,,,
L101712,2024-11-01,,,,,,,,,,
L101712,2024-12-01,,,,,,,,,,
L101712,2025-01-01,,,,,,,,,,
L101714,2024-07-01,,,,,,,,,,
L101714,2024-08-01,,,,,,,,,,
L101714,2024-09-01,,,,,,,,,,
L101714,2024-10-01,,,,,,,,,,
L101714,2024-11-01,,,,,,,,,,
L101714,2024-12-01,,,,,,,,,,
L101714,2025-01-01,,,,,,,,,,
L101714,2025-02-01,,,,,,,,,,
L101714,2025-03-01,,,,,,,,,,
L101714,2025-04-01,,,,,,,,,,
L101714,2025-05-01,,,,,,,,,,
L101714,2025-06-01,,,,,,,,,,
L101714,2025-07-01,,,,,,,,,,
L101714,2025-08-01,,,,,,,,,,
L101714,2025-09-01,,,,,,,,,,
L101714,2025-10-01,,,,,,,,,,
L101714,2025-11-01,,,,,,,,,,
L101714,2025-12-01,,,,,,,,,,
L101714,2026-01-01,,,,,,,,,,
L101714,2026-02-01,,,,,,,,,,
L101714,2026-03-01,,,,,,,,,,
L101714,2026-04-01,,,,,,,,,,
L101715,2024-07-01,,,,,,,,,,
L101715,2024-08-01,,,,,,,,,,
L101715,2024-09-01,,,,,,,,,,
L101715,2024-10-01,,,,,,,,,,
L101715,2024-11-01,,,,,,,,,,
L101715,2024-12-01,,,,,,,,,,
L101715,2025-01-01,,,,,,,,,,
L101715,2025-02-01,,,,,,,,,,
L101715,2025-03-01,,,,,,,,,,
L101715,2025-04-01,,,,,,,,,,
L101715,2025-05-01,,,,,,,,,,
L101715,2025-06-01,,,,,,,,,,
L101715,2025-07-01,,,,,,,,,,
L101715,2025-08-01,,,,,,,,,,
L101715,2025-09-01,,,,,,,,,,
L101715,2025-10-01,,,,,,,,,,
L101715,2025-11-01,,,,,,,,,,
L101715,2025-12-01,,,,,,,,,,
L101715,2026-01-01,,,,,,,,,,
L101719,2024-07-01,,,,,,,,,,
L101719,2024-08-01,,,,,,,,,,
L101719,2024-09-01,,,,,,,,,,
L101719,2024-10-01,,,,,,,,,,
L101719,2024-11-01,,,,,,,,,,
L101721,2024-07-01,,,,,,,,,,
L101721,2024-08-01,,,,,,,,,,
L101721,2024-09-01,,,,,,,,,,
L101721,2024-10-01,,,,,,,,,,
L101721,2024-11-01,,,,,,,,,,
L101721,2024-12-01,,,,,,,,,,
L101721,2025-01-01,,,,,,,,,,
L101721,2025-02-01,,,,,,,,,,
L101721,2025-03-01,,,,,,,,,,
L101721,2025-04-01,,,,,,,,,,
L101721,2025-05-01,,,,,,,,,,
L101721,2025-06-01,,,,,,,,,,
L101721,2025-07-01,,,,,,,,,,
L101721,2025-08-01,,,,,,,,,,
L101721,2025-09-01,,,,,,,,,,
L101721,2025-10-01,,,,,,,,,,
L101721,2025-11-01,,,,,,,,,,
L101721,2025-12-01,,,,,,,,,,
L101721,2026-01-01,,,,,,,,,,
L101721,2026-02-01,,,,,,,,,,
L101721,2026-03-01,,,,,,,,,,
L101721,2026-04-01,,,,,,,,,,
L101722,2024-07-01,,,,,,,,,,
L101722,2024-08-01,,,,,,,,,,
L101722,2024-09-01,,,,,,,,,,
L101722,2024-10-01,,,,,,,,,,
L101722,2024-11-01,,,,,,,,,,
L101722,2024-12-01,,,,,,,,,,
L101722,2025-01-01,,,,,,,,,,
L101722,2025-02-01,,,,,,,,,,
L101725,2024-07-01,,,,,,,,,,
L101725,2024-08-01,,,,,,,,,,
L101725,2024-09-01,,,,,,,,,,
L101725,2024-10-01,,,,,,,,,,
L101725,2024-11-01,,,,,,,,,,
L101725,2024-12-01,,,,,,,,,,
L101725,2025-01-01,,,,,,,,,,
L101725,2025-02-01,,,,,,,,,,
L101725,2025-03-01,,,,,,,,,,
L101725,2025-04-01,,,,,,,,,,
L101725,2025-05-01,,,,,,,,,,
L101725,2025-06-01,,,,,,,,,,
L101726,2024-07-01,,,,,,,,,,
L101726,2024-08-01,,,,,,,,,,
L101726,2024-09-01,,,,,,,,,,
L101726,2024-10-01,,,,,,,,,,
L101726,2024-11-01,,,,,,,,,,
L101726,2024-12-01,,,,,,,,,,
L101726,2025-01-01,,,,,,,,,,
L101726,2025-02-01,,,,,,,,,,
L101726,2025-03-01,,,,,,,,,,
L101726,2025-04-01,,,,,,,,,,
L101726,2025-05-01,,,,,,,,,,
L101726,2025-06-01,,,,,,,,,,
L101726,2025-07-01,,,,,,,,,,
L101726,2025-08-01,,,,,,,,,,
L101727,2024-07-01,,,,,,,,,,
L101727,2024-08-01,,,,,,,,,,
L101727,2024-09-01,,,,,,,,,,
L101727,2024-10-01,,,,,,,,,,
L101727,2024-11-01,,,,,,,,,,
L101727,2024-12-01,,,,,,,,,,
L101727,2025-01-01,,,,,,,,,,
L101727,2025-02-01,,,,,,,,,,
L101727,2025-03-01,,,,,,,,,,
L101727,2025-04-01,,,,,,,,,,
L101727,2025-05-01,,,,,,,,,,
L101727,2025-06-01,,,,,,,,,,
L101727,2025-07-01,,,,,,,,,,
L101727,2025-08-01,,,,,,,,,,
L101727,2025-09-01,,,,,,,,,,
L101727,2025-10-01,,,,,,,,,,
L101727,2025-11-01,,,,,,,,,,
L101727,2025-12-01,,,,,,,,,,
L101727,2026-01-01,,,,,,,,,,
L101727,2026-02-01,,,,,,,,,,
L101727,2026-03-01,,,,,,,,,,
L101727,2026-04-01,,,,,,,,,,
L101729,2024-07-01,,,,,,,,,,
L101729,2024-08-01,,,,,,,,,,
L101729,2024-09-01,,,,,,,,,,
L101729,2024-10-01,,,,,,,,,,
L101729,2024-11-01,,,,,,,,,,
L101729,2024-12-01,,,,,,,,,,
L101729,2025-01-01,,,,,,,,,,
L101729,2025-02-01,,,,,,,,,,
L101729,2025-03-01,,,,,,,,,,
L101729,2025-04-01,,,,,,,,,,
L101729,2025-05-01,,,,,,,,,,
L101729,2025-06-01,,,,,,,,,,
L101730,2024-07-01,,,,,,,,,,
L101730,2024-08-01,,,,,,,,,,
L101730,2024-09-01,,,,,,,,,,
L101730,2024-10-01,,,,,,,,,,
L101730,2024-11-01,,,,,,,,,,
L101730,2024-12-01,,,,,,,,,,
L101730,2025-01-01,,,,,,,,,,
L101730,2025-02-01,,,,,,,,,,
L101730,2025-03-01,,,,,,,,,,
L101730,2025-04-01,,,,,,,,,,
L101730,2025-05-01,,,,,,,,,,
L101730,2025-06-01,,,,,,,,,,
L101730,2025-07-01,,,,,,,,,,
L101730,2025-08-01,,,,,,,,,,
L101730,2025-09-01,,,,,,,,,,
L101730,2025-10-01,,,,,,,,,,
L101730,2025-11-01,,,,,,,,,,
L101739,2024-07-01,,,,,,,,,,
L101739,2024-08-01,,,,,,,,,,
L101739,2024-09-01,,,,,,,,,,
L101739,2024-10-01,,,,,,,,,,
L101739,2024-11-01,,,,,,,,,,
L101739,2024-12-01,,,,,,,,,,
L101754,2024-07-01,,,,,,,,,,
L101754,2024-08-01,,,,,,,,,,
L101754,2024-09-01,,,,,,,,,,
L101754,2024-10-01,,,,,,,,,,
L101754,2024-11-01,,,,,,,,,,
L101754,2024-12-01,,,,,,,,,,
L101754,2025-01-01,,,,,,,,,,
L101754,2025-02-01,,,,,,,,,,
L101754,2025-03-01,,,,,,,,,,
L101754,2025-04-01,,,,,,,,,,
L101754,2025-05-01,,,,,,,,,,
L101754,2025-06-01,,,,,,,,,,
L101754,2025-07-01,,,,,,,,,,
L101758,2024-07-01,,,,,,,,,,
L101758,2024-08-01,,,,,,,,,,
L101758,2024-09-01,,,,,,,,,,
L101758,2024-10-01,,,,,,,,,,
L101758,2024-11-01,,,,,,,,,,
L101758,2024-12-01,,,,,,,,,,
L101758,2025-01-01,,,,,,,,,,
L101758,2025-02-01,,,,,,,,,,
L101758,2025-03-01,,,,,,,,,,
L101758,2025-04-01,,,,,,,,,,
L101758,2025-05-01,,,,,,,,,,
L101758,2025-06-01,,,,,,,,,,
L101760,2024-07-01,,,,,,,,,,
L101760,2024-08-01,,,,,,,,,,
L101760,2024-09-01,,,,,,,,,,
L101760,2024-10-01,,,,,,,,,,
L101760,2024-11-01,,,,,,,,,,
L101763,2024-07-01,,,,,,,,,,
L101763,2024-08-01,,,,,,,,,,
L101763,2024-09-01,,,,,,,,,,
L101763,2024-10-01,,,,,,,,,,
L101763,2024-11-01,,,,,,,,,,
L101763,2024-12-01,,,,,,,,,,
L101763,2025-01-01,,,,,,,,,,
L101763,2025-02-01,,,,,,,,,,
L101763,2025-03-01,,,,,,,,,,
L101763,2025-04-01,,,,,,,,,,
L101763,2025-05-01,,,,,,,,,,
L101763,2025-06-01,,,,,,,,,,
L101763,2025-07-01,,,,,,,,,,
L101764,2024-07-01,,,,,,,,,,
L101764,2024-08-01,,,,,,,,,,
L101764,2024-09-01,,,,,,,,,,
L101764,2024-10-01,,,,,,,,,,
L101764,2024-11-01,,,,,,,,,,
L101764,2024-12-01,,,,,,,,,,
L101764,2025-01-01,,,,,,,,,,
L101764,2025-02-01,,,,,,,,,,
L101764,2025-03-01,,,,,,,,,,
L101764,2025-04-01,,,,,,,,,,
L101764,2025-05-01,,,,,,,,,,
L101764,2025-06-01,,,,,,,,,,
L101775,2024-07-01,,,,,,,,,,
L101775,2024-08-01,,,,,,,,,,
L101775,2024-09-01,,,,,,,,,,
L101775,2024-10-01,,,,,,,,,,
L101775,2024-11-01,,,,,,,,,,
L101775,2024-12-01,,,,,,,,,,
L101775,2025-01-01,,,,,,,,,,
L101775,2025-02-01,,,,,,,,,,
L101776,2024-07-01,,,,,,,,,,
L101776,2024-08-01,,,,,,,,,,
L101776,2024-09-01,,,,,,,,,,
L101776,2024-10-01,,,,,,,,,,
L101780,2024-07-01,,,,,,,,,,
L101780,2024-08-01,,,,,,,,,,
L101780,2024-09-01,,,,,,,,,,
L101780,2024-10-01,,,,,,,,,,
L101780,2024-11-01,,,,,,,,,,
L101780,2024-12-01,,,,,,,,,,
L101780,2025-01-01,,,,,,,,,,
L101780,2025-02-01,,,,,,,,,,
L101780,2025-03-01,,,,,,,,,,
L101780,2025-04-01,,,,,,,,,,
L101780,2025-05-01,,,,,,,,,,
L101780,2025-06-01,,,,,,,,,,
L101780,2025-07-01,,,,,,,,,,
L101780,2025-08-01,,,,,,,,,,
L101780,2025-09-01,,,,,,,,,,
L101780,2025-10-01,,,,,,,,,,
L101780,2025-11-01,,,,,,,,,,
L101780,2025-12-01,,,,,,,,,,
L101780,2026-01-01,,,,,,,,,,
L101780,2026-02-01,,,,,,,,,,
L101780,2026-03-01,,,,,,,,,,
L101780,2026-04-01,,,,,,,,,,
L101781,2024-07-01,,,,,,,,,,
L101781,2024-08-01,,,,,,,,,,
L101781,2024-09-01,,,,,,,,,,
L101781,2024-10-01,,,,,,,,,,
L101781,2024-11-01,,,,,,,,,,
L101781,2024-12-01,,,,,,,,,,
L101781,2025-01-01,,,,,,,,,,
L101781,2025-02-01,,,,,,,,,,
L101781,2025-03-01,,,,,,,,,,
L101781,2025-04-01,,,,,,,,,,
L101781,2025-05-01,,,,,,,,,,
L101781,2025-06-01,,,,,,,,,,
L101784,2024-07-01,,,,,,,,,,
L101784,2024-08-01,,,,,,,,,,
L101784,2024-09-01,,,,,,,,,,
L101784,2024-10-01,,,,,,,,,,
L101784,2024-11-01,,,,,,,,,,
L101784,2024-12-01,,,,,,,,,,
L101784,2025-01-01,,,,,,,,,,
L101784,2025-02-01,,,,,,,,,,
L101784,2025-03-01,,,,,,,,,,
L101784,2025-04-01,,,,,,,,,,
L101784,2025-05-01,,,,,,,,,,
L101784,2025-06-01,,,,,,,,,,
L101784,2025-07-01,,,,,,,,,,
L101784,2025-08-01,,,,,,,,,,
L101784,2025-09-01,,,,,,,,,,
L101784,2025-10-01,,,,,,,,,,
L101784,2025-11-01,,,,,,,,,,
L101784,2025-12-01,,,,,,,,,,
L101785,2024-07-01,,,,,,,,,,
L101785,2024-08-01,,,,,,,,,,
L101785,2024-09-01,,,,,,,,,,
L101788,2024-07-01,,,,,,,,,,
L101788,2024-08-01,,,,,,,,,,
L101788,2024-09-01,,,,,,,,,,
L101788,2024-10-01,,,,,,,,,,
L101788,2024-11-01,,,,,,,,,,
L101788,2024-12-01,,,,,,,,,,
L101788,2025-01-01,,,,,,,,,,
L101788,2025-02-01,,,,,,,,,,
L101788,2025-03-01,,,,,,,,,,
L101788,2025-04-01,,,,,,,,,,
L101788,2025-05-01,,,,,,,,,,
L101788,2025-06-01,,,,,,,,,,
L101788,2025-07-01,,,,,,,,,,
L101788,2025-08-01,,,,,,,,,,
L101788,2025-09-01,,,,,,,,,,
L101788,2025-10-01,,,,,,,,,,
L101788,2025-11-01,,,,,,,,,,
L101793,2024-07-01,,,,,,,,,,
L101793,2024-08-01,,,,,,,,,,
L101793,2024-09-01,,,,,,,,,,
L101793,2024-10-01,,,,,,,,,,
L101793,2024-11-01,,,,,,,,,,
L101793,2024-12-01,,,,,,,,,,
L101793,2025-01-01,,,,,,,,,,
L101793,2025-02-01,,,,,,,,,,
L101793,2025-03-01,,,,,,,,,,
L101793,2025-04-01,,,,,,,,,,
L101793,2025-05-01,,,,,,,,,,
L101793,2025-06-01,,,,,,,,,,
L101793,2025-07-01,,,,,,,,,,
L101793,2025-08-01,,,,,,,,,,
L101793,2025-09-01,,,,,,,,,,
L101793,2025-10-01,,,,,,,,,,
L101793,2025-11-01,,,,,,,,,,
L101793,2025-12-01,,,,,,,,,,
L101793,2026-01-01,,,,,,,,,,
L101793,2026-02-01,,,,,,,,,,
L101795,2024-07-01,,,,,,,,,,
L101795,2024-08-01,,,,,,,,,,
L101796,2024-07-01,,,,,,,,,,
L101796,2024-08-01,,,,,,,,,,
L101796,2024-09-01,,,,,,,,,,
L101796,2024-10-01,,,,,,,,,,
L101796,2024-11-01,,,,,,,,,,
L101796,2024-12-01,,,,,,,,,,
L101796,2025-01-01,,,,,,,,,,
L101796,2025-02-01,,,,,,,,,,
L101796,2025-03-01,,,,,,,,,,
L101796,2025-04-01,,,,,,,,,,
L101796,2025-05-01,,,,,,,,,,
L101797,2024-07-01,,,,,,,,,,
L101797,2024-08-01,,,,,,,,,,
L101797,2024-09-01,,,,,,,,,,
L101797,2024-10-01,,,,,,,,,,
L101797,2024-11-01,,,,,,,,,,
L101797,2024-12-01,,,,,,,,,,
L101797,2025-01-01,,,,,,,,,,
L101797,2025-02-01,,,,,,,,,,
L101797,2025-03-01,,,,,,,,,,
L101797,2025-04-01,,,,,,,,,,
L101797,2025-05-01,,,,,,,,,,
L101797,2025-06-01,,,,,,,,,,
L101797,2025-07-01,,,,,,,,,,
L101797,2025-08-01,,,,,,,,,,
L101797,2025-09-01,,,,,,,,,,
L101800,2024-07-01,,,,,,,,,,
L101800,2024-08-01,,,,,,,,,,
L101800,2024-09-01,,,,,,,,,,
L101800,2024-10-01,,,,,,,,,,
L101800,2024-11-01,,,,,,,,,,
L101800,2024-12-01,,,,,,,,,,
L101800,2025-01-01,,,,,,,,,,
L101800,2025-02-01,,,,,,,,,,
L101800,2025-03-01,,,,,,,,,,
L101800,2025-04-01,,,,,,,,,,
L101800,2025-05-01,,,,,,,,,,
L101800,2025-06-01,,,,,,,,,,
L101800,2025-07-01,,,,,,,,,,
L101800,2025-08-01,,,,,,,,,,
L101800,2025-09-01,,,,,,,,,,
L101800,2025-10-01,,,,,,,,,,
L101800,2025-11-01,,,,,,,,,,
L101800,2025-12-01,,,,,,,,,,
L101800,2026-01-01,,,,,,,,,,
L101803,2024-07-01,,,,,,,,,,
L101803,2024-08-01,,,,,,,,,,
L101803,2024-09-01,,,,,,,,,,
L101803,2024-10-01,,,,,,,,,,
L101803,2024-11-01,,,,,,,,,,
L101803,2024-12-01,,,,,,,,,,
L101803,2025-01-01,,,,,,,,,,
L101803,2025-02-01,,,,,,,,,,
L101803,2025-03-01,,,,,,,,,,
L101803,2025-04-01,,,,,,,,,,
L101803,2025-05-01,,,,,,,,,,
L101803,2025-06-01,,,,,,,,,,
L101806,2024-07-01,,,,,,,,,,
L101806,2024-08-01,,,,,,,,,,
L101806,2024-09-01,,,,,,,,,,
L101806,2024-10-01,,,,,,,,,,
L101806,2024-11-01,,,,,,,,,,
L101809,2024-07-01,,,,,,,,,,
L101809,2024-08-01,,,,,,,,,,
L101809,2024-09-01,,,,,,,,,,
L101809,2024-10-01,,,,,,,,,,
L101809,2024-11-01,,,,,,,,,,
L101811,2024-07-01,,,,,,,,,,
L101811,2024-08-01,,,,,,,,,,
L101811,2024-09-01,,,,,,,,,,
L101811,2024-10-01,,,,,,,,,,
L101811,2024-11-01,,,,,,,,,,
L101811,2024-12-01,,,,,,,,,,
L101811,2025-01-01,,,,,,,,,,
L101811,2025-02-01,,,,,,,,,,
L101811,2025-03-01,,,,,,,,,,
L101811,2025-04-01,,,,,,,,,,
L101811,2025-05-01,,,,,,,,,,
L101811,2025-06-01,,,,,,,,,,
L101811,2025-07-01,,,,,,,,,,
L101811,2025-08-01,,,,,,,,,,
L101811,2025-09-01,,,,,,,,,,
L101811,2025-10-01,,,,,,,,,,
L101811,2025-11-01,,,,,,,,,,
L101811,2025-12-01,,,,,,,,,,
L101812,2024-07-01,,,,,,,,,,
L101812,2024-08-01,,,,,,,,,,
L101812,2024-09-01,,,,,,,,,,
L101812,2024-10-01,,,,,,,,,,
L101812,2024-11-01,,,,,,,,,,
L101812,2024-12-01,,,,,,,,,,
L101812,2025-01-01,,,,,,,,,,
L101812,2025-02-01,,,,,,,,,,
L101812,2025-03-01,,,,,,,,,,
L101812,2025-04-01,,,,,,,,,,
L101812,2025-05-01,,,,,,,,,,
L101812,2025-06-01,,,,,,,,,,
L101812,2025-07-01,,,,,,,,,,
L101812,2025-08-01,,,,,,,,,,
L101812,2025-09-01,,,,,,,,,,
L101812,2025-10-01,,,,,,,,,,
L101812,2025-11-01,,,,,,,,,,
L101812,2025-12-01,,,,,,,,,,
L101819,2024-07-01,,,,,,,,,,
L101819,2024-08-01,,,,,,,,,,
L101819,2024-09-01,,,,,,,,,,
L101819,2024-10-01,,,,,,,,,,
L101819,2024-11-01,,,,,,,,,,
L101819,2024-12-01,,,,,,,,,,
L101819,2025-01-01,,,,,,,,,,
L101819,2025-02-01,,,,,,,,,,
L101819,2025-03-01,,,,,,,,,,
L101819,2025-04-01,,,,,,,,,,
L101819,2025-05-01,,,,,,,,,,
L101819,2025-06-01,,,,,,,,,,
L101819,2025-07-01,,,,,,,,,,
L101819,2025-08-01,,,,,,,,,,
L101819,2025-09-01,,,,,,,,,,
L101819,2025-10-01,,,,,,,,,,
L101819,2025-11-01,,,,,,,,,,
L101819,2025-12-01,,,,,,,,,,
L101819,2026-01-01,,,,,,,,,,
L101819,2026-02-01,,,,,,,,,,
L101819,2026-03-01,,,,,,,,,,
L101819,2026-04-01,,,,,,,,,,
L101820,2024-07-01,,,,,,,,,,
L101820,2024-08-01,,,,,,,,,,
L101820,2024-09-01,,,,,,,,,,
L101820,2024-10-01,,,,,,,,,,
L101820,2024-11-01,,,,,,,,,,
L101820,2024-12-01,,,,,,,,,,
L101820,2025-01-01,,,,,,,,,,
L101820,2025-02-01,,,,,,,,,,
L101822,2024-07-01,,,,,,,,,,
L101822,2024-08-01,,,,,,,,,,
L101822,2024-09-01,,,,,,,,,,
L101823,2024-07-01,,,,,,,,,,
L101823,2024-08-01,,,,,,,,,,
L101823,2024-09-01,,,,,,,,,,
L101823,2024-10-01,,,,,,,,,,
L101823,2024-11-01,,,,,,,,,,
L101823,2024-12-01,,,,,,,,,,
L101823,2025-01-01,,,,,,,,,,
L101823,2025-02-01,,,,,,,,,,
L101823,2025-03-01,,,,,,,,,,
L101823,2025-04-01,,,,,,,,,,
L101825,2024-07-01,,,,,,,,,,
L101825,2024-08-01,,,,,,,,,,
L101825,2024-09-01,,,,,,,,,,
L101825,2024-10-01,,,,,,,,,,
L101827,2024-07-01,,,,,,,,,,
L101827,2024-08-01,,,,,,,,,,
L101827,2024-09-01,,,,,,,,,,
L101827,2024-10-01,,,,,,,,,,
L101827,2024-11-01,,,,,,,,,,
L101827,2024-12-01,,,,,,,,,,
L101827,2025-01-01,,,,,,,,,,
L101827,2025-02-01,,,,,,,,,,
L101827,2025-03-01,,,,,,,,,,
L101827,2025-04-01,,,,,,,,,,
L101827,2025-05-01,,,,,,,,,,
L101827,2025-06-01,,,,,,,,,,
L101827,2025-07-01,,,,,,,,,,
L101827,2025-08-01,,,,,,,,,,
L101827,2025-09-01,,,,,,,,,,
L101829,2024-07-01,,,,,,,,,,
L101829,2024-08-01,,,,,,,,,,
L101829,2024-09-01,,,,,,,,,,
L101829,2024-10-01,,,,,,,,,,
L101829,2024-11-01,,,,,,,,,,
L101829,2024-12-01,,,,,,,,,,
L101829,2025-01-01,,,,,,,,,,
L101829,2025-02-01,,,,,,,,,,
L101829,2025-03-01,,,,,,,,,,
L101829,2025-04-01,,,,,,,,,,
L101829,2025-05-01,,,,,,,,,,
L101829,2025-06-01,,,,,,,,,,
L101829,2025-07-01,,,,,,,,,,
L101829,2025-08-01,,,,,,,,,,
L101829,2025-09-01,,,,,,,,,,
L101829,2025-10-01,,,,,,,,,,
L101829,2025-11-01,,,,,,,,,,
L101829,2025-12-01,,,,,,,,,,
L101829,2026-01-01,,,,,,,,,,
L101829,2026-02-01,,,,,,,,,,
L101829,2026-03-01,,,,,,,,,,
L101829,2026-04-01,,,,,,,,,,
L101831,2024-07-01,,,,,,,,,,
L101831,2024-08-01,,,,,,,,,,
L101831,2024-09-01,,,,,,,,,,
L101831,2024-10-01,,,,,,,,,,
L101831,2024-11-01,,,,,,,,,,
L101831,2024-12-01,,,,,,,,,,
L101831,2025-01-01,,,,,,,,,,
L101831,2025-02-01,,,,,,,,,,
L101831,2025-03-01,,,,,,,,,,
L101831,2025-04-01,,,,,,,,,,
L101831,2025-05-01,,,,,,,,,,
L101831,2025-06-01,,,,,,,,,,
L101831,2025-07-01,,,,,,,,,,
L101832,2024-07-01,,,,,,,,,,
L101832,2024-08-01,,,,,,,,,,
L101832,2024-09-01,,,,,,,,,,
L101832,2024-10-01,,,,,,,,,,
L101832,2024-11-01,,,,,,,,,,
L101832,2024-12-01,,,,,,,,,,
L101832,2025-01-01,,,,,,,,,,
L101832,2025-02-01,,,,,,,,,,
L101832,2025-03-01,,,,,,,,,,
L101832,2025-04-01,,,,,,,,,,
L101832,2025-05-01,,,,,,,,,,
L101832,2025-06-01,,,,,,,,,,
L101832,2025-07-01,,,,,,,,,,
L101832,2025-08-01,,,,,,,,,,
L101835,2024-07-01,,,,,,,,,,
L101835,2024-08-01,,,,,,,,,,
L101835,2024-09-01,,,,,,,,,,
L101835,2024-10-01,,,,,,,,,,
L101835,2024-11-01,,,,,,,,,,
L101835,2024-12-01,,,,,,,,,,
L101835,2025-01-01,,,,,,,,,,
L101835,2025-02-01,,,,,,,,,,
L101835,2025-03-01,,,,,,,,,,
L101835,2025-04-01,,,,,,,,,,
L101835,2025-05-01,,,,,,,,,,
L101835,2025-06-01,,,,,,,,,,
L101835,2025-07-01,,,,,,,,,,
L101835,2025-08-01,,,,,,,,,,
L101835,2025-09-01,,,,,,,,,,
L101839,2024-07-01,,,,,,,,,,
L101839,2024-08-01,,,,,,,,,,
L101839,2024-09-01,,,,,,,,,,
L101839,2024-10-01,,,,,,,,,,
L101839,2024-11-01,,,,,,,,,,
L101840,2024-07-01,,,,,,,,,,
L101840,2024-08-01,,,,,,,,,,
L101840,2024-09-01,,,,,,,,,,
L101840,2024-10-01,,,,,,,,,,
L101840,2024-11-01,,,,,,,,,,
L101840,2024-12-01,,,,,,,,,,
L101840,2025-01-01,,,,,,,,,,
L101840,2025-02-01,,,,,,,,,,
L101840,2025-03-01,,,,,,,,,,
L101840,2025-04-01,,,,,,,,,,
L101840,2025-05-01,,,,,,,,,,
L101840,2025-06-01,,,,,,,,,,
L101840,2025-07-01,,,,,,,,,,
L101843,2024-07-01,,,,,,,,,,
L101843,2024-08-01,,,,,,,,,,
L101843,2024-09-01,,,,,,,,,,
L101843,2024-10-01,,,,,,,,,,
L101843,2024-11-01,,,,,,,,,,
L101843,2024-12-01,,,,,,,,,,
L101843,2025-01-01,,,,,,,,,,
L101843,2025-02-01,,,,,,,,,,
L101843,2025-03-01,,,,,,,,,,
L101843,2025-04-01,,,,,,,,,,
L101843,2025-05-01,,,,,,,,,,
L101843,2025-06-01,,,,,,,,,,
L101843,2025-07-01,,,,,,,,,,
L101843,2025-08-01,,,,,,,,,,
L101847,2024-07-01,,,,,,,,,,
L101847,2024-08-01,,,,,,,,,,
L101847,2024-09-01,,,,,,,,,,
L101847,2024-10-01,,,,,,,,,,
L101847,2024-11-01,,,,,,,,,,
L101847,2024-12-01,,,,,,,,,,
L101847,2025-01-01,,,,,,,,,,
L101847,2025-02-01,,,,,,,,,,
L101847,2025-03-01,,,,,,,,,,
L101847,2025-04-01,,,,,,,,,,
L101847,2025-05-01,,,,,,,,,,
L101847,2025-06-01,,,,,,,,,,
L101847,2025-07-01,,,,,,,,,,
L101848,2024-07-01,,,,,,,,,,
L101848,2024-08-01,,,,,,,,,,
L101848,2024-09-01,,,,,,,,,,
L101848,2024-10-01,,,,,,,,,,
L101848,2024-11-01,,,,,,,,,,
L101848,2024-12-01,,,,,,,,,,
L101848,2025-01-01,,,,,,,,,,
L101848,2025-02-01,,,,,,,,,,
L101848,2025-03-01,,,,,,,,,,
L101848,2025-04-01,,,,,,,,,,
L101850,2024-07-01,,,,,,,,,,
L101850,2024-08-01,,,,,,,,,,
L101850,2024-09-01,,,,,,,,,,
L101850,2024-10-01,,,,,,,,,,
L101850,2024-11-01,,,,,,,,,,
L101850,2024-12-01,,,,,,,,,,
L101850,2025-01-01,,,,,,,,,,
L101850,2025-02-01,,,,,,,,,,
L101850,2025-03-01,,,,,,,,,,
L101850,2025-04-01,,,,,,,,,,
L101850,2025-05-01,,,,,,,,,,
L101850,2025-06-01,,,,,,,,,,
L101850,2025-07-01,,,,,,,,,,
L101850,2025-08-01,,,,,,,,,,
L101850,2025-09-01,,,,,,,,,,
L101850,2025-10-01,,,,,,,,,,
L101850,2025-11-01,,,,,,,,,,
L101850,2025-12-01,,,,,,,,,,
L101850,2026-01-01,,,,,,,,,,
L101850,2026-02-01,,,,,,,,,,
L101850,2026-03-01,,,,,,,,,,
L101864,2024-07-01,,,,,,,,,,
L101864,2024-08-01,,,,,,,,,,
L101864,2024-09-01,,,,,,,,,,
L101864,2024-10-01,,,,,,,,,,
L101864,2024-11-01,,,,,,,,,,
L101864,2024-12-01,,,,,,,,,,
L101864,2025-01-01,,,,,,,,,,
L101864,2025-02-01,,,,,,,,,,
L101864,2025-03-01,,,,,,,,,,
L101864,2025-04-01,,,,,,,,,,
L101865,2024-07-01,,,,,,,,,,
L101865,2024-08-01,,,,,,,,,,
L101865,2024-09-01,,,,,,,,,,
L101865,2024-10-01,,,,,,,,,,
L101865,2024-11-01,,,,,,,,,,
L101865,2024-12-01,,,,,,,,,,
L101865,2025-01-01,,,,,,,,,,
L101865,2025-02-01,,,,,,,,,,
L101865,2025-03-01,,,,,,,,,,
L101865,2025-04-01,,,,,,,,,,
L101865,2025-05-01,,,,,,,,,,
L101865,2025-06-01,,,,,,,,,,
L101870,2024-07-01,,,,,,,,,,
L101874,2024-07-01,,,,,,,,,,
L101874,2024-08-01,,,,,,,,,,
L101874,2024-09-01,,,,,,,,,,
L101874,2024-10-01,,,,,,,,,,
L101874,2024-11-01,,,,,,,,,,
L101874,2024-12-01,,,,,,,,,,
L101874,2025-01-01,,,,,,,,,,
L101874,2025-02-01,,,,,,,,,,
L101874,2025-03-01,,,,,,,,,,
L101874,2025-04-01,,,,,,,,,,
L101874,2025-05-01,,,,,,,,,,
L101874,2025-06-01,,,,,,,,,,
L101874,2025-07-01,,,,,,,,,,
L101874,2025-08-01,,,,,,,,,,
L101874,2025-09-01,,,,,,,,,,
L101874,2025-10-01,,,,,,,,,,
L101874,2025-11-01,,,,,,,,,,
L101874,2025-12-01,,,,,,,,,,
L101874,2026-01-01,,,,,,,,,,
L101874,2026-02-01,,,,,,,,,,
L101874,2026-03-01,,,,,,,,,,
L101874,2026-04-01,,,,,,,,,,
L101874,2026-05-01,,,,,,,,,,
L101875,2024-07-01,,,,,,,,,,
L101875,2024-08-01,,,,,,,,,,
L101875,2024-09-01,,,,,,,,,,
L101875,2024-10-01,,,,,,,,,,
L101879,2024-07-01,,,,,,,,,,
L101879,2024-08-01,,,,,,,,,,
L101879,2024-09-01,,,,,,,,,,
L101879,2024-10-01,,,,,,,,,,
L101879,2024-11-01,,,,,,,,,,
L101880,2024-07-01,,,,,,,,,,
L101880,2024-08-01,,,,,,,,,,
L101880,2024-09-01,,,,,,,,,,
L101885,2024-07-01,,,,,,,,,,
L101885,2024-08-01,,,,,,,,,,
L101885,2024-09-01,,,,,,,,,,
L101885,2024-10-01,,,,,,,,,,
L101885,2024-11-01,,,,,,,,,,
L101885,2024-12-01,,,,,,,,,,
L101885,2025-01-01,,,,,,,,,,
L101885,2025-02-01,,,,,,,,,,
L101885,2025-03-01,,,,,,,,,,
L101885,2025-04-01,,,,,,,,,,
L101885,2025-05-01,,,,,,,,,,
L101885,2025-06-01,,,,,,,,,,
L101885,2025-07-01,,,,,,,,,,
L101885,2025-08-01,,,,,,,,,,
L101885,2025-09-01,,,,,,,,,,
L101885,2025-10-01,,,,,,,,,,
L101885,2025-11-01,,,,,,,,,,
L101885,2025-12-01,,,,,,,,,,
L101885,2026-01-01,,,,,,,,,,
L101885,2026-02-01,,,,,,,,,,
L101885,2026-03-01,,,,,,,,,,
L101885,2026-04-01,,,,,,,,,,
L101887,2024-07-01,,,,,,,,,,
L101887,2024-08-01,,,,,,,,,,
L101887,2024-09-01,,,,,,,,,,
L101887,2024-10-01,,,,,,,,,,
L101889,2024-07-01,,,,,,,,,,
L101889,2024-08-01,,,,,,,,,,
L101889,2024-09-01,,,,,,,,,,
L101889,2024-10-01,,,,,,,,,,
L101889,2024-11-01,,,,,,,,,,
L101889,2024-12-01,,,,,,,,,,
L101889,2025-01-01,,,,,,,,,,
L101889,2025-02-01,,,,,,,,,,
L101889,2025-03-01,,,,,,,,,,
L101889,2025-04-01,,,,,,,,,,
L101889,2025-05-01,,,,,,,,,,
L101889,2025-06-01,,,,,,,,,,
L101889,2025-07-01,,,,,,,,,,
L101889,2025-08-01,,,,,,,,,,
L101889,2025-09-01,,,,,,,,,,
L101889,2025-10-01,,,,,,,,,,
L101889,2025-11-01,,,,,,,,,,
L101889,2025-12-01,,,,,,,,,,
L101889,2026-01-01,,,,,,,,,,
L101891,2024-07-01,,,,,,,,,,
L101891,2024-08-01,,,,,,,,,,
L101891,2024-09-01,,,,,,,,,,
L101891,2024-10-01,,,,,,,,,,
L101891,2024-11-01,,,,,,,,,,
L101891,2024-12-01,,,,,,,,,,
L101891,2025-01-01,,,,,,,,,,
L101891,2025-02-01,,,,,,,,,,
L101891,2025-03-01,,,,,,,,,,
L101891,2025-04-01,,,,,,,,,,
L101891,2025-05-01,,,,,,,,,,
L101895,2024-07-01,,,,,,,,,,
L101895,2024-08-01,,,,,,,,,,
L101895,2024-09-01,,,,,,,,,,
L101906,2024-07-01,,,,,,,,,,
L101906,2024-08-01,,,,,,,,,,
L101906,2024-09-01,,,,,,,,,,
L101906,2024-10-01,,,,,,,,,,
L101906,2024-11-01,,,,,,,,,,
L101909,2024-07-01,,,,,,,,,,
L101909,2024-08-01,,,,,,,,,,
L101909,2024-09-01,,,,,,,,,,
L101909,2024-10-01,,,,,,,,,,
L101909,2024-11-01,,,,,,,,,,
L101909,2024-12-01,,,,,,,,,,
L101909,2025-01-01,,,,,,,,,,
L101909,2025-02-01,,,,,,,,,,
L101911,2024-07-01,,,,,,,,,,
L101911,2024-08-01,,,,,,,,,,
L101911,2024-09-01,,,,,,,,,,
L101911,2024-10-01,,,,,,,,,,
L101911,2024-11-01,,,,,,,,,,
L101911,2024-12-01,,,,,,,,,,
L101911,2025-01-01,,,,,,,,,,
L101911,2025-02-01,,,,,,,,,,
L101911,2025-03-01,,,,,,,,,,
L101911,2025-04-01,,,,,,,,,,
L101911,2025-05-01,,,,,,,,,,
L101911,2025-06-01,,,,,,,,,,
L101911,2025-07-01,,,,,,,,,,
L101911,2025-08-01,,,,,,,,,,
L101911,2025-09-01,,,,,,,,,,
L101911,2025-10-01,,,,,,,,,,
L101911,2025-11-01,,,,,,,,,,
L101911,2025-12-01,,,,,,,,,,
L101911,2026-01-01,,,,,,,,,,
L101911,2026-02-01,,,,,,,,,,
L101916,2024-07-01,,,,,,,,,,
L101916,2024-08-01,,,,,,,,,,
L101916,2024-09-01,,,,,,,,,,
L101916,2024-10-01,,,,,,,,,,
L101916,2024-11-01,,,,,,,,,,
L101916,2024-12-01,,,,,,,,,,
L101916,2025-01-01,,,,,,,,,,
L101916,2025-02-01,,,,,,,,,,
L101916,2025-03-01,,,,,,,,,,
L101916,2025-04-01,,,,,,,,,,
L101916,2025-05-01,,,,,,,,,,
L101916,2025-06-01,,,,,,,,,,
L101916,2025-07-01,,,,,,,,,,
L101916,2025-08-01,,,,,,,,,,
L101916,2025-09-01,,,,,,,,,,
L101919,2024-07-01,,,,,,,,,,
L101919,2024-08-01,,,,,,,,,,
L101919,2024-09-01,,,,,,,,,,
L101919,2024-10-01,,,,,,,,,,
L101919,2024-11-01,,,,,,,,,,
L101919,2024-12-01,,,,,,,,,,
L101919,2025-01-01,,,,,,,,,,
L101920,2024-07-01,,,,,,,,,,
L101920,2024-08-01,,,,,,,,,,
L101920,2024-09-01,,,,,,,,,,
L101920,2024-10-01,,,,,,,,,,
L101920,2024-11-01,,,,,,,,,,
L101920,2024-12-01,,,,,,,,,,
L101920,2025-01-01,,,,,,,,,,
L101920,2025-02-01,,,,,,,,,,
L101920,2025-03-01,,,,,,,,,,
L101920,2025-04-01,,,,,,,,,,
L101920,2025-05-01,,,,,,,,,,
L101920,2025-06-01,,,,,,,,,,
L101920,2025-07-01,,,,,,,,,,
L101920,2025-08-01,,,,,,,,,,
L101920,2025-09-01,,,,,,,,,,
L101920,2025-10-01,,,,,,,,,,
L101920,2025-11-01,,,,,,,,,,
L101920,2025-12-01,,,,,,,,,,
L101920,2026-01-01,,,,,,,,,,
L101920,2026-02-01,,,,,,,,,,
L101920,2026-03-01,,,,,,,,,,
L101920,2026-04-01,,,,,,,,,,
L101920,2026-05-01,,,,,,,,,,
L101923,2024-07-01,,,,,,,,,,
L101923,2024-08-01,,,,,,,,,,
L101923,2024-09-01,,,,,,,,,,
L101923,2024-10-01,,,,,,,,,,
L101923,2024-11-01,,,,,,,,,,
L101926,2024-07-01,,,,,,,,,,
L101926,2024-08-01,,,,,,,,,,
L101926,2024-09-01,,,,,,,,,,
L101926,2024-10-01,,,,,,,,,,
L101926,2024-11-01,,,,,,,,,,
L101926,2024-12-01,,,,,,,,,,
L101926,2025-01-01,,,,,,,,,,
L101926,2025-02-01,,,,,,,,,,
L101926,2025-03-01,,,,,,,,,,
L101926,2025-04-01,,,,,,,,,,
L101926,2025-05-01,,,,,,,,,,
L101926,2025-06-01,,,,,,,,,,
L101926,2025-07-01,,,,,,,,,,
L101926,2025-08-01,,,,,,,,,,
L101926,2025-09-01,,,,,,,,,,
L101926,2025-10-01,,,,,,,,,,
L101926,2025-11-01,,,,,,,,,,
L101927,2024-07-01,,,,,,,,,,
L101927,2024-08-01,,,,,,,,,,
L101927,2024-09-01,,,,,,,,,,
L101927,2024-10-01,,,,,,,,,,
L101927,2024-11-01,,,,,,,,,,
L101927,2024-12-01,,,,,,,,,,
L101927,2025-01-01,,,,,,,,,,
L101927,2025-02-01,,,,,,,,,,
L101927,2025-03-01,,,,,,,,,,
L101927,2025-04-01,,,,,,,,,,
L101929,2024-07-01,,,,,,,,,,
L101929,2024-08-01,,,,,,,,,,
L101929,2024-09-01,,,,,,,,,,
L101929,2024-10-01,,,,,,,,,,
L101929,2024-11-01,,,,,,,,,,
L101930,2024-07-01,,,,,,,,,,
L101930,2024-08-01,,,,,,,,,,
L101930,2024-09-01,,,,,,,,,,
L101930,2024-10-01,,,,,,,,,,
L101930,2024-11-01,,,,,,,,,,
L101930,2024-12-01,,,,,,,,,,
L101930,2025-01-01,,,,,,,,,,
L101930,2025-02-01,,,,,,,,,,
L101930,2025-03-01,,,,,,,,,,
L101933,2024-07-01,,,,,,,,,,
L101933,2024-08-01,,,,,,,,,,
L101933,2024-09-01,,,,,,,,,,
L101933,2024-10-01,,,,,,,,,,
L101933,2024-11-01,,,,,,,,,,
L101933,2024-12-01,,,,,,,,,,
L101933,2025-01-01,,,,,,,,,,
L101933,2025-02-01,,,,,,,,,,
L101933,2025-03-01,,,,,,,,,,
L101933,2025-04-01,,,,,,,,,,
L101933,2025-05-01,,,,,,,,,,
L101933,2025-06-01,,,,,,,,,,
L101933,2025-07-01,,,,,,,,,,
L101933,2025-08-01,,,,,,,,,,
L101933,2025-09-01,,,,,,,,,,
L101933,2025-10-01,,,,,,,,,,
L101933,2025-11-01,,,,,,,,,,
L101933,2025-12-01,,,,,,,,,,
L101933,2026-01-01,,,,,,,,,,
L101933,2026-02-01,,,,,,,,,,
L101934,2024-07-01,,,,,,,,,,
L101934,2024-08-01,,,,,,,,,,
L101934,2024-09-01,,,,,,,,,,
L101934,2024-10-01,,,,,,,,,,
L101934,2024-11-01,,,,,,,,,,
L101934,2024-12-01,,,,,,,,,,
L101934,2025-01-01,,,,,,,,,,
L101934,2025-02-01,,,,,,,,,,
L101934,2025-03-01,,,,,,,,,,
L101934,2025-04-01,,,,,,,,,,
L101934,2025-05-01,,,,,,,,,,
L101934,2025-06-01,,,,,,,,,,
L101934,2025-07-01,,,,,,,,,,
L101934,2025-08-01,,,,,,,,,,
L101934,2025-09-01,,,,,,,,,,
L101934,2025-10-01,,,,,,,,,,
L101934,2025-11-01,,,,,,,,,,
L101934,2025-12-01,,,,,,,,,,
L101934,2026-01-01,,,,,,,,,,
L101934,2026-02-01,,,,,,,,,,
L101934,2026-03-01,,,,,,,,,,
L101946,2024-07-01,,,,,,,,,,
L101946,2024-08-01,,,,,,,,,,
L101946,2024-09-01,,,,,,,,,,
L101946,2024-10-01,,,,,,,,,,
L101946,2024-11-01,,,,,,,,,,
L101946,2024-12-01,,,,,,,,,,
L101946,2025-01-01,,,,,,,,,,
L101946,2025-02-01,,,,,,,,,,
L101946,2025-03-01,,,,,,,,,,
L101946,2025-04-01,,,,,,,,,,
L101946,2025-05-01,,,,,,,,,,
L101946,2025-06-01,,,,,,,,,,
L101946,2025-07-01,,,,,,,,,,
L101946,2025-08-01,,,,,,,,,,
L101946,2025-09-01,,,,,,,,,,
L101946,2025-10-01,,,,,,,,,,
L101946,2025-11-01,,,,,,,,,,
L101946,2025-12-01,,,,,,,,,,
L101946,2026-01-01,,,,,,,,,,
L101946,2026-02-01,,,,,,,,,,
L101946,2026-03-01,,,,,,,,,,
L101946,2026-04-01,,,,,,,,,,
L101947,2024-07-01,,,,,,,,,,
L101947,2024-08-01,,,,,,,,,,
L101947,2024-09-01,,,,,,,,,,
L101947,2024-10-01,,,,,,,,,,
L101947,2024-11-01,,,,,,,,,,
L101947,2024-12-01,,,,,,,,,,
L101947,2025-01-01,,,,,,,,,,
L101947,2025-02-01,,,,,,,,,,
L101947,2025-03-01,,,,,,,,,,
L101947,2025-04-01,,,,,,,,,,
L101947,2025-05-01,,,,,,,,,,
L101947,2025-06-01,,,,,,,,,,
L101947,2025-07-01,,,,,,,,,,
L101947,2025-08-01,,,,,,,,,,
L101947,2025-09-01,,,,,,,,,,
L101947,2025-10-01,,,,,,,,,,
L101947,2025-11-01,,,,,,,,,,
L101949,2024-07-01,,,,,,,,,,
L101949,2024-08-01,,,,,,,,,,
L101949,2024-09-01,,,,,,,,,,
L101949,2024-10-01,,,,,,,,,,
L101949,2024-11-01,,,,,,,,,,
L101949,2024-12-01,,,,,,,,,,
L101949,2025-01-01,,,,,,,,,,
L101949,2025-02-01,,,,,,,,,,
L101949,2025-03-01,,,,,,,,,,
L101949,2025-04-01,,,,,,,,,,
L101951,2024-07-01,,,,,,,,,,
L101951,2024-08-01,,,,,,,,,,
L101951,2024-09-01,,,,,,,,,,
L101951,2024-10-01,,,,,,,,,,
L101951,2024-11-01,,,,,,,,,,
L101951,2024-12-01,,,,,,,,,,
L101956,2024-07-01,,,,,,,,,,
L101956,2024-08-01,,,,,,,,,,
L101956,2024-09-01,,,,,,,,,,
L101956,2024-10-01,,,,,,,,,,
L101956,2024-11-01,,,,,,,,,,
L101956,2024-12-01,,,,,,,,,,
L101956,2025-01-01,,,,,,,,,,
L101956,2025-02-01,,,,,,,,,,
L101956,2025-03-01,,,,,,,,,,
L101956,2025-04-01,,,,,,,,,,
L101956,2025-05-01,,,,,,,,,,
L101956,2025-06-01,,,,,,,,,,
L101956,2025-07-01,,,,,,,,,,
L101957,2024-07-01,,,,,,,,,,
L101957,2024-08-01,,,,,,,,,,
L101957,2024-09-01,,,,,,,,,,
L101957,2024-10-01,,,,,,,,,,
L101957,2024-11-01,,,,,,,,,,
L101957,2024-12-01,,,,,,,,,,
L101957,2025-01-01,,,,,,,,,,
L101957,2025-02-01,,,,,,,,,,
L101957,2025-03-01,,,,,,,,,,
L101957,2025-04-01,,,,,,,,,,
L101957,2025-05-01,,,,,,,,,,
L101957,2025-06-01,,,,,,,,,,
L101957,2025-07-01,,,,,,,,,,
L101957,2025-08-01,,,,,,,,,,
L101957,2025-09-01,,,,,,,,,,
L101957,2025-10-01,,,,,,,,,,
L101960,2024-07-01,,,,,,,,,,
L101960,2024-08-01,,,,,,,,,,
L101960,2024-09-01,,,,,,,,,,
L101960,2024-10-01,,,,,,,,,,
L101960,2024-11-01,,,,,,,,,,
L101960,2024-12-01,,,,,,,,,,
L101960,2025-01-01,,,,,,,,,,
L101960,2025-02-01,,,,,,,,,,
L101960,2025-03-01,,,,,,,,,,
L101960,2025-04-01,,,,,,,,,,
L101960,2025-05-01,,,,,,,,,,
L101960,2025-06-01,,,,,,,,,,
L101960,2025-07-01,,,,,,,,,,
L101960,2025-08-01,,,,,,,,,,
L101960,2025-09-01,,,,,,,,,,
L101960,2025-10-01,,,,,,,,,,
L101960,2025-11-01,,,,,,,,,,
L101960,2025-12-01,,,,,,,,,,
L101960,2026-01-01,,,,,,,,,,
L101961,2024-07-01,,,,,,,,,,
L101961,2024-08-01,,,,,,,,,,
L101961,2024-09-01,,,,,,,,,,
L101961,2024-10-01,,,,,,,,,,
L101961,2024-11-01,,,,,,,,,,
L101961,2024-12-01,,,,,,,,,,
L101961,2025-01-01,,,,,,,,,,
L101966,2024-07-01,,,,,,,,,,
L101966,2024-08-01,,,,,,,,,,
L101966,2024-09-01,,,,,,,,,,
L101966,2024-10-01,,,,,,,,,,
L101966,2024-11-01,,,,,,,,,,
L101966,2024-12-01,,,,,,,,,,
L101966,2025-01-01,,,,,,,,,,
L101966,2025-02-01,,,,,,,,,,
L101966,2025-03-01,,,,,,,,,,
L101966,2025-04-01,,,,,,,,,,
L101968,2024-07-01,,,,,,,,,,
L101968,2024-08-01,,,,,,,,,,
L101968,2024-09-01,,,,,,,,,,
L101968,2024-10-01,,,,,,,,,,
L101968,2024-11-01,,,,,,,,,,
L101969,2024-07-01,,,,,,,,,,
L101969,2024-08-01,,,,,,,,,,
L101969,2024-09-01,,,,,,,,,,
L101969,2024-10-01,,,,,,,,,,
L101969,2024-11-01,,,,,,,,,,
L101969,2024-12-01,,,,,,,,,,
L101969,2025-01-01,,,,,,,,,,
L101969,2025-02-01,,,,,,,,,,
L101976,2024-07-01,,,,,,,,,,
L101976,2024-08-01,,,,,,,,,,
L101976,2024-09-01,,,,,,,,,,
L101976,2024-10-01,,,,,,,,,,
L101976,2024-11-01,,,,,,,,,,
L101980,2024-07-01,,,,,,,,,,
L101980,2024-08-01,,,,,,,,,,
L101980,2024-09-01,,,,,,,,,,
L101980,2024-10-01,,,,,,,,,,
L101980,2024-11-01,,,,,,,,,,
L101980,2024-12-01,,,,,,,,,,
L101980,2025-01-01,,,,,,,,,,
L101980,2025-02-01,,,,,,,,,,
L101980,2025-03-01,,,,,,,,,,
L101980,2025-04-01,,,,,,,,,,
L101980,2025-05-01,,,,,,,,,,
L101980,2025-06-01,,,,,,,,,,
L101980,2025-07-01,,,,,,,,,,
L101980,2025-08-01,,,,,,,,,,
L101980,2025-09-01,,,,,,,,,,
L101981,2024-07-01,,,,,,,,,,
L101981,2024-08-01,,,,,,,,,,
L101981,2024-09-01,,,,,,,,,,
L101983,2024-07-01,,,,,,,,,,
L101983,2024-08-01,,,,,,,,,,
L101983,2024-09-01,,,,,,,,,,
L101983,2024-10-01,,,,,,,,,,
L101983,2024-11-01,,,,,,,,,,
L101983,2024-12-01,,,,,,,,,,
L101983,2025-01-01,,,,,,,,,,
L101983,2025-02-01,,,,,,,,,,
L101983,2025-03-01,,,,,,,,,,
L101983,2025-04-01,,,,,,,,,,
L101983,2025-05-01,,,,,,,,,,
L101983,2025-06-01,,,,,,,,,,
L101983,2025-07-01,,,,,,,,,,
L101983,2025-08-01,,,,,,,,,,
L101983,2025-09-01,,,,,,,,,,
L101983,2025-10-01,,,,,,,,,,
L101983,2025-11-01,,,,,,,,,,
L101983,2025-12-01,,,,,,,,,,
L101983,2026-01-01,,,,,,,,,,
L101983,2026-02-01,,,,,,,,,,
L101988,2024-07-01,,,,,,,,,,
L101988,2024-08-01,,,,,,,,,,
L101988,2024-09-01,,,,,,,,,,
L101989,2024-07-01,,,,,,,,,,
L101989,2024-08-01,,,,,,,,,,
L101989,2024-09-01,,,,,,,,,,
L101989,2024-10-01,,,,,,,,,,
L101989,2024-11-01,,,,,,,,,,
L101989,2024-12-01,,,,,,,,,,
L101989,2025-01-01,,,,,,,,,,
L101989,2025-02-01,,,,,,,,,,
L101989,2025-03-01,,,,,,,,,,
L101990,2024-07-01,,,,,,,,,,
L101990,2024-08-01,,,,,,,,,,
L101990,2024-09-01,,,,,,,,,,
L101990,2024-10-01,,,,,,,,,,
L101990,2024-11-01,,,,,,,,,,
L101990,2024-12-01,,,,,,,,,,
L101990,2025-01-01,,,,,,,,,,
L101990,2025-02-01,,,,,,,,,,
L101990,2025-03-01,,,,,,,,,,
L101990,2025-04-01,,,,,,,,,,
L101990,2025-05-01,,,,,,,,,,
L101990,2025-06-01,,,,,,,,,,
L101990,2025-07-01,,,,,,,,,,
L101990,2025-08-01,,,,,,,,,,
L101990,2025-09-01,,,,,,,,,,
L101990,2025-10-01,,,,,,,,,,
L101990,2025-11-01,,,,,,,,,,
L101990,2025-12-01,,,,,,,,,,
L101990,2026-01-01,,,,,,,,,,
L101990,2026-02-01,,,,,,,,,,
L101992,2024-07-01,,,,,,,,,,
L101992,2024-08-01,,,,,,,,,,
L101992,2024-09-01,,,,,,,,,,
L101992,2024-10-01,,,,,,,,,,
L101992,2024-11-01,,,,,,,,,,
L101994,2024-07-01,,,,,,,,,,
L101994,2024-08-01,,,,,,,,,,
L101994,2024-09-01,,,,,,,,,,
L101994,2024-10-01,,,,,,,,,,
L101994,2024-11-01,,,,,,,,,,
L101995,2024-07-01,,,,,,,,,,
L101995,2024-08-01,,,,,,,,,,
L101995,2024-09-01,,,,,,,,,,
L101995,2024-10-01,,,,,,,,,,
L101995,2024-11-01,,,,,,,,,,
L101995,2024-12-01,,,,,,,,,,
L101995,2025-01-01,,,,,,,,,,
L101995,2025-02-01,,,,,,,,,,
L101995,2025-03-01,,,,,,,,,,
L101995,2025-04-01,,,,,,,,,,
L101995,2025-05-01,,,,,,,,,,
L101995,2025-06-01,,,,,,,,,,
L101995,2025-07-01,,,,,,,,,,
L101998,2024-07-01,,,,,,,,,,
L101998,2024-08-01,,,,,,,,,,
L101998,2024-09-01,,,,,,,,,,
L101998,2024-10-01,,,,,,,,,,
L101998,2024-11-01,,,,,,,,,,
L101998,2024-12-01,,,,,,,,,,
L101998,2025-01-01,,,,,,,,,,
L101998,2025-02-01,,,,,,,,,,
L101998,2025-03-01,,,,,,,,,,
L101998,2025-04-01,,,,,,,,,,
L101998,2025-05-01,,,,,,,,,,
L101998,2025-06-01,,,,,,,,,,
L101998,2025-07-01,,,,,,,,,,
L101998,2025-08-01,,,,,,,,,,
L101998,2025-09-01,,,,,,,,,,
L101998,2025-10-01,,,,,,,,,,
L101998,2025-11-01,,,,,,,,,,
L102001,2024-07-01,,,,,,,,,,
L102001,2024-08-01,,,,,,,,,,
L102001,2024-09-01,,,,,,,,,,
L102001,2024-10-01,,,,,,,,,,
L102001,2024-11-01,,,,,,,,,,
L102003,2024-07-01,,,,,,,,,,
L102003,2024-08-01,,,,,,,,,,
L102004,2024-07-01,,,,,,,,,,
L102004,2024-08-01,,,,,,,,,,
L102013,2024-07-01,,,,,,,,,,
L102013,2024-08-01,,,,,,,,,,
L102013,2024-09-01,,,,,,,,,,
L102013,2024-10-01,,,,,,,,,,
L102013,2024-11-01,,,,,,,,,,
L102013,2024-12-01,,,,,,,,,,
L102013,2025-01-01,,,,,,,,,,
L102013,2025-02-01,,,,,,,,,,
L102013,2025-03-01,,,,,,,,,,
L102013,2025-04-01,,,,,,,,,,
L102013,2025-05-01,,,,,,,,,,
L102013,2025-06-01,,,,,,,,,,
L102013,2025-07-01,,,,,,,,,,
L102013,2025-08-01,,,,,,,,,,
L102014,2024-07-01,,,,,,,,,,
L102014,2024-08-01,,,,,,,,,,
L102014,2024-09-01,,,,,,,,,,
L102014,2024-10-01,,,,,,,,,,
L102014,2024-11-01,,,,,,,,,,
L102014,2024-12-01,,,,,,,,,,
L102014,2025-01-01,,,,,,,,,,
L102014,2025-02-01,,,,,,,,,,
L102014,2025-03-01,,,,,,,,,,
L102015,2024-07-01,,,,,,,,,,
L102023,2024-07-01,,,,,,,,,,
L102023,2024-08-01,,,,,,,,,,
L102023,2024-09-01,,,,,,,,,,
L102023,2024-10-01,,,,,,,,,,
L102023,2024-11-01,,,,,,,,,,
L102023,2024-12-01,,,,,,,,,,
L102023,2025-01-01,,,,,,,,,,
L102023,2025-02-01,,,,,,,,,,
L102023,2025-03-01,,,,,,,,,,
L102023,2025-04-01,,,,,,,,,,
L102023,2025-05-01,,,,,,,,,,
L102023,2025-06-01,,,,,,,,,,
L102024,2024-07-01,,,,,,,,,,
L102024,2024-08-01,,,,,,,,,,
L102024,2024-09-01,,,,,,,,,,
L102024,2024-10-01,,,,,,,,,,
L102024,2024-11-01,,,,,,,,,,
L102024,2024-12-01,,,,,,,,,,
L102024,2025-01-01,,,,,,,,,,
L102024,2025-02-01,,,,,,,,,,
L102024,2025-03-01,,,,,,,,,,
L102024,2025-04-01,,,,,,,,,,
L102024,2025-05-01,,,,,,,,,,
L102026,2024-07-01,,,,,,,,,,
L102026,2024-08-01,,,,,,,,,,
L102026,2024-09-01,,,,,,,,,,
L102026,2024-10-01,,,,,,,,,,
L102026,2024-11-01,,,,,,,,,,
L102026,2024-12-01,,,,,,,,,,
L102026,2025-01-01,,,,,,,,,,
L102026,2025-02-01,,,,,,,,,,
L102026,2025-03-01,,,,,,,,,,
L102026,2025-04-01,,,,,,,,,,
L102026,2025-05-01,,,,,,,,,,
L102026,2025-06-01,,,,,,,,,,
L102026,2025-07-01,,,,,,,,,,
L102026,2025-08-01,,,,,,,,,,
L102026,2025-09-01,,,,,,,,,,
L102026,2025-10-01,,,,,,,,,,
L102026,2025-11-01,,,,,,,,,,
L102036,2024-07-01,,,,,,,,,,
L102036,2024-08-01,,,,,,,,,,
L102036,2024-09-01,,,,,,,,,,
L102036,2024-10-01,,,,,,,,,,
L102036,2024-11-01,,,,,,,,,,
L102037,2024-07-01,,,,,,,,,,
L102037,2024-08-01,,,,,,,,,,
L102037,2024-09-01,,,,,,,,,,
L102037,2024-10-01,,,,,,,,,,
L102037,2024-11-01,,,,,,,,,,
L102037,2024-12-01,,,,,,,,,,
L102037,2025-01-01,,,,,,,,,,
L102037,2025-02-01,,,,,,,,,,
L102037,2025-03-01,,,,,,,,,,
L102037,2025-04-01,,,,,,,,,,
L102037,2025-05-01,,,,,,,,,,
L102037,2025-06-01,,,,,,,,,,
L102037,2025-07-01,,,,,,,,,,
L102037,2025-08-01,,,,,,,,,,
L102037,2025-09-01,,,,,,,,,,
L102037,2025-10-01,,,,,,,,,,
L102037,2025-11-01,,,,,,,,,,
L102037,2025-12-01,,,,,,,,,,
L102037,2026-01-01,,,,,,,,,,
L102037,2026-02-01,,,,,,,,,,
L102037,2026-03-01,,,,,,,,,,
L102037,2026-04-01,,,,,,,,,,
L102040,2024-07-01,,,,,,,,,,
L102040,2024-08-01,,,,,,,,,,
L102040,2024-09-01,,,,,,,,,,
L102040,2024-10-01,,,,,,,,,,
L102040,2024-11-01,,,,,,,,,,
L102040,2024-12-01,,,,,,,,,,
L102040,2025-01-01,,,,,,,,,,
L102040,2025-02-01,,,,,,,,,,
L102040,2025-03-01,,,,,,,,,,
L102040,2025-04-01,,,,,,,,,,
L102040,2025-05-01,,,,,,,,,,
L102041,2024-07-01,,,,,,,,,,
L102041,2024-08-01,,,,,,,,,,
L102041,2024-09-01,,,,,,,,,,
L102041,2024-10-01,,,,,,,,,,
L102041,2024-11-01,,,,,,,,,,
L102041,2024-12-01,,,,,,,,,,
L102041,2025-01-01,,,,,,,,,,
L102041,2025-02-01,,,,,,,,,,
L102041,2025-03-01,,,,,,,,,,
L102041,2025-04-01,,,,,,,,,,
L102041,2025-05-01,,,,,,,,,,
L102041,2025-06-01,,,,,,,,,,
L102041,2025-07-01,,,,,,,,,,
L102044,2024-07-01,,,,,,,,,,
L102044,2024-08-01,,,,,,,,,,
L102044,2024-09-01,,,,,,,,,,
L102044,2024-10-01,,,,,,,,,,
L102044,2024-11-01,,,,,,,,,,
L102044,2024-12-01,,,,,,,,,,
L102044,2025-01-01,,,,,,,,,,
L102044,2025-02-01,,,,,,,,,,
L102046,2024-07-01,,,,,,,,,,
L102046,2024-08-01,,,,,,,,,,
L102046,2024-09-01,,,,,,,,,,
L102046,2024-10-01,,,,,,,,,,
L102046,2024-11-01,,,,,,,,,,
L102046,2024-12-01,,,,,,,,,,
L102046,2025-01-01,,,,,,,,,,
L102046,2025-02-01,,,,,,,,,,
L102046,2025-03-01,,,,,,,,,,
L102046,2025-04-01,,,,,,,,,,
L102046,2025-05-01,,,,,,,,,,
L102046,2025-06-01,,,,,,,,,,
L102046,2025-07-01,,,,,,,,,,
L102051,2024-07-01,,,,,,,,,,
L102051,2024-08-01,,,,,,,,,,
L102051,2024-09-01,,,,,,,,,,
L102051,2024-10-01,,,,,,,,,,
L102051,2024-11-01,,,,,,,,,,
L102051,2024-12-01,,,,,,,,,,
L102051,2025-01-01,,,,,,,,,,
L102051,2025-02-01,,,,,,,,,,
L102051,2025-03-01,,,,,,,,,,
L102051,2025-04-01,,,,,,,,,,
L102052,2024-07-01,,,,,,,,,,
L102052,2024-08-01,,,,,,,,,,
L102052,2024-09-01,,,,,,,,,,
L102052,2024-10-01,,,,,,,,,,
L102052,2024-11-01,,,,,,,,,,
L102052,2024-12-01,,,,,,,,,,
L102052,2025-01-01,,,,,,,,,,
L102052,2025-02-01,,,,,,,,,,
L102054,2024-07-01,,,,,,,,,,
L102054,2024-08-01,,,,,,,,,,
L102054,2024-09-01,,,,,,,,,,
L102054,2024-10-01,,,,,,,,,,
L102054,2024-11-01,,,,,,,,,,
L102054,2024-12-01,,,,,,,,,,
L102054,2025-01-01,,,,,,,,,,
L102054,2025-02-01,,,,,,,,,,
L102054,2025-03-01,,,,,,,,,,
L102054,2025-04-01,,,,,,,,,,
L102054,2025-05-01,,,,,,,,,,
L102054,2025-06-01,,,,,,,,,,
L102054,2025-07-01,,,,,,,,,,
L102054,2025-08-01,,,,,,,,,,
L102054,2025-09-01,,,,,,,,,,
L102054,2025-10-01,,,,,,,,,,
L102054,2025-11-01,,,,,,,,,,
L102054,2025-12-01,,,,,,,,,,
L102054,2026-01-01,,,,,,,,,,
L102057,2024-07-01,,,,,,,,,,
L102057,2024-08-01,,,,,,,,,,
L102057,2024-09-01,,,,,,,,,,
L102057,2024-10-01,,,,,,,,,,
L102057,2024-11-01,,,,,,,,,,
L102057,2024-12-01,,,,,,,,,,
L102057,2025-01-01,,,,,,,,,,
L102057,2025-02-01,,,,,,,,,,
L102057,2025-03-01,,,,,,,,,,
L102057,2025-04-01,,,,,,,,,,
L102057,2025-05-01,,,,,,,,,,
L102057,2025-06-01,,,,,,,,,,
L102057,2025-07-01,,,,,,,,,,
L102060,2024-07-01,,,,,,,,,,
L102060,2024-08-01,,,,,,,,,,
L102060,2024-09-01,,,,,,,,,,
L102060,2024-10-01,,,,,,,,,,
L102060,2024-11-01,,,,,,,,,,
L102060,2024-12-01,,,,,,,,,,
L102060,2025-01-01,,,,,,,,,,
L102060,2025-02-01,,,,,,,,,,
L102060,2025-03-01,,,,,,,,,,
L102060,2025-04-01,,,,,,,,,,
L102060,2025-05-01,,,,,,,,,,
L102060,2025-06-01,,,,,,,,,,
L102060,2025-07-01,,,,,,,,,,
L102060,2025-08-01,,,,,,,,,,
L102060,2025-09-01,,,,,,,,,,
L102060,2025-10-01,,,,,,,,,,
L102060,2025-11-01,,,,,,,,,,
L102060,2025-12-01,,,,,,,,,,
L102067,2024-07-01,,,,,,,,,,
L102067,2024-08-01,,,,,,,,,,
L102067,2024-09-01,,,,,,,,,,
L102067,2024-10-01,,,,,,,,,,
L102067,2024-11-01,,,,,,,,,,
L102067,2024-12-01,,,,,,,,,,
L102067,2025-01-01,,,,,,,,,,
L102067,2025-02-01,,,,,,,,,,
L102067,2025-03-01,,,,,,,,,,
L102067,2025-04-01,,,,,,,,,,
L102067,2025-05-01,,,,,,,,,,
L102067,2025-06-01,,,,,,,,,,
L102067,2025-07-01,,,,,,,,,,
L102068,2024-07-01,,,,,,,,,,
L102068,2024-08-01,,,,,,,,,,
L102068,2024-09-01,,,,,,,,,,
L102068,2024-10-01,,,,,,,,,,
L102068,2024-11-01,,,,,,,,,,
L102068,2024-12-01,,,,,,,,,,
L102068,2025-01-01,,,,,,,,,,
L102068,2025-02-01,,,,,,,,,,
L102068,2025-03-01,,,,,,,,,,
L102068,2025-04-01,,,,,,,,,,
L102068,2025-05-01,,,,,,,,,,
L102068,2025-06-01,,,,,,,,,,
L102068,2025-07-01,,,,,,,,,,
L102068,2025-08-01,,,,,,,,,,
L102068,2025-09-01,,,,,,,,,,
L102068,2025-10-01,,,,,,,,,,
L102068,2025-11-01,,,,,,,,,,
L102071,2024-07-01,,,,,,,,,,
L102071,2024-08-01,,,,,,,,,,
L102071,2024-09-01,,,,,,,,,,
L102071,2024-10-01,,,,,,,,,,
L102071,2024-11-01,,,,,,,,,,
L102071,2024-12-01,,,,,,,,,,
L102071,2025-01-01,,,,,,,,,,
L102071,2025-02-01,,,,,,,,,,
L102071,2025-03-01,,,,,,,,,,
L102071,2025-04-01,,,,,,,,,,
L102071,2025-05-01,,,,,,,,,,
L102071,2025-06-01,,,,,,,,,,
L102071,2025-07-01,,,,,,,,,,
L102071,2025-08-01,,,,,,,,,,
L102071,2025-09-01,,,,,,,,,,
L102072,2024-07-01,,,,,,,,,,
L102072,2024-08-01,,,,,,,,,,
L102072,2024-09-01,,,,,,,,,,
L102072,2024-10-01,,,,,,,,,,
L102072,2024-11-01,,,,,,,,,,
L102072,2024-12-01,,,,,,,,,,
L102072,2025-01-01,,,,,,,,,,
L102072,2025-02-01,,,,,,,,,,
L102072,2025-03-01,,,,,,,,,,
L102072,2025-04-01,,,,,,,,,,
L102072,2025-05-01,,,,,,,,,,
L102072,2025-06-01,,,,,,,,,,
L102072,2025-07-01,,,,,,,,,,
L102072,2025-08-01,,,,,,,,,,
L102072,2025-09-01,,,,,,,,,,
L102072,2025-10-01,,,,,,,,,,
L102072,2025-11-01,,,,,,,,,,
L102072,2025-12-01,,,,,,,,,,
L102072,2026-01-01,,,,,,,,,,
L102072,2026-02-01,,,,,,,,,,
L102073,2024-07-01,,,,,,,,,,
L102073,2024-08-01,,,,,,,,,,
L102073,2024-09-01,,,,,,,,,,
L102073,2024-10-01,,,,,,,,,,
L102073,2024-11-01,,,,,,,,,,
L102077,2024-07-01,,,,,,,,,,
L102077,2024-08-01,,,,,,,,,,
L102077,2024-09-01,,,,,,,,,,
L102077,2024-10-01,,,,,,,,,,
L102077,2024-11-01,,,,,,,,,,
L102077,2024-12-01,,,,,,,,,,
L102077,2025-01-01,,,,,,,,,,
L102077,2025-02-01,,,,,,,,,,
L102077,2025-03-01,,,,,,,,,,
L102077,2025-04-01,,,,,,,,,,
L102077,2025-05-01,,,,,,,,,,
L102077,2025-06-01,,,,,,,,,,
L102079,2024-07-01,,,,,,,,,,
L102079,2024-08-01,,,,,,,,,,
L102079,2024-09-01,,,,,,,,,,
L102079,2024-10-01,,,,,,,,,,
L102079,2024-11-01,,,,,,,,,,
L102079,2024-12-01,,,,,,,,,,
L102079,2025-01-01,,,,,,,,,,
L102079,2025-02-01,,,,,,,,,,
L102079,2025-03-01,,,,,,,,,,
L102079,2025-04-01,,,,,,,,,,
L102079,2025-05-01,,,,,,,,,,
L102079,2025-06-01,,,,,,,,,,
L102079,2025-07-01,,,,,,,,,,
L102079,2025-08-01,,,,,,,,,,
L102079,2025-09-01,,,,,,,,,,
L102079,2025-10-01,,,,,,,,,,
L102079,2025-11-01,,,,,,,,,,
L102079,2025-12-01,,,,,,,,,,
L102079,2026-01-01,,,,,,,,,,
L102080,2024-07-01,,,,,,,,,,
L102080,2024-08-01,,,,,,,,,,
L102080,2024-09-01,,,,,,,,,,
L102082,2024-07-01,,,,,,,,,,
L102082,2024-08-01,,,,,,,,,,
L102082,2024-09-01,,,,,,,,,,
L102082,2024-10-01,,,,,,,,,,
L102082,2024-11-01,,,,,,,,,,
L102082,2024-12-01,,,,,,,,,,
L102082,2025-01-01,,,,,,,,,,
L102082,2025-02-01,,,,,,,,,,
L102085,2024-07-01,,,,,,,,,,
L102085,2024-08-01,,,,,,,,,,
L102085,2024-09-01,,,,,,,,,,
L102085,2024-10-01,,,,,,,,,,
L102085,2024-11-01,,,,,,,,,,
L102085,2024-12-01,,,,,,,,,,
L102085,2025-01-01,,,,,,,,,,
L102085,2025-02-01,,,,,,,,,,
L102085,2025-03-01,,,,,,,,,,
L102085,2025-04-01,,,,,,,,,,
L102085,2025-05-01,,,,,,,,,,
L102085,2025-06-01,,,,,,,,,,
L102085,2025-07-01,,,,,,,,,,
L102086,2024-07-01,,,,,,,,,,
L102086,2024-08-01,,,,,,,,,,
L102086,2024-09-01,,,,,,,,,,
L102086,2024-10-01,,,,,,,,,,
L102086,2024-11-01,,,,,,,,,,
L102086,2024-12-01,,,,,,,,,,
L102086,2025-01-01,,,,,,,,,,
L102086,2025-02-01,,,,,,,,,,
L102086,2025-03-01,,,,,,,,,,
L102092,2024-07-01,,,,,,,,,,
L102092,2024-08-01,,,,,,,,,,
L102092,2024-09-01,,,,,,,,,,
L102092,2024-10-01,,,,,,,,,,
L102092,2024-11-01,,,,,,,,,,
L102092,2024-12-01,,,,,,,,,,
L102105,2024-07-01,,,,,,,,,,
L102105,2024-08-01,,,,,,,,,,
L102105,2024-09-01,,,,,,,,,,
L102105,2024-10-01,,,,,,,,,,
L102105,2024-11-01,,,,,,,,,,
L102105,2024-12-01,,,,,,,,,,
L102105,2025-01-01,,,,,,,,,,
L102105,2025-02-01,,,,,,,,,,
L102105,2025-03-01,,,,,,,,,,
L102105,2025-04-01,,,,,,,,,,
L102105,2025-05-01,,,,,,,,,,
L102114,2024-07-01,,,,,,,,,,
L102114,2024-08-01,,,,,,,,,,
L102114,2024-09-01,,,,,,,,,,
L102114,2024-10-01,,,,,,,,,,
L102125,2024-07-01,,,,,,,,,,
L102125,2024-08-01,,,,,,,,,,
L102125,2024-09-01,,,,,,,,,,
L102125,2024-10-01,,,,,,,,,,
L102125,2024-11-01,,,,,,,,,,
L102125,2024-12-01,,,,,,,,,,
L102125,2025-01-01,,,,,,,,,,
L102125,2025-02-01,,,,,,,,,,
L102125,2025-03-01,,,,,,,,,,
L102126,2024-07-01,,,,,,,,,,
L102126,2024-08-01,,,,,,,,,,
L102126,2024-09-01,,,,,,,,,,
L102126,2024-10-01,,,,,,,,,,
L102126,2024-11-01,,,,,,,,,,
L102126,2024-12-01,,,,,,,,,,
L102126,2025-01-01,,,,,,,,,,
L102126,2025-02-01,,,,,,,,,,
L102126,2025-03-01,,,,,,,,,,
L102126,2025-04-01,,,,,,,,,,
L102126,2025-05-01,,,,,,,,,,
L102126,2025-06-01,,,,,,,,,,
L102126,2025-07-01,,,,,,,,,,
L102127,2024-07-01,,,,,,,,,,
L102127,2024-08-01,,,,,,,,,,
L102127,2024-09-01,,,,,,,,,,
L102127,2024-10-01,,,,,,,,,,
L102127,2024-11-01,,,,,,,,,,
L102127,2024-12-01,,,,,,,,,,
L102127,2025-01-01,,,,,,,,,,
L102127,2025-02-01,,,,,,,,,,
L102127,2025-03-01,,,,,,,,,,
L102127,2025-04-01,,,,,,,,,,
L102127,2025-05-01,,,,,,,,,,
L102127,2025-06-01,,,,,,,,,,
L102127,2025-07-01,,,,,,,,,,
L102127,2025-08-01,,,,,,,,,,
L102127,2025-09-01,,,,,,,,,,
L102127,2025-10-01,,,,,,,,,,
L102127,2025-11-01,,,,,,,,,,
L102127,2025-12-01,,,,,,,,,,
L102128,2024-07-01,,,,,,,,,,
L102128,2024-08-01,,,,,,,,,,
L102128,2024-09-01,,,,,,,,,,
L102128,2024-10-01,,,,,,,,,,
L102128,2024-11-01,,,,,,,,,,
L102128,2024-12-01,,,,,,,,,,
L102128,2025-01-01,,,,,,,,,,
L102128,2025-02-01,,,,,,,,,,
L102128,2025-03-01,,,,,,,,,,
L102128,2025-04-01,,,,,,,,,,
L102128,2025-05-01,,,,,,,,,,
L102129,2024-07-01,,,,,,,,,,
L102129,2024-08-01,,,,,,,,,,
L102129,2024-09-01,,,,,,,,,,
L102129,2024-10-01,,,,,,,,,,
L102129,2024-11-01,,,,,,,,,,
L102129,2024-12-01,,,,,,,,,,
L102129,2025-01-01,,,,,,,,,,
L102129,2025-02-01,,,,,,,,,,
L102129,2025-03-01,,,,,,,,,,
L102129,2025-04-01,,,,,,,,,,
L102132,2024-07-01,,,,,,,,,,
L102132,2024-08-01,,,,,,,,,,
L102132,2024-09-01,,,,,,,,,,
L102138,2024-07-01,,,,,,,,,,
L102138,2024-08-01,,,,,,,,,,
L102138,2024-09-01,,,,,,,,,,
L102138,2024-10-01,,,,,,,,,,
L102138,2024-11-01,,,,,,,,,,
L102139,2024-07-01,,,,,,,,,,
L102139,2024-08-01,,,,,,,,,,
L102139,2024-09-01,,,,,,,,,,
L102139,2024-10-01,,,,,,,,,,
L102139,2024-11-01,,,,,,,,,,
L102139,2024-12-01,,,,,,,,,,
L102145,2024-07-01,,,,,,,,,,
L102145,2024-08-01,,,,,,,,,,
L102145,2024-09-01,,,,,,,,,,
L102145,2024-10-01,,,,,,,,,,
L102145,2024-11-01,,,,,,,,,,
L102145,2024-12-01,,,,,,,,,,
L102145,2025-01-01,,,,,,,,,,
L102145,2025-02-01,,,,,,,,,,
L102145,2025-03-01,,,,,,,,,,
L102147,2024-07-01,,,,,,,,,,
L102147,2024-08-01,,,,,,,,,,
L102147,2024-09-01,,,,,,,,,,
L102147,2024-10-01,,,,,,,,,,
L102147,2024-11-01,,,,,,,,,,
L102147,2024-12-01,,,,,,,,,,
L102147,2025-01-01,,,,,,,,,,
L102147,2025-02-01,,,,,,,,,,
L102147,2025-03-01,,,,,,,,,,
L102147,2025-04-01,,,,,,,,,,
L102147,2025-05-01,,,,,,,,,,
L102147,2025-06-01,,,,,,,,,,
L102147,2025-07-01,,,,,,,,,,
L102147,2025-08-01,,,,,,,,,,
L102147,2025-09-01,,,,,,,,,,
L102147,2025-10-01,,,,,,,,,,
L102147,2025-11-01,,,,,,,,,,
L102147,2025-12-01,,,,,,,,,,
L102147,2026-01-01,,,,,,,,,,
L102147,2026-02-01,,,,,,,,,,
L102147,2026-03-01,,,,,,,,,,
L102147,2026-04-01,,,,,,,,,,
L102148,2024-07-01,,,,,,,,,,
L102148,2024-08-01,,,,,,,,,,
L102148,2024-09-01,,,,,,,,,,
L102148,2024-10-01,,,,,,,,,,
L102148,2024-11-01,,,,,,,,,,
L102148,2024-12-01,,,,,,,,,,
L102148,2025-01-01,,,,,,,,,,
L102148,2025-02-01,,,,,,,,,,
L102148,2025-03-01,,,,,,,,,,
L102148,2025-04-01,,,,,,,,,,
L102148,2025-05-01,,,,,,,,,,
L102148,2025-06-01,,,,,,,,,,
L102148,2025-07-01,,,,,,,,,,
L102148,2025-08-01,,,,,,,,,,
L102148,2025-09-01,,,,,,,,,,
L102148,2025-10-01,,,,,,,,,,
L102148,2025-11-01,,,,,,,,,,
L102148,2025-12-01,,,,,,,,,,
L102148,2026-01-01,,,,,,,,,,
L102149,2024-07-01,,,,,,,,,,
L102149,2024-08-01,,,,,,,,,,
L102149,2024-09-01,,,,,,,,,,
L102149,2024-10-01,,,,,,,,,,
L102149,2024-11-01,,,,,,,,,,
L102149,2024-12-01,,,,,,,,,,
L102149,2025-01-01,,,,,,,,,,
L102149,2025-02-01,,,,,,,,,,
L102149,2025-03-01,,,,,,,,,,
L102149,2025-04-01,,,,,,,,,,
L102149,2025-05-01,,,,,,,,,,
L102149,2025-06-01,,,,,,,,,,
L102149,2025-07-01,,,,,,,,,,
L102149,2025-08-01,,,,,,,,,,
L102149,2025-09-01,,,,,,,,,,
L102149,2025-10-01,,,,,,,,,,
L102153,2024-07-01,,,,,,,,,,
L102153,2024-08-01,,,,,,,,,,
L102153,2024-09-01,,,,,,,,,,
L102153,2024-10-01,,,,,,,,,,
L102153,2024-11-01,,,,,,,,,,
L102155,2024-07-01,,,,,,,,,,
L102155,2024-08-01,,,,,,,,,,
L102155,2024-09-01,,,,,,,,,,
L102155,2024-10-01,,,,,,,,,,
L102155,2024-11-01,,,,,,,,,,
L102155,2024-12-01,,,,,,,,,,
L102155,2025-01-01,,,,,,,,,,
L102155,2025-02-01,,,,,,,,,,
L102155,2025-03-01,,,,,,,,,,
L102155,2025-04-01,,,,,,,,,,
L102155,2025-05-01,,,,,,,,,,
L102155,2025-06-01,,,,,,,,,,
L102155,2025-07-01,,,,,,,,,,
L102155,2025-08-01,,,,,,,,,,
L102155,2025-09-01,,,,,,,,,,
L102165,2024-07-01,,,,,,,,,,
L102165,2024-08-01,,,,,,,,,,
L102165,2024-09-01,,,,,,,,,,
L102170,2024-07-01,,,,,,,,,,
L102170,2024-08-01,,,,,,,,,,
L102170,2024-09-01,,,,,,,,,,
L102170,2024-10-01,,,,,,,,,,
L102170,2024-11-01,,,,,,,,,,
L102170,2024-12-01,,,,,,,,,,
L102170,2025-01-01,,,,,,,,,,
L102170,2025-02-01,,,,,,,,,,
L102170,2025-03-01,,,,,,,,,,
L102170,2025-04-01,,,,,,,,,,
L102170,2025-05-01,,,,,,,,,,
L102170,2025-06-01,,,,,,,,,,
L102170,2025-07-01,,,,,,,,,,
L102170,2025-08-01,,,,,,,,,,
L102170,2025-09-01,,,,,,,,,,
L102171,2024-07-01,,,,,,,,,,
L102171,2024-08-01,,,,,,,,,,
L102171,2024-09-01,,,,,,,,,,
L102171,2024-10-01,,,,,,,,,,
L102171,2024-11-01,,,,,,,,,,
L102173,2024-07-01,,,,,,,,,,
L102173,2024-08-01,,,,,,,,,,
L102177,2024-07-01,,,,,,,,,,
L102177,2024-08-01,,,,,,,,,,
L102177,2024-09-01,,,,,,,,,,
L102177,2024-10-01,,,,,,,,,,
L102177,2024-11-01,,,,,,,,,,
L102177,2024-12-01,,,,,,,,,,
L102177,2025-01-01,,,,,,,,,,
L102177,2025-02-01,,,,,,,,,,
L102177,2025-03-01,,,,,,,,,,
L102177,2025-04-01,,,,,,,,,,
L102177,2025-05-01,,,,,,,,,,
L102177,2025-06-01,,,,,,,,,,
L102177,2025-07-01,,,,,,,,,,
L102179,2024-07-01,,,,,,,,,,
L102179,2024-08-01,,,,,,,,,,
L102180,2024-07-01,,,,,,,,,,
L102180,2024-08-01,,,,,,,,,,
L102180,2024-09-01,,,,,,,,,,
L102180,2024-10-01,,,,,,,,,,
L102182,2024-07-01,,,,,,,,,,
L102182,2024-08-01,,,,,,,,,,
L102182,2024-09-01,,,,,,,,,,
L102182,2024-10-01,,,,,,,,,,
L102182,2024-11-01,,,,,,,,,,
L102182,2024-12-01,,,,,,,,,,
L102182,2025-01-01,,,,,,,,,,
L102182,2025-02-01,,,,,,,,,,
L102182,2025-03-01,,,,,,,,,,
L102182,2025-04-01,,,,,,,,,,
L102184,2024-07-01,,,,,,,,,,
L102184,2024-08-01,,,,,,,,,,
L102184,2024-09-01,,,,,,,,,,
L102184,2024-10-01,,,,,,,,,,
L102187,2024-07-01,,,,,,,,,,
L102187,2024-08-01,,,,,,,,,,
L102187,2024-09-01,,,,,,,,,,
L102187,2024-10-01,,,,,,,,,,
L102187,2024-11-01,,,,,,,,,,
L102187,2024-12-01,,,,,,,,,,
L102187,2025-01-01,,,,,,,,,,
L102187,2025-02-01,,,,,,,,,,
L102189,2024-07-01,,,,,,,,,,
L102193,2024-07-01,,,,,,,,,,
L102193,2024-08-01,,,,,,,,,,
L102193,2024-09-01,,,,,,,,,,
L102193,2024-10-01,,,,,,,,,,
L102193,2024-11-01,,,,,,,,,,
L102193,2024-12-01,,,,,,,,,,
L102193,2025-01-01,,,,,,,,,,
L102193,2025-02-01,,,,,,,,,,
L102193,2025-03-01,,,,,,,,,,
L102193,2025-04-01,,,,,,,,,,
L102193,2025-05-01,,,,,,,,,,
L102193,2025-06-01,,,,,,,,,,
L102193,2025-07-01,,,,,,,,,,
L102193,2025-08-01,,,,,,,,,,
L102193,2025-09-01,,,,,,,,,,
L102194,2024-07-01,,,,,,,,,,
L102194,2024-08-01,,,,,,,,,,
L102194,2024-09-01,,,,,,,,,,
L102194,2024-10-01,,,,,,,,,,
L102194,2024-11-01,,,,,,,,,,
L102194,2024-12-01,,,,,,,,,,
L102194,2025-01-01,,,,,,,,,,
L102194,2025-02-01,,,,,,,,,,
L102194,2025-03-01,,,,,,,,,,
L102194,2025-04-01,,,,,,,,,,
L102194,2025-05-01,,,,,,,,,,
L102194,2025-06-01,,,,,,,,,,
L102194,2025-07-01,,,,,,,,,,
L102194,2025-08-01,,,,,,,,,,
L102194,2025-09-01,,,,,,,,,,
L102194,2025-10-01,,,,,,,,,,
L102194,2025-11-01,,,,,,,,,,
L102194,2025-12-01,,,,,,,,,,
L102194,2026-01-01,,,,,,,,,,
L102194,2026-02-01,,,,,,,,,,
L102194,2026-03-01,,,,,,,,,,
L102197,2024-07-01,,,,,,,,,,
L102197,2024-08-01,,,,,,,,,,
L102197,2024-09-01,,,,,,,,,,
L102197,2024-10-01,,,,,,,,,,
L102197,2024-11-01,,,,,,,,,,
L102197,2024-12-01,,,,,,,,,,
L102197,2025-01-01,,,,,,,,,,
L102197,2025-02-01,,,,,,,,,,
L102197,2025-03-01,,,,,,,,,,
L102197,2025-04-01,,,,,,,,,,
L102197,2025-05-01,,,,,,,,,,
L102197,2025-06-01,,,,,,,,,,
L102197,2025-07-01,,,,,,,,,,
L102203,2024-07-01,,,,,,,,,,
L102203,2024-08-01,,,,,,,,,,
L102203,2024-09-01,,,,,,,,,,
L102203,2024-10-01,,,,,,,,,,
L102203,2024-11-01,,,,,,,,,,
L102203,2024-12-01,,,,,,,,,,
L102203,2025-01-01,,,,,,,,,,
L102203,2025-02-01,,,,,,,,,,
L102203,2025-03-01,,,,,,,,,,
L102203,2025-04-01,,,,,,,,,,
L102203,2025-05-01,,,,,,,,,,
L102203,2025-06-01,,,,,,,,,,
L102203,2025-07-01,,,,,,,,,,
L102203,2025-08-01,,,,,,,,,,
L102203,2025-09-01,,,,,,,,,,
L102203,2025-10-01,,,,,,,,,,
L102203,2025-11-01,,,,,,,,,,
L102203,2025-12-01,,,,,,,,,,
L102203,2026-01-01,,,,,,,,,,
L102203,2026-02-01,,,,,,,,,,
L102205,2024-07-01,,,,,,,,,,
L102205,2024-08-01,,,,,,,,,,
L102205,2024-09-01,,,,,,,,,,
L102206,2024-07-01,,,,,,,,,,
L102206,2024-08-01,,,,,,,,,,
L102206,2024-09-01,,,,,,,,,,
L102206,2024-10-01,,,,,,,,,,
L102206,2024-11-01,,,,,,,,,,
L102206,2024-12-01,,,,,,,,,,
L102206,2025-01-01,,,,,,,,,,
L102206,2025-02-01,,,,,,,,,,
L102206,2025-03-01,,,,,,,,,,
L102206,2025-04-01,,,,,,,,,,
L102213,2024-07-01,,,,,,,,,,
L102213,2024-08-01,,,,,,,,,,
L102213,2024-09-01,,,,,,,,,,
L102213,2024-10-01,,,,,,,,,,
L102213,2024-11-01,,,,,,,,,,
L102213,2024-12-01,,,,,,,,,,
L102213,2025-01-01,,,,,,,,,,
L102213,2025-02-01,,,,,,,,,,
L102213,2025-03-01,,,,,,,,,,
L102213,2025-04-01,,,,,,,,,,
L102213,2025-05-01,,,,,,,,,,
L102213,2025-06-01,,,,,,,,,,
L102213,2025-07-01,,,,,,,,,,
L102213,2025-08-01,,,,,,,,,,
L102213,2025-09-01,,,,,,,,,,
L102213,2025-10-01,,,,,,,,,,
L102213,2025-11-01,,,,,,,,,,
L102213,2025-12-01,,,,,,,,,,
L102213,2026-01-01,,,,,,,,,,
L102214,2024-07-01,,,,,,,,,,
L102214,2024-08-01,,,,,,,,,,
L102214,2024-09-01,,,,,,,,,,
L102214,2024-10-01,,,,,,,,,,
L102214,2024-11-01,,,,,,,,,,
L102214,2024-12-01,,,,,,,,,,
L102214,2025-01-01,,,,,,,,,,
L102214,2025-02-01,,,,,,,,,,
L102214,2025-03-01,,,,,,,,,,
L102214,2025-04-01,,,,,,,,,,
L102214,2025-05-01,,,,,,,,,,
L102214,2025-06-01,,,,,,,,,,
L102214,2025-07-01,,,,,,,,,,
L102214,2025-08-01,,,,,,,,,,
L102214,2025-09-01,,,,,,,,,,
L102214,2025-10-01,,,,,,,,,,
L102214,2025-11-01,,,,,,,,,,
L102214,2025-12-01,,,,,,,,,,
L102218,2024-07-01,,,,,,,,,,
L102218,2024-08-01,,,,,,,,,,
L102218,2024-09-01,,,,,,,,,,
L102218,2024-10-01,,,,,,,,,,
L102218,2024-11-01,,,,,,,,,,
L102218,2024-12-01,,,,,,,,,,
L102218,2025-01-01,,,,,,,,,,
L102227,2024-07-01,,,,,,,,,,
L102227,2024-08-01,,,,,,,,,,
L102227,2024-09-01,,,,,,,,,,
L102227,2024-10-01,,,,,,,,,,
L102227,2024-11-01,,,,,,,,,,
L102227,2024-12-01,,,,,,,,,,
L102227,2025-01-01,,,,,,,,,,
L102227,2025-02-01,,,,,,,,,,
L102228,2024-07-01,,,,,,,,,,
L102230,2024-07-01,,,,,,,,,,
L102231,2024-07-01,,,,,,,,,,
L102231,2024-08-01,,,,,,,,,,
L102231,2024-09-01,,,,,,,,,,
L102231,2024-10-01,,,,,,,,,,
L102231,2024-11-01,,,,,,,,,,
L102231,2024-12-01,,,,,,,,,,
L102231,2025-01-01,,,,,,,,,,
L102231,2025-02-01,,,,,,,,,,
L102231,2025-03-01,,,,,,,,,,
L102231,2025-04-01,,,,,,,,,,
L102231,2025-05-01,,,,,,,,,,
L102231,2025-06-01,,,,,,,,,,
L102234,2024-07-01,,,,,,,,,,
L102234,2024-08-01,,,,,,,,,,
L102234,2024-09-01,,,,,,,,,,
L102234,2024-10-01,,,,,,,,,,
L102234,2024-11-01,,,,,,,,,,
L102234,2024-12-01,,,,,,,,,,
L102234,2025-01-01,,,,,,,,,,
L102234,2025-02-01,,,,,,,,,,
L102234,2025-03-01,,,,,,,,,,
L102234,2025-04-01,,,,,,,,,,
L102234,2025-05-01,,,,,,,,,,
L102234,2025-06-01,,,,,,,,,,
L102234,2025-07-01,,,,,,,,,,
L102234,2025-08-01,,,,,,,,,,
L102234,2025-09-01,,,,,,,,,,
L102234,2025-10-01,,,,,,,,,,
L102234,2025-11-01,,,,,,,,,,
L102234,2025-12-01,,,,,,,,,,
L102234,2026-01-01,,,,,,,,,,
L102234,2026-02-01,,,,,,,,,,
L102236,2024-07-01,,,,,,,,,,
L102236,2024-08-01,,,,,,,,,,
L102236,2024-09-01,,,,,,,,,,
L102236,2024-10-01,,,,,,,,,,
L102236,2024-11-01,,,,,,,,,,
L102236,2024-12-01,,,,,,,,,,
L102236,2025-01-01,,,,,,,,,,
L102236,2025-02-01,,,,,,,,,,
L102237,2024-07-01,,,,,,,,,,
L102237,2024-08-01,,,,,,,,,,
L102237,2024-09-01,,,,,,,,,,
L102237,2024-10-01,,,,,,,,,,
L102237,2024-11-01,,,,,,,,,,
L102237,2024-12-01,,,,,,,,,,
L102237,2025-01-01,,,,,,,,,,
L102237,2025-02-01,,,,,,,,,,
L102237,2025-03-01,,,,,,,,,,
L102237,2025-04-01,,,,,,,,,,
L102239,2024-07-01,,,,,,,,,,
L102239,2024-08-01,,,,,,,,,,
L102239,2024-09-01,,,,,,,,,,
L102239,2024-10-01,,,,,,,,,,
L102239,2024-11-01,,,,,,,,,,
L102239,2024-12-01,,,,,,,,,,
L102239,2025-01-01,,,,,,,,,,
L102239,2025-02-01,,,,,,,,,,
L102239,2025-03-01,,,,,,,,,,
L102239,2025-04-01,,,,,,,,,,
L102239,2025-05-01,,,,,,,,,,
L102239,2025-06-01,,,,,,,,,,
L102240,2024-07-01,,,,,,,,,,
L102240,2024-08-01,,,,,,,,,,
L102240,2024-09-01,,,,,,,,,,
L102240,2024-10-01,,,,,,,,,,
L102240,2024-11-01,,,,,,,,,,
L102240,2024-12-01,,,,,,,,,,
L102240,2025-01-01,,,,,,,,,,
L102240,2025-02-01,,,,,,,,,,
L102240,2025-03-01,,,,,,,,,,
L102240,2025-04-01,,,,,,,,,,
L102240,2025-05-01,,,,,,,,,,
L102240,2025-06-01,,,,,,,,,,
L102240,2025-07-01,,,,,,,,,,
L102240,2025-08-01,,,,,,,,,,
L102243,2024-07-01,,,,,,,,,,
L102243,2024-08-01,,,,,,,,,,
L102243,2024-09-01,,,,,,,,,,
L102243,2024-10-01,,,,,,,,,,
L102247,2024-07-01,,,,,,,,,,
L102247,2024-08-01,,,,,,,,,,
L102247,2024-09-01,,,,,,,,,,
L102247,2024-10-01,,,,,,,,,,
L102247,2024-11-01,,,,,,,,,,
L102247,2024-12-01,,,,,,,,,,
L102247,2025-01-01,,,,,,,,,,
L102247,2025-02-01,,,,,,,,,,
L102247,2025-03-01,,,,,,,,,,
L102247,2025-04-01,,,,,,,,,,
L102247,2025-05-01,,,,,,,,,,
L102247,2025-06-01,,,,,,,,,,
L102247,2025-07-01,,,,,,,,,,
L102247,2025-08-01,,,,,,,,,,
L102247,2025-09-01,,,,,,,,,,
L102247,2025-10-01,,,,,,,,,,
L102247,2025-11-01,,,,,,,,,,
L102247,2025-12-01,,,,,,,,,,
L102247,2026-01-01,,,,,,,,,,
L102247,2026-02-01,,,,,,,,,,
L102247,2026-03-01,,,,,,,,,,
L102247,2026-04-01,,,,,,,,,,
L102255,2024-07-01,,,,,,,,,,
L102255,2024-08-01,,,,,,,,,,
L102255,2024-09-01,,,,,,,,,,
L102255,2024-10-01,,,,,,,,,,
L102255,2024-11-01,,,,,,,,,,
L102255,2024-12-01,,,,,,,,,,
L102255,2025-01-01,,,,,,,,,,
L102255,2025-02-01,,,,,,,,,,
L102255,2025-03-01,,,,,,,,,,
L102255,2025-04-01,,,,,,,,,,
L102255,2025-05-01,,,,,,,,,,
L102255,2025-06-01,,,,,,,,,,
L102255,2025-07-01,,,,,,,,,,
L102255,2025-08-01,,,,,,,,,,
L102255,2025-09-01,,,,,,,,,,
L102255,2025-10-01,,,,,,,,,,
L102255,2025-11-01,,,,,,,,,,
L102255,2025-12-01,,,,,,,,,,
L102255,2026-01-01,,,,,,,,,,
L102255,2026-02-01,,,,,,,,,,
L102255,2026-03-01,,,,,,,,,,
L102255,2026-04-01,,,,,,,,,,
L102255,2026-05-01,,,,,,,,,,
L102261,2024-07-01,,,,,,,,,,
L102261,2024-08-01,,,,,,,,,,
L102261,2024-09-01,,,,,,,,,,
L102261,2024-10-01,,,,,,,,,,
L102261,2024-11-01,,,,,,,,,,
L102261,2024-12-01,,,,,,,,,,
L102261,2025-01-01,,,,,,,,,,
L102261,2025-02-01,,,,,,,,,,
L102261,2025-03-01,,,,,,,,,,
L102261,2025-04-01,,,,,,,,,,
L102261,2025-05-01,,,,,,,,,,
L102261,2025-06-01,,,,,,,,,,
L102261,2025-07-01,,,,,,,,,,
L102261,2025-08-01,,,,,,,,,,
L102261,2025-09-01,,,,,,,,,,
L102261,2025-10-01,,,,,,,,,,
L102261,2025-11-01,,,,,,,,,,
L102265,2024-07-01,,,,,,,,,,
L102265,2024-08-01,,,,,,,,,,
L102265,2024-09-01,,,,,,,,,,
L102265,2024-10-01,,,,,,,,,,
L102265,2024-11-01,,,,,,,,,,
L102265,2024-12-01,,,,,,,,,,
L102265,2025-01-01,,,,,,,,,,
L102269,2024-07-01,,,,,,,,,,
L102269,2024-08-01,,,,,,,,,,
L102269,2024-09-01,,,,,,,,,,
L102269,2024-10-01,,,,,,,,,,
L102269,2024-11-01,,,,,,,,,,
L102269,2024-12-01,,,,,,,,,,
L102269,2025-01-01,,,,,,,,,,
L102269,2025-02-01,,,,,,,,,,
L102269,2025-03-01,,,,,,,,,,
L102269,2025-04-01,,,,,,,,,,
L102269,2025-05-01,,,,,,,,,,
L102269,2025-06-01,,,,,,,,,,
L102269,2025-07-01,,,,,,,,,,
L102269,2025-08-01,,,,,,,,,,
L102269,2025-09-01,,,,,,,,,,
L102269,2025-10-01,,,,,,,,,,
L102269,2025-11-01,,,,,,,,,,
L102269,2025-12-01,,,,,,,,,,
L102269,2026-01-01,,,,,,,,,,
L102269,2026-02-01,,,,,,,,,,
L102269,2026-03-01,,,,,,,,,,
L102275,2024-07-01,,,,,,,,,,
L102275,2024-08-01,,,,,,,,,,
L102275,2024-09-01,,,,,,,,,,
L102275,2024-10-01,,,,,,,,,,
L102275,2024-11-01,,,,,,,,,,
L102275,2024-12-01,,,,,,,,,,
L102275,2025-01-01,,,,,,,,,,
L102275,2025-02-01,,,,,,,,,,
L102275,2025-03-01,,,,,,,,,,
L102275,2025-04-01,,,,,,,,,,
L102275,2025-05-01,,,,,,,,,,
L102275,2025-06-01,,,,,,,,,,
L102275,2025-07-01,,,,,,,,,,
L102275,2025-08-01,,,,,,,,,,
L102276,2024-07-01,,,,,,,,,,
L102276,2024-08-01,,,,,,,,,,
L102276,2024-09-01,,,,,,,,,,
L102276,2024-10-01,,,,,,,,,,
L102276,2024-11-01,,,,,,,,,,
L102276,2024-12-01,,,,,,,,,,
L102276,2025-01-01,,,,,,,,,,
L102276,2025-02-01,,,,,,,,,,
L102276,2025-03-01,,,,,,,,,,
L102276,2025-04-01,,,,,,,,,,
L102276,2025-05-01,,,,,,,,,,
L102276,2025-06-01,,,,,,,,,,
L102276,2025-07-01,,,,,,,,,,
L102276,2025-08-01,,,,,,,,,,
L102276,2025-09-01,,,,,,,,,,
L102276,2025-10-01,,,,,,,,,,
L102276,2025-11-01,,,,,,,,,,
L102276,2025-12-01,,,,,,,,,,
L102280,2024-07-01,,,,,,,,,,
L102280,2024-08-01,,,,,,,,,,
L102280,2024-09-01,,,,,,,,,,
L102280,2024-10-01,,,,,,,,,,
L102280,2024-11-01,,,,,,,,,,
L102280,2024-12-01,,,,,,,,,,
L102280,2025-01-01,,,,,,,,,,
L102280,2025-02-01,,,,,,,,,,
L102280,2025-03-01,,,,,,,,,,
L102280,2025-04-01,,,,,,,,,,
L102280,2025-05-01,,,,,,,,,,
L102280,2025-06-01,,,,,,,,,,
L102280,2025-07-01,,,,,,,,,,
L102280,2025-08-01,,,,,,,,,,
L102280,2025-09-01,,,,,,,,,,
L102280,2025-10-01,,,,,,,,,,
L102280,2025-11-01,,,,,,,,,,
L102280,2025-12-01,,,,,,,,,,
L102281,2024-07-01,,,,,,,,,,
L102281,2024-08-01,,,,,,,,,,
L102281,2024-09-01,,,,,,,,,,
L102281,2024-10-01,,,,,,,,,,
L102281,2024-11-01,,,,,,,,,,
L102281,2024-12-01,,,,,,,,,,
L102281,2025-01-01,,,,,,,,,,
L102281,2025-02-01,,,,,,,,,,
L102281,2025-03-01,,,,,,,,,,
L102281,2025-04-01,,,,,,,,,,
L102281,2025-05-01,,,,,,,,,,
L102281,2025-06-01,,,,,,,,,,
L102281,2025-07-01,,,,,,,,,,
L102281,2025-08-01,,,,,,,,,,
L102281,2025-09-01,,,,,,,,,,
L102284,2024-07-01,,,,,,,,,,
L102284,2024-08-01,,,,,,,,,,
L102284,2024-09-01,,,,,,,,,,
L102284,2024-10-01,,,,,,,,,,
L102284,2024-11-01,,,,,,,,,,
L102284,2024-12-01,,,,,,,,,,
L102284,2025-01-01,,,,,,,,,,
L102284,2025-02-01,,,,,,,,,,
L102287,2024-07-01,,,,,,,,,,
L102291,2024-07-01,,,,,,,,,,
L102291,2024-08-01,,,,,,,,,,
L102291,2024-09-01,,,,,,,,,,
L102291,2024-10-01,,,,,,,,,,
L102291,2024-11-01,,,,,,,,,,
L102291,2024-12-01,,,,,,,,,,
L102291,2025-01-01,,,,,,,,,,
L102291,2025-02-01,,,,,,,,,,
L102291,2025-03-01,,,,,,,,,,
L102291,2025-04-01,,,,,,,,,,
L102291,2025-05-01,,,,,,,,,,
L102291,2025-06-01,,,,,,,,,,
L102291,2025-07-01,,,,,,,,,,
L102291,2025-08-01,,,,,,,,,,
L102291,2025-09-01,,,,,,,,,,
L102291,2025-10-01,,,,,,,,,,
L102291,2025-11-01,,,,,,,,,,
L102291,2025-12-01,,,,,,,,,,
L102291,2026-01-01,,,,,,,,,,
L102291,2026-02-01,,,,,,,,,,
L102291,2026-03-01,,,,,,,,,,
L102291,2026-04-01,,,,,,,,,,
L102291,2026-05-01,,,,,,,,,,
L102293,2024-07-01,,,,,,,,,,
L102293,2024-08-01,,,,,,,,,,
L102293,2024-09-01,,,,,,,,,,
L102293,2024-10-01,,,,,,,,,,
L102293,2024-11-01,,,,,,,,,,
L102293,2024-12-01,,,,,,,,,,
L102293,2025-01-01,,,,,,,,,,
L102293,2025-02-01,,,,,,,,,,
L102293,2025-03-01,,,,,,,,,,
L102293,2025-04-01,,,,,,,,,,
L102293,2025-05-01,,,,,,,,,,
L102293,2025-06-01,,,,,,,,,,
L102293,2025-07-01,,,,,,,,,,
L102293,2025-08-01,,,,,,,,,,
L102294,2024-07-01,,,,,,,,,,
L102294,2024-08-01,,,,,,,,,,
L102294,2024-09-01,,,,,,,,,,
L102294,2024-10-01,,,,,,,,,,
L102294,2024-11-01,,,,,,,,,,
L102294,2024-12-01,,,,,,,,,,
L102295,2024-07-01,,,,,,,,,,
L102295,2024-08-01,,,,,,,,,,
L102295,2024-09-01,,,,,,,,,,
L102295,2024-10-01,,,,,,,,,,
L102295,2024-11-01,,,,,,,,,,
L102295,2024-12-01,,,,,,,,,,
L102295,2025-01-01,,,,,,,,,,
L102295,2025-02-01,,,,,,,,,,
L102295,2025-03-01,,,,,,,,,,
L102295,2025-04-01,,,,,,,,,,
L102295,2025-05-01,,,,,,,,,,
L102295,2025-06-01,,,,,,,,,,
L102295,2025-07-01,,,,,,,,,,
L102297,2024-07-01,,,,,,,,,,
L102297,2024-08-01,,,,,,,,,,
L102297,2024-09-01,,,,,,,,,,
L102297,2024-10-01,,,,,,,,,,
L102297,2024-11-01,,,,,,,,,,
L102297,2024-12-01,,,,,,,,,,
L102297,2025-01-01,,,,,,,,,,
L102297,2025-02-01,,,,,,,,,,
L102297,2025-03-01,,,,,,,,,,
L102297,2025-04-01,,,,,,,,,,
L102297,2025-05-01,,,,,,,,,,
L102297,2025-06-01,,,,,,,,,,
L102297,2025-07-01,,,,,,,,,,
L102297,2025-08-01,,,,,,,,,,
L102297,2025-09-01,,,,,,,,,,
L102298,2024-07-01,,,,,,,,,,
L102298,2024-08-01,,,,,,,,,,
L102298,2024-09-01,,,,,,,,,,
L102298,2024-10-01,,,,,,,,,,
L102298,2024-11-01,,,,,,,,,,
L102298,2024-12-01,,,,,,,,,,
L102298,2025-01-01,,,,,,,,,,
L102298,2025-02-01,,,,,,,,,,
L102298,2025-03-01,,,,,,,,,,
L102298,2025-04-01,,,,,,,,,,
L102298,2025-05-01,,,,,,,,,,
L102298,2025-06-01,,,,,,,,,,
L102298,2025-07-01,,,,,,,,,,
L102298,2025-08-01,,,,,,,,,,
L102300,2024-07-01,,,,,,,,,,
L102300,2024-08-01,,,,,,,,,,
L102300,2024-09-01,,,,,,,,,,
L102300,2024-10-01,,,,,,,,,,
L102300,2024-11-01,,,,,,,,,,
L102300,2024-12-01,,,,,,,,,,
L102300,2025-01-01,,,,,,,,,,
L102300,2025-02-01,,,,,,,,,,
L102300,2025-03-01,,,,,,,,,,
L102300,2025-04-01,,,,,,,,,,
L102300,2025-05-01,,,,,,,,,,
L102300,2025-06-01,,,,,,,,,,
L102300,2025-07-01,,,,,,,,,,
L102300,2025-08-01,,,,,,,,,,
L102300,2025-09-01,,,,,,,,,,
L102300,2025-10-01,,,,,,,,,,
L102300,2025-11-01,,,,,,,,,,
L102300,2025-12-01,,,,,,,,,,
L102309,2024-07-01,,,,,,,,,,
L102309,2024-08-01,,,,,,,,,,
L102309,2024-09-01,,,,,,,,,,
L102309,2024-10-01,,,,,,,,,,
L102309,2024-11-01,,,,,,,,,,
L102309,2024-12-01,,,,,,,,,,
L102309,2025-01-01,,,,,,,,,,
L102309,2025-02-01,,,,,,,,,,
L102309,2025-03-01,,,,,,,,,,
L102309,2025-04-01,,,,,,,,,,
L102309,2025-05-01,,,,,,,,,,
L102309,2025-06-01,,,,,,,,,,
L102309,2025-07-01,,,,,,,,,,
L102309,2025-08-01,,,,,,,,,,
L102309,2025-09-01,,,,,,,,,,
L102309,2025-10-01,,,,,,,,,,
L102309,2025-11-01,,,,,,,,,,
L102309,2025-12-01,,,,,,,,,,
L102309,2026-01-01,,,,,,,,,,
L102309,2026-02-01,,,,,,,,,,
L102309,2026-03-01,,,,,,,,,,
L102309,2026-04-01,,,,,,,,,,
L102309,2026-05-01,,,,,,,,,,
L102310,2024-07-01,,,,,,,,,,
L102310,2024-08-01,,,,,,,,,,
L102310,2024-09-01,,,,,,,,,,
L102310,2024-10-01,,,,,,,,,,
L102310,2024-11-01,,,,,,,,,,
L102310,2024-12-01,,,,,,,,,,
L102310,2025-01-01,,,,,,,,,,
L102310,2025-02-01,,,,,,,,,,
L102310,2025-03-01,,,,,,,,,,
L102310,2025-04-01,,,,,,,,,,
L102310,2025-05-01,,,,,,,,,,
L102310,2025-06-01,,,,,,,,,,
L102310,2025-07-01,,,,,,,,,,
L102310,2025-08-01,,,,,,,,,,
L102310,2025-09-01,,,,,,,,,,
L102310,2025-10-01,,,,,,,,,,
L102310,2025-11-01,,,,,,,,,,
L102310,2025-12-01,,,,,,,,,,
L102310,2026-01-01,,,,,,,,,,
L102310,2026-02-01,,,,,,,,,,
L102310,2026-03-01,,,,,,,,,,
L102310,2026-04-01,,,,,,,,,,
L102311,2024-07-01,,,,,,,,,,
L102311,2024-08-01,,,,,,,,,,
L102311,2024-09-01,,,,,,,,,,
L102311,2024-10-01,,,,,,,,,,
L102311,2024-11-01,,,,,,,,,,
L102311,2024-12-01,,,,,,,,,,
L102311,2025-01-01,,,,,,,,,,
L102311,2025-02-01,,,,,,,,,,
L102311,2025-03-01,,,,,,,,,,
L102311,2025-04-01,,,,,,,,,,
L102311,2025-05-01,,,,,,,,,,
L102311,2025-06-01,,,,,,,,,,
L102311,2025-07-01,,,,,,,,,,
L102311,2025-08-01,,,,,,,,,,
L102311,2025-09-01,,,,,,,,,,
L102311,2025-10-01,,,,,,,,,,
L102314,2024-07-01,,,,,,,,,,
L102314,2024-08-01,,,,,,,,,,
L102314,2024-09-01,,,,,,,,,,
L102314,2024-10-01,,,,,,,,,,
L102314,2024-11-01,,,,,,,,,,
L102314,2024-12-01,,,,,,,,,,
L102314,2025-01-01,,,,,,,,,,
L102314,2025-02-01,,,,,,,,,,
L102314,2025-03-01,,,,,,,,,,
L102314,2025-04-01,,,,,,,,,,
L102318,2024-07-01,,,,,,,,,,
L102318,2024-08-01,,,,,,,,,,
L102318,2024-09-01,,,,,,,,,,
L102318,2024-10-01,,,,,,,,,,
L102318,2024-11-01,,,,,,,,,,
L102318,2024-12-01,,,,,,,,,,
L102321,2024-07-01,,,,,,,,,,
L102321,2024-08-01,,,,,,,,,,
L102321,2024-09-01,,,,,,,,,,
L102321,2024-10-01,,,,,,,,,,
L102321,2024-11-01,,,,,,,,,,
L102321,2024-12-01,,,,,,,,,,
L102321,2025-01-01,,,,,,,,,,
L102321,2025-02-01,,,,,,,,,,
L102321,2025-03-01,,,,,,,,,,
L102321,2025-04-01,,,,,,,,,,
L102321,2025-05-01,,,,,,,,,,
L102321,2025-06-01,,,,,,,,,,
L102321,2025-07-01,,,,,,,,,,
L102321,2025-08-01,,,,,,,,,,
L102321,2025-09-01,,,,,,,,,,
L102321,2025-10-01,,,,,,,,,,
L102321,2025-11-01,,,,,,,,,,
L102321,2025-12-01,,,,,,,,,,
L102321,2026-01-01,,,,,,,,,,
L102321,2026-02-01,,,,,,,,,,
L102328,2024-07-01,,,,,,,,,,
L102328,2024-08-01,,,,,,,,,,
L102333,2024-07-01,,,,,,,,,,
L102333,2024-08-01,,,,,,,,,,
L102333,2024-09-01,,,,,,,,,,
L102333,2024-10-01,,,,,,,,,,
L102333,2024-11-01,,,,,,,,,,
L102333,2024-12-01,,,,,,,,,,
L102333,2025-01-01,,,,,,,,,,
L102333,2025-02-01,,,,,,,,,,
L102333,2025-03-01,,,,,,,,,,
L102333,2025-04-01,,,,,,,,,,
L102333,2025-05-01,,,,,,,,,,
L102333,2025-06-01,,,,,,,,,,
L102333,2025-07-01,,,,,,,,,,
L102333,2025-08-01,,,,,,,,,,
L102333,2025-09-01,,,,,,,,,,
L102333,2025-10-01,,,,,,,,,,
L102333,2025-11-01,,,,,,,,,,
L102333,2025-12-01,,,,,,,,,,
L102333,2026-01-01,,,,,,,,,,
L102333,2026-02-01,,,,,,,,,,
L102333,2026-03-01,,,,,,,,,,
L102333,2026-04-01,,,,,,,,,,
L102333,2026-05-01,,,,,,,,,,
L102339,2024-07-01,,,,,,,,,,
L102339,2024-08-01,,,,,,,,,,
L102339,2024-09-01,,,,,,,,,,
L102339,2024-10-01,,,,,,,,,,
L102339,2024-11-01,,,,,,,,,,
L102339,2024-12-01,,,,,,,,,,
L102339,2025-01-01,,,,,,,,,,
L102339,2025-02-01,,,,,,,,,,
L102339,2025-03-01,,,,,,,,,,
L102339,2025-04-01,,,,,,,,,,
L102339,2025-05-01,,,,,,,,,,
L102339,2025-06-01,,,,,,,,,,
L102339,2025-07-01,,,,,,,,,,
L102339,2025-08-01,,,,,,,,,,
L102350,2024-07-01,,,,,,,,,,
L102352,2024-07-01,,,,,,,,,,
L102352,2024-08-01,,,,,,,,,,
L102352,2024-09-01,,,,,,,,,,
L102352,2024-10-01,,,,,,,,,,
L102352,2024-11-01,,,,,,,,,,
L102352,2024-12-01,,,,,,,,,,
L102352,2025-01-01,,,,,,,,,,
L102352,2025-02-01,,,,,,,,,,
L102352,2025-03-01,,,,,,,,,,
L102352,2025-04-01,,,,,,,,,,
L102352,2025-05-01,,,,,,,,,,
L102352,2025-06-01,,,,,,,,,,
L102352,2025-07-01,,,,,,,,,,
L102352,2025-08-01,,,,,,,,,,
L102352,2025-09-01,,,,,,,,,,
L102352,2025-10-01,,,,,,,,,,
L102352,2025-11-01,,,,,,,,,,
L102352,2025-12-01,,,,,,,,,,
L102352,2026-01-01,,,,,,,,,,
L102352,2026-02-01,,,,,,,,,,
L102352,2026-03-01,,,,,,,,,,
L102352,2026-04-01,,,,,,,,,,
L102352,2026-05-01,,,,,,,,,,
L102354,2024-07-01,,,,,,,,,,
L102354,2024-08-01,,,,,,,,,,
L102354,2024-09-01,,,,,,,,,,
L102354,2024-10-01,,,,,,,,,,
L102354,2024-11-01,,,,,,,,,,
L102354,2024-12-01,,,,,,,,,,
L102354,2025-01-01,,,,,,,,,,
L102354,2025-02-01,,,,,,,,,,
L102354,2025-03-01,,,,,,,,,,
L102354,2025-04-01,,,,,,,,,,
L102354,2025-05-01,,,,,,,,,,
L102355,2024-07-01,,,,,,,,,,
L102355,2024-08-01,,,,,,,,,,
L102355,2024-09-01,,,,,,,,,,
L102355,2024-10-01,,,,,,,,,,
L102355,2024-11-01,,,,,,,,,,
L102355,2024-12-01,,,,,,,,,,
L102355,2025-01-01,,,,,,,,,,
L102355,2025-02-01,,,,,,,,,,
L102355,2025-03-01,,,,,,,,,,
L102355,2025-04-01,,,,,,,,,,
L102358,2024-07-01,,,,,,,,,,
L102358,2024-08-01,,,,,,,,,,
L102358,2024-09-01,,,,,,,,,,
L102358,2024-10-01,,,,,,,,,,
L102358,2024-11-01,,,,,,,,,,
L102358,2024-12-01,,,,,,,,,,
L102358,2025-01-01,,,,,,,,,,
L102358,2025-02-01,,,,,,,,,,
L102358,2025-03-01,,,,,,,,,,
L102358,2025-04-01,,,,,,,,,,
L102358,2025-05-01,,,,,,,,,,
L102358,2025-06-01,,,,,,,,,,
L102358,2025-07-01,,,,,,,,,,
L102358,2025-08-01,,,,,,,,,,
L102358,2025-09-01,,,,,,,,,,
L102358,2025-10-01,,,,,,,,,,
L102359,2024-07-01,,,,,,,,,,
L102359,2024-08-01,,,,,,,,,,
L102359,2024-09-01,,,,,,,,,,
L102359,2024-10-01,,,,,,,,,,
L102364,2024-07-01,,,,,,,,,,
L102364,2024-08-01,,,,,,,,,,
L102364,2024-09-01,,,,,,,,,,
L102364,2024-10-01,,,,,,,,,,
L102364,2024-11-01,,,,,,,,,,
L102364,2024-12-01,,,,,,,,,,
L102364,2025-01-01,,,,,,,,,,
L102364,2025-02-01,,,,,,,,,,
L102364,2025-03-01,,,,,,,,,,
L102364,2025-04-01,,,,,,,,,,
L102364,2025-05-01,,,,,,,,,,
L102364,2025-06-01,,,,,,,,,,
L102364,2025-07-01,,,,,,,,,,
L102364,2025-08-01,,,,,,,,,,
L102364,2025-09-01,,,,,,,,,,
L102364,2025-10-01,,,,,,,,,,
L102364,2025-11-01,,,,,,,,,,
L102364,2025-12-01,,,,,,,,,,
L102364,2026-01-01,,,,,,,,,,
L102364,2026-02-01,,,,,,,,,,
L102366,2024-07-01,,,,,,,,,,
L102366,2024-08-01,,,,,,,,,,
L102366,2024-09-01,,,,,,,,,,
L102366,2024-10-01,,,,,,,,,,
L102366,2024-11-01,,,,,,,,,,
L102366,2024-12-01,,,,,,,,,,
L102366,2025-01-01,,,,,,,,,,
L102366,2025-02-01,,,,,,,,,,
L102366,2025-03-01,,,,,,,,,,
L102366,2025-04-01,,,,,,,,,,
L102366,2025-05-01,,,,,,,,,,
L102366,2025-06-01,,,,,,,,,,
L102366,2025-07-01,,,,,,,,,,
L102366,2025-08-01,,,,,,,,,,
L102366,2025-09-01,,,,,,,,,,
L102366,2025-10-01,,,,,,,,,,
L102368,2024-07-01,,,,,,,,,,
L102368,2024-08-01,,,,,,,,,,
L102370,2024-07-01,,,,,,,,,,
L102370,2024-08-01,,,,,,,,,,
L102370,2024-09-01,,,,,,,,,,
L102370,2024-10-01,,,,,,,,,,
L102370,2024-11-01,,,,,,,,,,
L102370,2024-12-01,,,,,,,,,,
L102370,2025-01-01,,,,,,,,,,
L102370,2025-02-01,,,,,,,,,,
L102370,2025-03-01,,,,,,,,,,
L102370,2025-04-01,,,,,,,,,,
L102370,2025-05-01,,,,,,,,,,
L102370,2025-06-01,,,,,,,,,,
L102370,2025-07-01,,,,,,,,,,
L102370,2025-08-01,,,,,,,,,,
L102370,2025-09-01,,,,,,,,,,
L102370,2025-10-01,,,,,,,,,,
L102370,2025-11-01,,,,,,,,,,
L102371,2024-07-01,,,,,,,,,,
L102371,2024-08-01,,,,,,,,,,
L102371,2024-09-01,,,,,,,,,,
L102374,2024-07-01,,,,,,,,,,
L102374,2024-08-01,,,,,,,,,,
L102374,2024-09-01,,,,,,,,,,
L102374,2024-10-01,,,,,,,,,,
L102374,2024-11-01,,,,,,,,,,
L102374,2024-12-01,,,,,,,,,,
L102374,2025-01-01,,,,,,,,,,
L102374,2025-02-01,,,,,,,,,,
L102374,2025-03-01,,,,,,,,,,
L102374,2025-04-01,,,,,,,,,,
L102374,2025-05-01,,,,,,,,,,
L102374,2025-06-01,,,,,,,,,,
L102374,2025-07-01,,,,,,,,,,
L102374,2025-08-01,,,,,,,,,,
L102374,2025-09-01,,,,,,,,,,
L102374,2025-10-01,,,,,,,,,,
L102380,2024-07-01,,,,,,,,,,
L102380,2024-08-01,,,,,,,,,,
L102380,2024-09-01,,,,,,,,,,
L102380,2024-10-01,,,,,,,,,,
L102380,2024-11-01,,,,,,,,,,
L102380,2024-12-01,,,,,,,,,,
L102380,2025-01-01,,,,,,,,,,
L102381,2024-07-01,,,,,,,,,,
L102381,2024-08-01,,,,,,,,,,
L102381,2024-09-01,,,,,,,,,,
L102381,2024-10-01,,,,,,,,,,
L102381,2024-11-01,,,,,,,,,,
L102381,2024-12-01,,,,,,,,,,
L102381,2025-01-01,,,,,,,,,,
L102381,2025-02-01,,,,,,,,,,
L102381,2025-03-01,,,,,,,,,,
L102381,2025-04-01,,,,,,,,,,
L102385,2024-07-01,,,,,,,,,,
L102385,2024-08-01,,,,,,,,,,
L102385,2024-09-01,,,,,,,,,,
L102385,2024-10-01,,,,,,,,,,
L102385,2024-11-01,,,,,,,,,,
L102385,2024-12-01,,,,,,,,,,
L102393,2024-07-01,,,,,,,,,,
L102393,2024-08-01,,,,,,,,,,
L102395,2024-07-01,,,,,,,,,,
L102395,2024-08-01,,,,,,,,,,
L102395,2024-09-01,,,,,,,,,,
L102395,2024-10-01,,,,,,,,,,
L102395,2024-11-01,,,,,,,,,,
L102395,2024-12-01,,,,,,,,,,
L102395,2025-01-01,,,,,,,,,,
L102395,2025-02-01,,,,,,,,,,
L102395,2025-03-01,,,,,,,,,,
L102398,2024-07-01,,,,,,,,,,
L102398,2024-08-01,,,,,,,,,,
L102398,2024-09-01,,,,,,,,,,
L102398,2024-10-01,,,,,,,,,,
L102398,2024-11-01,,,,,,,,,,
L102398,2024-12-01,,,,,,,,,,
L102398,2025-01-01,,,,,,,,,,
L102399,2024-07-01,,,,,,,,,,
L102399,2024-08-01,,,,,,,,,,
L102399,2024-09-01,,,,,,,,,,
L102399,2024-10-01,,,,,,,,,,
L102399,2024-11-01,,,,,,,,,,
L102399,2024-12-01,,,,,,,,,,
L102399,2025-01-01,,,,,,,,,,
L102399,2025-02-01,,,,,,,,,,
L102399,2025-03-01,,,,,,,,,,
L102403,2024-07-01,,,,,,,,,,
L102403,2024-08-01,,,,,,,,,,
L102403,2024-09-01,,,,,,,,,,
L102403,2024-10-01,,,,,,,,,,
L102403,2024-11-01,,,,,,,,,,
L102403,2024-12-01,,,,,,,,,,
L102403,2025-01-01,,,,,,,,,,
L102403,2025-02-01,,,,,,,,,,
L102403,2025-03-01,,,,,,,,,,
L102403,2025-04-01,,,,,,,,,,
L102403,2025-05-01,,,,,,,,,,
L102403,2025-06-01,,,,,,,,,,
L102403,2025-07-01,,,,,,,,,,
L102403,2025-08-01,,,,,,,,,,
L102405,2024-07-01,,,,,,,,,,
L102405,2024-08-01,,,,,,,,,,
L102405,2024-09-01,,,,,,,,,,
L102405,2024-10-01,,,,,,,,,,
L102405,2024-11-01,,,,,,,,,,
L102405,2024-12-01,,,,,,,,,,
L102405,2025-01-01,,,,,,,,,,
L102407,2024-07-01,,,,,,,,,,
L102407,2024-08-01,,,,,,,,,,
L102407,2024-09-01,,,,,,,,,,
L102407,2024-10-01,,,,,,,,,,
L102407,2024-11-01,,,,,,,,,,
L102407,2024-12-01,,,,,,,,,,
L102407,2025-01-01,,,,,,,,,,
L102407,2025-02-01,,,,,,,,,,
L102407,2025-03-01,,,,,,,,,,
L102407,2025-04-01,,,,,,,,,,
L102407,2025-05-01,,,,,,,,,,
L102407,2025-06-01,,,,,,,,,,
L102407,2025-07-01,,,,,,,,,,
L102407,2025-08-01,,,,,,,,,,
L102407,2025-09-01,,,,,,,,,,
L102407,2025-10-01,,,,,,,,,,
L102407,2025-11-01,,,,,,,,,,
L102407,2025-12-01,,,,,,,,,,
L102407,2026-01-01,,,,,,,,,,
L102407,2026-02-01,,,,,,,,,,
L102407,2026-03-01,,,,,,,,,,
L102408,2024-07-01,,,,,,,,,,
L102408,2024-08-01,,,,,,,,,,
L102408,2024-09-01,,,,,,,,,,
L102408,2024-10-01,,,,,,,,,,
L102408,2024-11-01,,,,,,,,,,
L102408,2024-12-01,,,,,,,,,,
L102408,2025-01-01,,,,,,,,,,
L102408,2025-02-01,,,,,,,,,,
L102410,2024-07-01,,,,,,,,,,
L102410,2024-08-01,,,,,,,,,,
L102410,2024-09-01,,,,,,,,,,
L102410,2024-10-01,,,,,,,,,,
L102410,2024-11-01,,,,,,,,,,
L102410,2024-12-01,,,,,,,,,,
L102410,2025-01-01,,,,,,,,,,
L102410,2025-02-01,,,,,,,,,,
L102410,2025-03-01,,,,,,,,,,
L102410,2025-04-01,,,,,,,,,,
L102410,2025-05-01,,,,,,,,,,
L102410,2025-06-01,,,,,,,,,,
L102413,2024-07-01,,,,,,,,,,
L102418,2024-07-01,,,,,,,,,,
L102418,2024-08-01,,,,,,,,,,
L102418,2024-09-01,,,,,,,,,,
L102418,2024-10-01,,,,,,,,,,
L102418,2024-11-01,,,,,,,,,,
L102418,2024-12-01,,,,,,,,,,
L102418,2025-01-01,,,,,,,,,,
L102418,2025-02-01,,,,,,,,,,
L102418,2025-03-01,,,,,,,,,,
L102418,2025-04-01,,,,,,,,,,
L102418,2025-05-01,,,,,,,,,,
L102418,2025-06-01,,,,,,,,,,
L102418,2025-07-01,,,,,,,,,,
L102418,2025-08-01,,,,,,,,,,
L102418,2025-09-01,,,,,,,,,,
L102418,2025-10-01,,,,,,,,,,
L102418,2025-11-01,,,,,,,,,,
L102418,2025-12-01,,,,,,,,,,
L102418,2026-01-01,,,,,,,,,,
L102419,2024-07-01,,,,,,,,,,
L102419,2024-08-01,,,,,,,,,,
L102419,2024-09-01,,,,,,,,,,
L102419,2024-10-01,,,,,,,,,,
L102419,2024-11-01,,,,,,,,,,
L102419,2024-12-01,,,,,,,,,,
L102419,2025-01-01,,,,,,,,,,
L102419,2025-02-01,,,,,,,,,,
L102419,2025-03-01,,,,,,,,,,
L102419,2025-04-01,,,,,,,,,,
L102420,2024-07-01,,,,,,,,,,
L102420,2024-08-01,,,,,,,,,,
L102420,2024-09-01,,,,,,,,,,
L102420,2024-10-01,,,,,,,,,,
L102420,2024-11-01,,,,,,,,,,
L102420,2024-12-01,,,,,,,,,,
L102420,2025-01-01,,,,,,,,,,
L102420,2025-02-01,,,,,,,,,,
L102420,2025-03-01,,,,,,,,,,
L102420,2025-04-01,,,,,,,,,,
L102420,2025-05-01,,,,,,,,,,
L102420,2025-06-01,,,,,,,,,,
L102422,2024-07-01,,,,,,,,,,
L102422,2024-08-01,,,,,,,,,,
L102422,2024-09-01,,,,,,,,,,
L102424,2024-07-01,,,,,,,,,,
L102424,2024-08-01,,,,,,,,,,
L102424,2024-09-01,,,,,,,,,,
L102424,2024-10-01,,,,,,,,,,
L102424,2024-11-01,,,,,,,,,,
L102424,2024-12-01,,,,,,,,,,
L102424,2025-01-01,,,,,,,,,,
L102424,2025-02-01,,,,,,,,,,
L102424,2025-03-01,,,,,,,,,,
L102424,2025-04-01,,,,,,,,,,
L102424,2025-05-01,,,,,,,,,,
L102424,2025-06-01,,,,,,,,,,
L102424,2025-07-01,,,,,,,,,,
L102424,2025-08-01,,,,,,,,,,
L102424,2025-09-01,,,,,,,,,,
L102424,2025-10-01,,,,,,,,,,
L102424,2025-11-01,,,,,,,,,,
L102424,2025-12-01,,,,,,,,,,
L102426,2024-07-01,,,,,,,,,,
L102426,2024-08-01,,,,,,,,,,
L102426,2024-09-01,,,,,,,,,,
L102426,2024-10-01,,,,,,,,,,
L102426,2024-11-01,,,,,,,,,,
L102426,2024-12-01,,,,,,,,,,
L102426,2025-01-01,,,,,,,,,,
L102426,2025-02-01,,,,,,,,,,
L102426,2025-03-01,,,,,,,,,,
L102426,2025-04-01,,,,,,,,,,
L102426,2025-05-01,,,,,,,,,,
L102426,2025-06-01,,,,,,,,,,
L102429,2024-07-01,,,,,,,,,,
L102429,2024-08-01,,,,,,,,,,
L102430,2024-07-01,,,,,,,,,,
L102430,2024-08-01,,,,,,,,,,
L102430,2024-09-01,,,,,,,,,,
L102430,2024-10-01,,,,,,,,,,
L102430,2024-11-01,,,,,,,,,,
L102430,2024-12-01,,,,,,,,,,
L102430,2025-01-01,,,,,,,,,,
L102430,2025-02-01,,,,,,,,,,
L102430,2025-03-01,,,,,,,,,,
L102430,2025-04-01,,,,,,,,,,
L102430,2025-05-01,,,,,,,,,,
L102430,2025-06-01,,,,,,,,,,
L102430,2025-07-01,,,,,,,,,,
L102430,2025-08-01,,,,,,,,,,
L102430,2025-09-01,,,,,,,,,,
L102430,2025-10-01,,,,,,,,,,
L102430,2025-11-01,,,,,,,,,,
L102430,2025-12-01,,,,,,,,,,
L102430,2026-01-01,,,,,,,,,,
L102434,2024-07-01,,,,,,,,,,
L102434,2024-08-01,,,,,,,,,,
L102434,2024-09-01,,,,,,,,,,
L102434,2024-10-01,,,,,,,,,,
L102434,2024-11-01,,,,,,,,,,
L102434,2024-12-01,,,,,,,,,,
L102434,2025-01-01,,,,,,,,,,
L102434,2025-02-01,,,,,,,,,,
L102434,2025-03-01,,,,,,,,,,
L102434,2025-04-01,,,,,,,,,,
L102434,2025-05-01,,,,,,,,,,
L102434,2025-06-01,,,,,,,,,,
L102434,2025-07-01,,,,,,,,,,
L102434,2025-08-01,,,,,,,,,,
L102437,2024-07-01,,,,,,,,,,
L102437,2024-08-01,,,,,,,,,,
L102437,2024-09-01,,,,,,,,,,
L102437,2024-10-01,,,,,,,,,,
L102437,2024-11-01,,,,,,,,,,
L102437,2024-12-01,,,,,,,,,,
L102437,2025-01-01,,,,,,,,,,
L102437,2025-02-01,,,,,,,,,,
L102437,2025-03-01,,,,,,,,,,
L102437,2025-04-01,,,,,,,,,,
L102437,2025-05-01,,,,,,,,,,
L102437,2025-06-01,,,,,,,,,,
L102437,2025-07-01,,,,,,,,,,
L102437,2025-08-01,,,,,,,,,,
L102437,2025-09-01,,,,,,,,,,
L102437,2025-10-01,,,,,,,,,,
L102437,2025-11-01,,,,,,,,,,
L102437,2025-12-01,,,,,,,,,,
L102437,2026-01-01,,,,,,,,,,
L102446,2024-07-01,,,,,,,,,,
L102446,2024-08-01,,,,,,,,,,
L102446,2024-09-01,,,,,,,,,,
L102446,2024-10-01,,,,,,,,,,
L102446,2024-11-01,,,,,,,,,,
L102446,2024-12-01,,,,,,,,,,
L102446,2025-01-01,,,,,,,,,,
L102446,2025-02-01,,,,,,,,,,
L102446,2025-03-01,,,,,,,,,,
L102446,2025-04-01,,,,,,,,,,
L102446,2025-05-01,,,,,,,,,,
L102446,2025-06-01,,,,,,,,,,
L102446,2025-07-01,,,,,,,,,,
L102446,2025-08-01,,,,,,,,,,
L102446,2025-09-01,,,,,,,,,,
L102446,2025-10-01,,,,,,,,,,
L102446,2025-11-01,,,,,,,,,,
L102446,2025-12-01,,,,,,,,,,
L102446,2026-01-01,,,,,,,,,,
L102446,2026-02-01,,,,,,,,,,
L102446,2026-03-01,,,,,,,,,,
L102447,2024-07-01,,,,,,,,,,
L102447,2024-08-01,,,,,,,,,,
L102447,2024-09-01,,,,,,,,,,
L102447,2024-10-01,,,,,,,,,,
L102447,2024-11-01,,,,,,,,,,
L102447,2024-12-01,,,,,,,,,,
L102447,2025-01-01,,,,,,,,,,
L102450,2024-07-01,,,,,,,,,,
L102450,2024-08-01,,,,,,,,,,
L102450,2024-09-01,,,,,,,,,,
L102450,2024-10-01,,,,,,,,,,
L102450,2024-11-01,,,,,,,,,,
L102453,2024-07-01,,,,,,,,,,
L102453,2024-08-01,,,,,,,,,,
L102453,2024-09-01,,,,,,,,,,
L102453,2024-10-01,,,,,,,,,,
L102453,2024-11-01,,,,,,,,,,
L102453,2024-12-01,,,,,,,,,,
L102453,2025-01-01,,,,,,,,,,
L102453,2025-02-01,,,,,,,,,,
L102453,2025-03-01,,,,,,,,,,
L102453,2025-04-01,,,,,,,,,,
L102453,2025-05-01,,,,,,,,,,
L102453,2025-06-01,,,,,,,,,,
L102453,2025-07-01,,,,,,,,,,
L102453,2025-08-01,,,,,,,,,,
L102453,2025-09-01,,,,,,,,,,
L102453,2025-10-01,,,,,,,,,,
L102453,2025-11-01,,,,,,,,,,
L102453,2025-12-01,,,,,,,,,,
L102453,2026-01-01,,,,,,,,,,
L102453,2026-02-01,,,,,,,,,,
L102458,2024-07-01,,,,,,,,,,
L102458,2024-08-01,,,,,,,,,,
L102458,2024-09-01,,,,,,,,,,
L102458,2024-10-01,,,,,,,,,,
L102458,2024-11-01,,,,,,,,,,
L102458,2024-12-01,,,,,,,,,,
L102458,2025-01-01,,,,,,,,,,
L102458,2025-02-01,,,,,,,,,,
L102458,2025-03-01,,,,,,,,,,
L102458,2025-04-01,,,,,,,,,,
L102458,2025-05-01,,,,,,,,,,
L102458,2025-06-01,,,,,,,,,,
L102458,2025-07-01,,,,,,,,,,
L102458,2025-08-01,,,,,,,,,,
L102458,2025-09-01,,,,,,,,,,
L102458,2025-10-01,,,,,,,,,,
L102458,2025-11-01,,,,,,,,,,
L102458,2025-12-01,,,,,,,,,,
L102458,2026-01-01,,,,,,,,,,
L102458,2026-02-01,,,,,,,,,,
L102458,2026-03-01,,,,,,,,,,
L102459,2024-07-01,,,,,,,,,,
L102459,2024-08-01,,,,,,,,,,
L102459,2024-09-01,,,,,,,,,,
L102459,2024-10-01,,,,,,,,,,
L102459,2024-11-01,,,,,,,,,,
L102459,2024-12-01,,,,,,,,,,
L102459,2025-01-01,,,,,,,,,,
L102459,2025-02-01,,,,,,,,,,
L102459,2025-03-01,,,,,,,,,,
L102459,2025-04-01,,,,,,,,,,
L102459,2025-05-01,,,,,,,,,,
L102459,2025-06-01,,,,,,,,,,
L102459,2025-07-01,,,,,,,,,,
L102459,2025-08-01,,,,,,,,,,
L102459,2025-09-01,,,,,,,,,,
L102459,2025-10-01,,,,,,,,,,
L102459,2025-11-01,,,,,,,,,,
L102459,2025-12-01,,,,,,,,,,
L102459,2026-01-01,,,,,,,,,,
L102459,2026-02-01,,,,,,,,,,
L102462,2024-07-01,,,,,,,,,,
L102462,2024-08-01,,,,,,,,,,
L102462,2024-09-01,,,,,,,,,,
L102462,2024-10-01,,,,,,,,,,
L102462,2024-11-01,,,,,,,,,,
L102462,2024-12-01,,,,,,,,,,
L102462,2025-01-01,,,,,,,,,,
L102462,2025-02-01,,,,,,,,,,
L102462,2025-03-01,,,,,,,,,,
L102462,2025-04-01,,,,,,,,,,
L102462,2025-05-01,,,,,,,,,,
L102462,2025-06-01,,,,,,,,,,
L102462,2025-07-01,,,,,,,,,,
L102462,2025-08-01,,,,,,,,,,
L102462,2025-09-01,,,,,,,,,,
L102462,2025-10-01,,,,,,,,,,
L102467,2024-07-01,,,,,,,,,,
L102467,2024-08-01,,,,,,,,,,
L102467,2024-09-01,,,,,,,,,,
L102467,2024-10-01,,,,,,,,,,
L102467,2024-11-01,,,,,,,,,,
L102467,2024-12-01,,,,,,,,,,
L102467,2025-01-01,,,,,,,,,,
L102467,2025-02-01,,,,,,,,,,
L102467,2025-03-01,,,,,,,,,,
L102467,2025-04-01,,,,,,,,,,
L102467,2025-05-01,,,,,,,,,,
L102467,2025-06-01,,,,,,,,,,
L102467,2025-07-01,,,,,,,,,,
L102467,2025-08-01,,,,,,,,,,
L102467,2025-09-01,,,,,,,,,,
L102467,2025-10-01,,,,,,,,,,
L102467,2025-11-01,,,,,,,,,,
L102467,2025-12-01,,,,,,,,,,
L102469,2024-07-01,,,,,,,,,,
L102469,2024-08-01,,,,,,,,,,
L102469,2024-09-01,,,,,,,,,,
L102473,2024-07-01,,,,,,,,,,
L102473,2024-08-01,,,,,,,,,,
L102473,2024-09-01,,,,,,,,,,
L102480,2024-07-01,,,,,,,,,,
L102480,2024-08-01,,,,,,,,,,
L102480,2024-09-01,,,,,,,,,,
L102480,2024-10-01,,,,,,,,,,
L102480,2024-11-01,,,,,,,,,,
L102480,2024-12-01,,,,,,,,,,
L102480,2025-01-01,,,,,,,,,,
L102480,2025-02-01,,,,,,,,,,
L102480,2025-03-01,,,,,,,,,,
L102480,2025-04-01,,,,,,,,,,
L102480,2025-05-01,,,,,,,,,,
L102480,2025-06-01,,,,,,,,,,
L102480,2025-07-01,,,,,,,,,,
L102480,2025-08-01,,,,,,,,,,
L102480,2025-09-01,,,,,,,,,,
L102480,2025-10-01,,,,,,,,,,
L102480,2025-11-01,,,,,,,,,,
L102480,2025-12-01,,,,,,,,,,
L102480,2026-01-01,,,,,,,,,,
L102480,2026-02-01,,,,,,,,,,
L102480,2026-03-01,,,,,,,,,,
L102480,2026-04-01,,,,,,,,,,
L102480,2026-05-01,,,,,,,,,,
L102487,2024-07-01,,,,,,,,,,
L102487,2024-08-01,,,,,,,,,,
L102487,2024-09-01,,,,,,,,,,
L102487,2024-10-01,,,,,,,,,,
L102487,2024-11-01,,,,,,,,,,
L102487,2024-12-01,,,,,,,,,,
L102487,2025-01-01,,,,,,,,,,
L102487,2025-02-01,,,,,,,,,,
L102487,2025-03-01,,,,,,,,,,
L102487,2025-04-01,,,,,,,,,,
L102487,2025-05-01,,,,,,,,,,
L102487,2025-06-01,,,,,,,,,,
L102487,2025-07-01,,,,,,,,,,
L102487,2025-08-01,,,,,,,,,,
L102487,2025-09-01,,,,,,,,,,
L102489,2024-07-01,,,,,,,,,,
L102489,2024-08-01,,,,,,,,,,
L102489,2024-09-01,,,,,,,,,,
L102489,2024-10-01,,,,,,,,,,
L102489,2024-11-01,,,,,,,,,,
L102489,2024-12-01,,,,,,,,,,
L102489,2025-01-01,,,,,,,,,,
L102489,2025-02-01,,,,,,,,,,
L102489,2025-03-01,,,,,,,,,,
L102489,2025-04-01,,,,,,,,,,
L102489,2025-05-01,,,,,,,,,,
L102489,2025-06-01,,,,,,,,,,
L102489,2025-07-01,,,,,,,,,,
L102489,2025-08-01,,,,,,,,,,
L102493,2024-07-01,,,,,,,,,,
L102493,2024-08-01,,,,,,,,,,
L102493,2024-09-01,,,,,,,,,,
L102493,2024-10-01,,,,,,,,,,
L102493,2024-11-01,,,,,,,,,,
L102493,2024-12-01,,,,,,,,,,
L102493,2025-01-01,,,,,,,,,,
L102493,2025-02-01,,,,,,,,,,
L102493,2025-03-01,,,,,,,,,,
L102493,2025-04-01,,,,,,,,,,
L102493,2025-05-01,,,,,,,,,,
L102493,2025-06-01,,,,,,,,,,
L102493,2025-07-01,,,,,,,,,,
L102495,2024-07-01,,,,,,,,,,
L102495,2024-08-01,,,,,,,,,,
L102495,2024-09-01,,,,,,,,,,
L102495,2024-10-01,,,,,,,,,,
L102495,2024-11-01,,,,,,,,,,
L102495,2024-12-01,,,,,,,,,,
L102495,2025-01-01,,,,,,,,,,
L102495,2025-02-01,,,,,,,,,,
L102495,2025-03-01,,,,,,,,,,
L102495,2025-04-01,,,,,,,,,,
L102495,2025-05-01,,,,,,,,,,
L102499,2024-07-01,,,,,,,,,,
L102499,2024-08-01,,,,,,,,,,
L102499,2024-09-01,,,,,,,,,,
L102499,2024-10-01,,,,,,,,,,
L102499,2024-11-01,,,,,,,,,,
L102501,2024-07-01,,,,,,,,,,
L102501,2024-08-01,,,,,,,,,,
L102509,2024-07-01,,,,,,,,,,
L102509,2024-08-01,,,,,,,,,,
L102509,2024-09-01,,,,,,,,,,
L102509,2024-10-01,,,,,,,,,,
L102509,2024-11-01,,,,,,,,,,
L102509,2024-12-01,,,,,,,,,,
L102509,2025-01-01,,,,,,,,,,
L102509,2025-02-01,,,,,,,,,,
L102509,2025-03-01,,,,,,,,,,
L102509,2025-04-01,,,,,,,,,,
L102509,2025-05-01,,,,,,,,,,
L102509,2025-06-01,,,,,,,,,,
L102509,2025-07-01,,,,,,,,,,
L102509,2025-08-01,,,,,,,,,,
L102509,2025-09-01,,,,,,,,,,
L102509,2025-10-01,,,,,,,,,,
L102511,2024-07-01,,,,,,,,,,
L102511,2024-08-01,,,,,,,,,,
L102511,2024-09-01,,,,,,,,,,
L102511,2024-10-01,,,,,,,,,,
L102511,2024-11-01,,,,,,,,,,
L102511,2024-12-01,,,,,,,,,,
L102511,2025-01-01,,,,,,,,,,
L102511,2025-02-01,,,,,,,,,,
L102511,2025-03-01,,,,,,,,,,
L102511,2025-04-01,,,,,,,,,,
L102511,2025-05-01,,,,,,,,,,
L102511,2025-06-01,,,,,,,,,,
L102511,2025-07-01,,,,,,,,,,
L102511,2025-08-01,,,,,,,,,,
L102511,2025-09-01,,,,,,,,,,
L102511,2025-10-01,,,,,,,,,,
L102511,2025-11-01,,,,,,,,,,
L102511,2025-12-01,,,,,,,,,,
L102511,2026-01-01,,,,,,,,,,
L102511,2026-02-01,,,,,,,,,,
L102511,2026-03-01,,,,,,,,,,
L102511,2026-04-01,,,,,,,,,,
L102515,2024-07-01,,,,,,,,,,
L102517,2024-07-01,,,,,,,,,,
L102517,2024-08-01,,,,,,,,,,
L102517,2024-09-01,,,,,,,,,,
L102517,2024-10-01,,,,,,,,,,
L102517,2024-11-01,,,,,,,,,,
L102517,2024-12-01,,,,,,,,,,
L102517,2025-01-01,,,,,,,,,,
L102517,2025-02-01,,,,,,,,,,
L102517,2025-03-01,,,,,,,,,,
L102517,2025-04-01,,,,,,,,,,
L102518,2024-07-01,,,,,,,,,,
L102518,2024-08-01,,,,,,,,,,
L102518,2024-09-01,,,,,,,,,,
L102518,2024-10-01,,,,,,,,,,
L102518,2024-11-01,,,,,,,,,,
L102518,2024-12-01,,,,,,,,,,
L102518,2025-01-01,,,,,,,,,,
L102518,2025-02-01,,,,,,,,,,
L102518,2025-03-01,,,,,,,,,,
L102518,2025-04-01,,,,,,,,,,
L102518,2025-05-01,,,,,,,,,,
L102518,2025-06-01,,,,,,,,,,
L102518,2025-07-01,,,,,,,,,,
L102518,2025-08-01,,,,,,,,,,
L102518,2025-09-01,,,,,,,,,,
L102518,2025-10-01,,,,,,,,,,
L102518,2025-11-01,,,,,,,,,,
L102518,2025-12-01,,,,,,,,,,
L102518,2026-01-01,,,,,,,,,,
L102518,2026-02-01,,,,,,,,,,
L102518,2026-03-01,,,,,,,,,,
L102518,2026-04-01,,,,,,,,,,
L102518,2026-05-01,,,,,,,,,,
L102531,2024-07-01,,,,,,,,,,
L102531,2024-08-01,,,,,,,,,,
L102531,2024-09-01,,,,,,,,,,
L102531,2024-10-01,,,,,,,,,,
L102531,2024-11-01,,,,,,,,,,
L102531,2024-12-01,,,,,,,,,,
L102531,2025-01-01,,,,,,,,,,
L102531,2025-02-01,,,,,,,,,,
L102531,2025-03-01,,,,,,,,,,
L102531,2025-04-01,,,,,,,,,,
L102531,2025-05-01,,,,,,,,,,
L102532,2024-07-01,,,,,,,,,,
L102532,2024-08-01,,,,,,,,,,
L102532,2024-09-01,,,,,,,,,,
L102532,2024-10-01,,,,,,,,,,
L102532,2024-11-01,,,,,,,,,,
L102532,2024-12-01,,,,,,,,,,
L102532,2025-01-01,,,,,,,,,,
L102537,2024-07-01,,,,,,,,,,
L102549,2024-07-01,,,,,,,,,,
L102549,2024-08-01,,,,,,,,,,
L102549,2024-09-01,,,,,,,,,,
L102549,2024-10-01,,,,,,,,,,
L102549,2024-11-01,,,,,,,,,,
L102549,2024-12-01,,,,,,,,,,
L102549,2025-01-01,,,,,,,,,,
L102549,2025-02-01,,,,,,,,,,
L102549,2025-03-01,,,,,,,,,,
L102549,2025-04-01,,,,,,,,,,
L102549,2025-05-01,,,,,,,,,,
L102549,2025-06-01,,,,,,,,,,
L102549,2025-07-01,,,,,,,,,,
L102549,2025-08-01,,,,,,,,,,
L102549,2025-09-01,,,,,,,,,,
L102549,2025-10-01,,,,,,,,,,
L102549,2025-11-01,,,,,,,,,,
L102549,2025-12-01,,,,,,,,,,
L102549,2026-01-01,,,,,,,,,,
L102549,2026-02-01,,,,,,,,,,
L102549,2026-03-01,,,,,,,,,,
L102549,2026-04-01,,,,,,,,,,
L102549,2026-05-01,,,,,,,,,,
L102550,2024-07-01,,,,,,,,,,
L102550,2024-08-01,,,,,,,,,,
L102550,2024-09-01,,,,,,,,,,
L102550,2024-10-01,,,,,,,,,,
L102550,2024-11-01,,,,,,,,,,
L102550,2024-12-01,,,,,,,,,,
L102550,2025-01-01,,,,,,,,,,
L102550,2025-02-01,,,,,,,,,,
L102550,2025-03-01,,,,,,,,,,
L102550,2025-04-01,,,,,,,,,,
L102550,2025-05-01,,,,,,,,,,
L102550,2025-06-01,,,,,,,,,,
L102550,2025-07-01,,,,,,,,,,
L102550,2025-08-01,,,,,,,,,,
L102550,2025-09-01,,,,,,,,,,
L102550,2025-10-01,,,,,,,,,,
L102550,2025-11-01,,,,,,,,,,
L102550,2025-12-01,,,,,,,,,,
L102553,2024-07-01,,,,,,,,,,
L102553,2024-08-01,,,,,,,,,,
L102553,2024-09-01,,,,,,,,,,
L102553,2024-10-01,,,,,,,,,,
L102553,2024-11-01,,,,,,,,,,
L102553,2024-12-01,,,,,,,,,,
L102553,2025-01-01,,,,,,,,,,
L102553,2025-02-01,,,,,,,,,,
L102553,2025-03-01,,,,,,,,,,
L102553,2025-04-01,,,,,,,,,,
L102553,2025-05-01,,,,,,,,,,
L102553,2025-06-01,,,,,,,,,,
L102553,2025-07-01,,,,,,,,,,
L102553,2025-08-01,,,,,,,,,,
L102553,2025-09-01,,,,,,,,,,
L102553,2025-10-01,,,,,,,,,,
L102553,2025-11-01,,,,,,,,,,
L102553,2025-12-01,,,,,,,,,,
L102553,2026-01-01,,,,,,,,,,
L102553,2026-02-01,,,,,,,,,,
L102553,2026-03-01,,,,,,,,,,
L102556,2024-07-01,,,,,,,,,,
L102556,2024-08-01,,,,,,,,,,
L102556,2024-09-01,,,,,,,,,,
L102556,2024-10-01,,,,,,,,,,
L102556,2024-11-01,,,,,,,,,,
L102556,2024-12-01,,,,,,,,,,
L102556,2025-01-01,,,,,,,,,,
L102556,2025-02-01,,,,,,,,,,
L102556,2025-03-01,,,,,,,,,,
L102556,2025-04-01,,,,,,,,,,
L102556,2025-05-01,,,,,,,,,,
L102556,2025-06-01,,,,,,,,,,
L102556,2025-07-01,,,,,,,,,,
L102556,2025-08-01,,,,,,,,,,
L102556,2025-09-01,,,,,,,,,,
L102556,2025-10-01,,,,,,,,,,
L102565,2024-07-01,,,,,,,,,,
L102565,2024-08-01,,,,,,,,,,
L102565,2024-09-01,,,,,,,,,,
L102565,2024-10-01,,,,,,,,,,
L102565,2024-11-01,,,,,,,,,,
L102565,2024-12-01,,,,,,,,,,
L102565,2025-01-01,,,,,,,,,,
L102565,2025-02-01,,,,,,,,,,
L102565,2025-03-01,,,,,,,,,,
L102565,2025-04-01,,,,,,,,,,
L102565,2025-05-01,,,,,,,,,,
L102565,2025-06-01,,,,,,,,,,
L102568,2024-07-01,,,,,,,,,,
L102568,2024-08-01,,,,,,,,,,
L102568,2024-09-01,,,,,,,,,,
L102568,2024-10-01,,,,,,,,,,
L102568,2024-11-01,,,,,,,,,,
L102568,2024-12-01,,,,,,,,,,
L102568,2025-01-01,,,,,,,,,,
L102568,2025-02-01,,,,,,,,,,
L102568,2025-03-01,,,,,,,,,,
L102568,2025-04-01,,,,,,,,,,
L102574,2024-07-01,,,,,,,,,,
L102574,2024-08-01,,,,,,,,,,
L102574,2024-09-01,,,,,,,,,,
L102574,2024-10-01,,,,,,,,,,
L102574,2024-11-01,,,,,,,,,,
L102574,2024-12-01,,,,,,,,,,
L102574,2025-01-01,,,,,,,,,,
L102574,2025-02-01,,,,,,,,,,
L102574,2025-03-01,,,,,,,,,,
L102574,2025-04-01,,,,,,,,,,
L102574,2025-05-01,,,,,,,,,,
L102574,2025-06-01,,,,,,,,,,
L102574,2025-07-01,,,,,,,,,,
L102574,2025-08-01,,,,,,,,,,
L102575,2024-07-01,,,,,,,,,,
L102575,2024-08-01,,,,,,,,,,
L102575,2024-09-01,,,,,,,,,,
L102575,2024-10-01,,,,,,,,,,
L102575,2024-11-01,,,,,,,,,,
L102575,2024-12-01,,,,,,,,,,
L102576,2024-07-01,,,,,,,,,,
L102576,2024-08-01,,,,,,,,,,
L102576,2024-09-01,,,,,,,,,,
L102576,2024-10-01,,,,,,,,,,
L102593,2024-07-01,,,,,,,,,,
L102593,2024-08-01,,,,,,,,,,
L102593,2024-09-01,,,,,,,,,,
L102593,2024-10-01,,,,,,,,,,
L102593,2024-11-01,,,,,,,,,,
L102593,2024-12-01,,,,,,,,,,
L102593,2025-01-01,,,,,,,,,,
L102593,2025-02-01,,,,,,,,,,
L102593,2025-03-01,,,,,,,,,,
L102596,2024-07-01,,,,,,,,,,
L102596,2024-08-01,,,,,,,,,,
L102598,2024-07-01,,,,,,,,,,
L102598,2024-08-01,,,,,,,,,,
L102598,2024-09-01,,,,,,,,,,
L102598,2024-10-01,,,,,,,,,,
L102598,2024-11-01,,,,,,,,,,
L102598,2024-12-01,,,,,,,,,,
L102598,2025-01-01,,,,,,,,,,
L102598,2025-02-01,,,,,,,,,,
L102598,2025-03-01,,,,,,,,,,
L102602,2024-07-01,,,,,,,,,,
L102602,2024-08-01,,,,,,,,,,
L102602,2024-09-01,,,,,,,,,,
L102602,2024-10-01,,,,,,,,,,
L102602,2024-11-01,,,,,,,,,,
L102602,2024-12-01,,,,,,,,,,
L102602,2025-01-01,,,,,,,,,,
L102602,2025-02-01,,,,,,,,,,
L102602,2025-03-01,,,,,,,,,,
L102602,2025-04-01,,,,,,,,,,
L102602,2025-05-01,,,,,,,,,,
L102602,2025-06-01,,,,,,,,,,
L102602,2025-07-01,,,,,,,,,,
L102602,2025-08-01,,,,,,,,,,
L102602,2025-09-01,,,,,,,,,,
L102602,2025-10-01,,,,,,,,,,
L102602,2025-11-01,,,,,,,,,,
L102602,2025-12-01,,,,,,,,,,
L102602,2026-01-01,,,,,,,,,,
L102602,2026-02-01,,,,,,,,,,
L102603,2024-07-01,,,,,,,,,,
L102603,2024-08-01,,,,,,,,,,
L102610,2024-07-01,,,,,,,,,,
L102610,2024-08-01,,,,,,,,,,
L102610,2024-09-01,,,,,,,,,,
L102610,2024-10-01,,,,,,,,,,
L102610,2024-11-01,,,,,,,,,,
L102610,2024-12-01,,,,,,,,,,
L102610,2025-01-01,,,,,,,,,,
L102610,2025-02-01,,,,,,,,,,
L102610,2025-03-01,,,,,,,,,,
L102611,2024-07-01,,,,,,,,,,
L102615,2024-07-01,,,,,,,,,,
L102615,2024-08-01,,,,,,,,,,
L102615,2024-09-01,,,,,,,,,,
L102615,2024-10-01,,,,,,,,,,
L102615,2024-11-01,,,,,,,,,,
L102615,2024-12-01,,,,,,,,,,
L102615,2025-01-01,,,,,,,,,,
L102615,2025-02-01,,,,,,,,,,
L102615,2025-03-01,,,,,,,,,,
L102615,2025-04-01,,,,,,,,,,
L102615,2025-05-01,,,,,,,,,,
L102615,2025-06-01,,,,,,,,,,
L102615,2025-07-01,,,,,,,,,,
L102615,2025-08-01,,,,,,,,,,
L102615,2025-09-01,,,,,,,,,,
L102615,2025-10-01,,,,,,,,,,
L102615,2025-11-01,,,,,,,,,,
L102615,2025-12-01,,,,,,,,,,
L102615,2026-01-01,,,,,,,,,,
L102617,2024-07-01,,,,,,,,,,
L102617,2024-08-01,,,,,,,,,,
L102617,2024-09-01,,,,,,,,,,
L102617,2024-10-01,,,,,,,,,,
L102617,2024-11-01,,,,,,,,,,
L102617,2024-12-01,,,,,,,,,,
L102617,2025-01-01,,,,,,,,,,
L102617,2025-02-01,,,,,,,,,,
L102617,2025-03-01,,,,,,,,,,
L102617,2025-04-01,,,,,,,,,,
L102617,2025-05-01,,,,,,,,,,
L102617,2025-06-01,,,,,,,,,,
L102617,2025-07-01,,,,,,,,,,
L102617,2025-08-01,,,,,,,,,,
L102617,2025-09-01,,,,,,,,,,
L102617,2025-10-01,,,,,,,,,,
L102617,2025-11-01,,,,,,,,,,
L102617,2025-12-01,,,,,,,,,,
L102617,2026-01-01,,,,,,,,,,
L102617,2026-02-01,,,,,,,,,,
L102617,2026-03-01,,,,,,,,,,
L102617,2026-04-01,,,,,,,,,,
L102621,2024-07-01,,,,,,,,,,
L102621,2024-08-01,,,,,,,,,,
L102621,2024-09-01,,,,,,,,,,
L102621,2024-10-01,,,,,,,,,,
L102621,2024-11-01,,,,,,,,,,
L102621,2024-12-01,,,,,,,,,,
L102621,2025-01-01,,,,,,,,,,
L102621,2025-02-01,,,,,,,,,,
L102621,2025-03-01,,,,,,,,,,
L102621,2025-04-01,,,,,,,,,,
L102621,2025-05-01,,,,,,,,,,
L102621,2025-06-01,,,,,,,,,,
L102621,2025-07-01,,,,,,,,,,
L102621,2025-08-01,,,,,,,,,,
L102621,2025-09-01,,,,,,,,,,
L102621,2025-10-01,,,,,,,,,,
L102621,2025-11-01,,,,,,,,,,
L102621,2025-12-01,,,,,,,,,,
L102621,2026-01-01,,,,,,,,,,
L102623,2024-07-01,,,,,,,,,,
L102623,2024-08-01,,,,,,,,,,
L102623,2024-09-01,,,,,,,,,,
L102623,2024-10-01,,,,,,,,,,
L102623,2024-11-01,,,,,,,,,,
L102623,2024-12-01,,,,,,,,,,
L102623,2025-01-01,,,,,,,,,,
L102623,2025-02-01,,,,,,,,,,
L102623,2025-03-01,,,,,,,,,,
L102623,2025-04-01,,,,,,,,,,
L102623,2025-05-01,,,,,,,,,,
L102623,2025-06-01,,,,,,,,,,
L102626,2024-07-01,,,,,,,,,,
L102626,2024-08-01,,,,,,,,,,
L102626,2024-09-01,,,,,,,,,,
L102626,2024-10-01,,,,,,,,,,
L102626,2024-11-01,,,,,,,,,,
L102626,2024-12-01,,,,,,,,,,
L102626,2025-01-01,,,,,,,,,,
L102626,2025-02-01,,,,,,,,,,
L102626,2025-03-01,,,,,,,,,,
L102626,2025-04-01,,,,,,,,,,
L102626,2025-05-01,,,,,,,,,,
L102626,2025-06-01,,,,,,,,,,
L102626,2025-07-01,,,,,,,,,,
L102626,2025-08-01,,,,,,,,,,
L102626,2025-09-01,,,,,,,,,,
L102631,2024-07-01,,,,,,,,,,
L102631,2024-08-01,,,,,,,,,,
L102631,2024-09-01,,,,,,,,,,
L102631,2024-10-01,,,,,,,,,,
L102631,2024-11-01,,,,,,,,,,
L102631,2024-12-01,,,,,,,,,,
L102631,2025-01-01,,,,,,,,,,
L102631,2025-02-01,,,,,,,,,,
L102631,2025-03-01,,,,,,,,,,
L102631,2025-04-01,,,,,,,,,,
L102631,2025-05-01,,,,,,,,,,
L102631,2025-06-01,,,,,,,,,,
L102631,2025-07-01,,,,,,,,,,
L102632,2024-07-01,,,,,,,,,,
L102632,2024-08-01,,,,,,,,,,
L102632,2024-09-01,,,,,,,,,,
L102632,2024-10-01,,,,,,,,,,
L102632,2024-11-01,,,,,,,,,,
L102632,2024-12-01,,,,,,,,,,
L102632,2025-01-01,,,,,,,,,,
L102632,2025-02-01,,,,,,,,,,
L102632,2025-03-01,,,,,,,,,,
L102632,2025-04-01,,,,,,,,,,
L102632,2025-05-01,,,,,,,,,,
L102632,2025-06-01,,,,,,,,,,
L102632,2025-07-01,,,,,,,,,,
L102632,2025-08-01,,,,,,,,,,
L102632,2025-09-01,,,,,,,,,,
L102632,2025-10-01,,,,,,,,,,
L102632,2025-11-01,,,,,,,,,,
L102632,2025-12-01,,,,,,,,,,
L102632,2026-01-01,,,,,,,,,,
L102632,2026-02-01,,,,,,,,,,
L102632,2026-03-01,,,,,,,,,,
L102632,2026-04-01,,,,,,,,,,
L102635,2024-07-01,,,,,,,,,,
L102635,2024-08-01,,,,,,,,,,
L102635,2024-09-01,,,,,,,,,,
L102636,2024-07-01,,,,,,,,,,
L102636,2024-08-01,,,,,,,,,,
L102636,2024-09-01,,,,,,,,,,
L102636,2024-10-01,,,,,,,,,,
L102636,2024-11-01,,,,,,,,,,
L102636,2024-12-01,,,,,,,,,,
L102636,2025-01-01,,,,,,,,,,
L102636,2025-02-01,,,,,,,,,,
L102636,2025-03-01,,,,,,,,,,
L102636,2025-04-01,,,,,,,,,,
L102636,2025-05-01,,,,,,,,,,
L102636,2025-06-01,,,,,,,,,,
L102636,2025-07-01,,,,,,,,,,
L102636,2025-08-01,,,,,,,,,,
L102636,2025-09-01,,,,,,,,,,
L102636,2025-10-01,,,,,,,,,,
L102636,2025-11-01,,,,,,,,,,
L102636,2025-12-01,,,,,,,,,,
L102636,2026-01-01,,,,,,,,,,
L102636,2026-02-01,,,,,,,,,,
L102639,2024-07-01,,,,,,,,,,
L102639,2024-08-01,,,,,,,,,,
L102639,2024-09-01,,,,,,,,,,
L102639,2024-10-01,,,,,,,,,,
L102639,2024-11-01,,,,,,,,,,
L102639,2024-12-01,,,,,,,,,,
L102639,2025-01-01,,,,,,,,,,
L102639,2025-02-01,,,,,,,,,,
L102644,2024-07-01,,,,,,,,,,
L102649,2024-07-01,,,,,,,,,,
L102649,2024-08-01,,,,,,,,,,
L102649,2024-09-01,,,,,,,,,,
L102649,2024-10-01,,,,,,,,,,
L102657,2024-07-01,,,,,,,,,,
L102657,2024-08-01,,,,,,,,,,
L102657,2024-09-01,,,,,,,,,,
L102657,2024-10-01,,,,,,,,,,
L102657,2024-11-01,,,,,,,,,,
L102663,2024-07-01,,,,,,,,,,
L102663,2024-08-01,,,,,,,,,,
L102663,2024-09-01,,,,,,,,,,
L102663,2024-10-01,,,,,,,,,,
L102663,2024-11-01,,,,,,,,,,
L102663,2024-12-01,,,,,,,,,,
L102663,2025-01-01,,,,,,,,,,
L102663,2025-02-01,,,,,,,,,,
L102663,2025-03-01,,,,,,,,,,
L102663,2025-04-01,,,,,,,,,,
L102663,2025-05-01,,,,,,,,,,
L102663,2025-06-01,,,,,,,,,,
L102663,2025-07-01,,,,,,,,,,
L102663,2025-08-01,,,,,,,,,,
L102663,2025-09-01,,,,,,,,,,
L102663,2025-10-01,,,,,,,,,,
L102663,2025-11-01,,,,,,,,,,
L102663,2025-12-01,,,,,,,,,,
L102666,2024-07-01,,,,,,,,,,
L102666,2024-08-01,,,,,,,,,,
L102666,2024-09-01,,,,,,,,,,
L102666,2024-10-01,,,,,,,,,,
L102666,2024-11-01,,,,,,,,,,
L102666,2024-12-01,,,,,,,,,,
L102666,2025-01-01,,,,,,,,,,
L102666,2025-02-01,,,,,,,,,,
L102666,2025-03-01,,,,,,,,,,
L102666,2025-04-01,,,,,,,,,,
L102666,2025-05-01,,,,,,,,,,
L102666,2025-06-01,,,,,,,,,,
L102666,2025-07-01,,,,,,,,,,
L102666,2025-08-01,,,,,,,,,,
L102666,2025-09-01,,,,,,,,,,
L102666,2025-10-01,,,,,,,,,,
L102678,2024-07-01,,,,,,,,,,
L102678,2024-08-01,,,,,,,,,,
L102678,2024-09-01,,,,,,,,,,
L102678,2024-10-01,,,,,,,,,,
L102678,2024-11-01,,,,,,,,,,
L102678,2024-12-01,,,,,,,,,,
L102678,2025-01-01,,,,,,,,,,
L102696,2024-07-01,,,,,,,,,,
L102696,2024-08-01,,,,,,,,,,
L102696,2024-09-01,,,,,,,,,,
L102696,2024-10-01,,,,,,,,,,
L102696,2024-11-01,,,,,,,,,,
L102699,2024-07-01,,,,,,,,,,
L102699,2024-08-01,,,,,,,,,,
L102699,2024-09-01,,,,,,,,,,
L102699,2024-10-01,,,,,,,,,,
L102699,2024-11-01,,,,,,,,,,
L102699,2024-12-01,,,,,,,,,,
L102699,2025-01-01,,,,,,,,,,
L102699,2025-02-01,,,,,,,,,,
L102699,2025-03-01,,,,,,,,,,
L102702,2024-07-01,,,,,,,,,,
L102702,2024-08-01,,,,,,,,,,
L102702,2024-09-01,,,,,,,,,,
L102702,2024-10-01,,,,,,,,,,
L102702,2024-11-01,,,,,,,,,,
L102702,2024-12-01,,,,,,,,,,
L102702,2025-01-01,,,,,,,,,,
L102702,2025-02-01,,,,,,,,,,
L102702,2025-03-01,,,,,,,,,,
L102702,2025-04-01,,,,,,,,,,
L102702,2025-05-01,,,,,,,,,,
L102702,2025-06-01,,,,,,,,,,
L102702,2025-07-01,,,,,,,,,,
L102702,2025-08-01,,,,,,,,,,
L102702,2025-09-01,,,,,,,,,,
L102703,2024-07-01,,,,,,,,,,
L102703,2024-08-01,,,,,,,,,,
L102703,2024-09-01,,,,,,,,,,
L102703,2024-10-01,,,,,,,,,,
L102703,2024-11-01,,,,,,,,,,
L102703,2024-12-01,,,,,,,,,,
L102703,2025-01-01,,,,,,,,,,
L102703,2025-02-01,,,,,,,,,,
L102703,2025-03-01,,,,,,,,,,
L102704,2024-07-01,,,,,,,,,,
L102704,2024-08-01,,,,,,,,,,
L102704,2024-09-01,,,,,,,,,,
L102704,2024-10-01,,,,,,,,,,
L102706,2024-07-01,,,,,,,,,,
L102706,2024-08-01,,,,,,,,,,
L102706,2024-09-01,,,,,,,,,,
L102706,2024-10-01,,,,,,,,,,
L102710,2024-07-01,,,,,,,,,,
L102710,2024-08-01,,,,,,,,,,
L102710,2024-09-01,,,,,,,,,,
L102710,2024-10-01,,,,,,,,,,
L102710,2024-11-01,,,,,,,,,,
L102710,2024-12-01,,,,,,,,,,
L102710,2025-01-01,,,,,,,,,,
L102710,2025-02-01,,,,,,,,,,
L102710,2025-03-01,,,,,,,,,,
L102710,2025-04-01,,,,,,,,,,
L102710,2025-05-01,,,,,,,,,,
L102710,2025-06-01,,,,,,,,,,
L102710,2025-07-01,,,,,,,,,,
L102710,2025-08-01,,,,,,,,,,
L102710,2025-09-01,,,,,,,,,,
L102710,2025-10-01,,,,,,,,,,
L102710,2025-11-01,,,,,,,,,,
L102710,2025-12-01,,,,,,,,,,
L102710,2026-01-01,,,,,,,,,,
L102710,2026-02-01,,,,,,,,,,
L102710,2026-03-01,,,,,,,,,,
L102714,2024-07-01,,,,,,,,,,
L102714,2024-08-01,,,,,,,,,,
L102714,2024-09-01,,,,,,,,,,
L102714,2024-10-01,,,,,,,,,,
L102714,2024-11-01,,,,,,,,,,
L102714,2024-12-01,,,,,,,,,,
L102714,2025-01-01,,,,,,,,,,
L102714,2025-02-01,,,,,,,,,,
L102714,2025-03-01,,,,,,,,,,
L102714,2025-04-01,,,,,,,,,,
L102714,2025-05-01,,,,,,,,,,
L102714,2025-06-01,,,,,,,,,,
L102714,2025-07-01,,,,,,,,,,
L102714,2025-08-01,,,,,,,,,,
L102714,2025-09-01,,,,,,,,,,
L102718,2024-07-01,,,,,,,,,,
L102718,2024-08-01,,,,,,,,,,
L102718,2024-09-01,,,,,,,,,,
L102718,2024-10-01,,,,,,,,,,
L102718,2024-11-01,,,,,,,,,,
L102718,2024-12-01,,,,,,,,,,
L102718,2025-01-01,,,,,,,,,,
L102718,2025-02-01,,,,,,,,,,
L102721,2024-07-01,,,,,,,,,,
L102721,2024-08-01,,,,,,,,,,
L102721,2024-09-01,,,,,,,,,,
L102721,2024-10-01,,,,,,,,,,
L102721,2024-11-01,,,,,,,,,,
L102721,2024-12-01,,,,,,,,,,
L102721,2025-01-01,,,,,,,,,,
L102721,2025-02-01,,,,,,,,,,
L102721,2025-03-01,,,,,,,,,,
L102721,2025-04-01,,,,,,,,,,
L102721,2025-05-01,,,,,,,,,,
L102721,2025-06-01,,,,,,,,,,
L102721,2025-07-01,,,,,,,,,,
L102721,2025-08-01,,,,,,,,,,
L102721,2025-09-01,,,,,,,,,,
L102721,2025-10-01,,,,,,,,,,
L102721,2025-11-01,,,,,,,,,,
L102724,2024-07-01,,,,,,,,,,
L102724,2024-08-01,,,,,,,,,,
L102724,2024-09-01,,,,,,,,,,
L102724,2024-10-01,,,,,,,,,,
L102724,2024-11-01,,,,,,,,,,
L102724,2024-12-01,,,,,,,,,,
L102724,2025-01-01,,,,,,,,,,
L102724,2025-02-01,,,,,,,,,,
L102724,2025-03-01,,,,,,,,,,
L102724,2025-04-01,,,,,,,,,,
L102724,2025-05-01,,,,,,,,,,
L102724,2025-06-01,,,,,,,,,,
L102724,2025-07-01,,,,,,,,,,
L102724,2025-08-01,,,,,,,,,,
L102724,2025-09-01,,,,,,,,,,
L102724,2025-10-01,,,,,,,,,,
L102724,2025-11-01,,,,,,,,,,
L102724,2025-12-01,,,,,,,,,,
L102724,2026-01-01,,,,,,,,,,
L102724,2026-02-01,,,,,,,,,,
L102724,2026-03-01,,,,,,,,,,
L102724,2026-04-01,,,,,,,,,,
L102728,2024-07-01,,,,,,,,,,
L102728,2024-08-01,,,,,,,,,,
L102728,2024-09-01,,,,,,,,,,
L102728,2024-10-01,,,,,,,,,,
L102728,2024-11-01,,,,,,,,,,
L102728,2024-12-01,,,,,,,,,,
L102728,2025-01-01,,,,,,,,,,
L102728,2025-02-01,,,,,,,,,,
L102728,2025-03-01,,,,,,,,,,
L102728,2025-04-01,,,,,,,,,,
L102728,2025-05-01,,,,,,,,,,
L102728,2025-06-01,,,,,,,,,,
L102728,2025-07-01,,,,,,,,,,
L102728,2025-08-01,,,,,,,,,,
L102728,2025-09-01,,,,,,,,,,
L102728,2025-10-01,,,,,,,,,,
L102728,2025-11-01,,,,,,,,,,
L102728,2025-12-01,,,,,,,,,,
L102728,2026-01-01,,,,,,,,,,
L102728,2026-02-01,,,,,,,,,,
L102730,2024-07-01,,,,,,,,,,
L102730,2024-08-01,,,,,,,,,,
L102730,2024-09-01,,,,,,,,,,
L102730,2024-10-01,,,,,,,,,,
L102730,2024-11-01,,,,,,,,,,
L102730,2024-12-01,,,,,,,,,,
L102730,2025-01-01,,,,,,,,,,
L102730,2025-02-01,,,,,,,,,,
L102730,2025-03-01,,,,,,,,,,
L102730,2025-04-01,,,,,,,,,,
L102730,2025-05-01,,,,,,,,,,
L102730,2025-06-01,,,,,,,,,,
L102730,2025-07-01,,,,,,,,,,
L102730,2025-08-01,,,,,,,,,,
L102730,2025-09-01,,,,,,,,,,
L102730,2025-10-01,,,,,,,,,,
L102730,2025-11-01,,,,,,,,,,
L102730,2025-12-01,,,,,,,,,,
L102730,2026-01-01,,,,,,,,,,
L102730,2026-02-01,,,,,,,,,,
L102730,2026-03-01,,,,,,,,,,
L102730,2026-04-01,,,,,,,,,,
L102730,2026-05-01,,,,,,,,,,
L102733,2024-07-01,,,,,,,,,,
L102733,2024-08-01,,,,,,,,,,
L102733,2024-09-01,,,,,,,,,,
L102733,2024-10-01,,,,,,,,,,
L102733,2024-11-01,,,,,,,,,,
L102733,2024-12-01,,,,,,,,,,
L102733,2025-01-01,,,,,,,,,,
L102733,2025-02-01,,,,,,,,,,
L102733,2025-03-01,,,,,,,,,,
L102733,2025-04-01,,,,,,,,,,
L102733,2025-05-01,,,,,,,,,,
L102733,2025-06-01,,,,,,,,,,
L102733,2025-07-01,,,,,,,,,,
L102733,2025-08-01,,,,,,,,,,
L102733,2025-09-01,,,,,,,,,,
L102733,2025-10-01,,,,,,,,,,
L102733,2025-11-01,,,,,,,,,,
L102733,2025-12-01,,,,,,,,,,
L102733,2026-01-01,,,,,,,,,,
L102733,2026-02-01,,,,,,,,,,
L102733,2026-03-01,,,,,,,,,,
L102742,2024-07-01,,,,,,,,,,
L102743,2024-07-01,,,,,,,,,,
L102743,2024-08-01,,,,,,,,,,
L102743,2024-09-01,,,,,,,,,,
L102743,2024-10-01,,,,,,,,,,
L102743,2024-11-01,,,,,,,,,,
L102743,2024-12-01,,,,,,,,,,
L102743,2025-01-01,,,,,,,,,,
L102743,2025-02-01,,,,,,,,,,
L102743,2025-03-01,,,,,,,,,,
L102743,2025-04-01,,,,,,,,,,
L102743,2025-05-01,,,,,,,,,,
L102743,2025-06-01,,,,,,,,,,
L102743,2025-07-01,,,,,,,,,,
L102743,2025-08-01,,,,,,,,,,
L102743,2025-09-01,,,,,,,,,,
L102743,2025-10-01,,,,,,,,,,
L102748,2024-07-01,,,,,,,,,,
L102748,2024-08-01,,,,,,,,,,
L102748,2024-09-01,,,,,,,,,,
L102748,2024-10-01,,,,,,,,,,
L102748,2024-11-01,,,,,,,,,,
L102748,2024-12-01,,,,,,,,,,
L102748,2025-01-01,,,,,,,,,,
L102748,2025-02-01,,,,,,,,,,
L102748,2025-03-01,,,,,,,,,,
L102748,2025-04-01,,,,,,,,,,
L102748,2025-05-01,,,,,,,,,,
L102748,2025-06-01,,,,,,,,,,
L102748,2025-07-01,,,,,,,,,,
L102748,2025-08-01,,,,,,,,,,
L102748,2025-09-01,,,,,,,,,,
L102748,2025-10-01,,,,,,,,,,
L102748,2025-11-01,,,,,,,,,,
L102748,2025-12-01,,,,,,,,,,
L102750,2024-07-01,,,,,,,,,,
L102750,2024-08-01,,,,,,,,,,
L102750,2024-09-01,,,,,,,,,,
L102750,2024-10-01,,,,,,,,,,
L102751,2024-07-01,,,,,,,,,,
L102751,2024-08-01,,,,,,,,,,
L102751,2024-09-01,,,,,,,,,,
L102751,2024-10-01,,,,,,,,,,
L102751,2024-11-01,,,,,,,,,,
L102751,2024-12-01,,,,,,,,,,
L102751,2025-01-01,,,,,,,,,,
L102751,2025-02-01,,,,,,,,,,
L102751,2025-03-01,,,,,,,,,,
L102751,2025-04-01,,,,,,,,,,
L102751,2025-05-01,,,,,,,,,,
L102751,2025-06-01,,,,,,,,,,
L102751,2025-07-01,,,,,,,,,,
L102751,2025-08-01,,,,,,,,,,
L102751,2025-09-01,,,,,,,,,,
L102754,2024-07-01,,,,,,,,,,
L102754,2024-08-01,,,,,,,,,,
L102754,2024-09-01,,,,,,,,,,
L102754,2024-10-01,,,,,,,,,,
L102754,2024-11-01,,,,,,,,,,
L102754,2024-12-01,,,,,,,,,,
L102754,2025-01-01,,,,,,,,,,
L102754,2025-02-01,,,,,,,,,,
L102754,2025-03-01,,,,,,,,,,
L102754,2025-04-01,,,,,,,,,,
L102754,2025-05-01,,,,,,,,,,
L102754,2025-06-01,,,,,,,,,,
L102754,2025-07-01,,,,,,,,,,
L102756,2024-07-01,,,,,,,,,,
L102756,2024-08-01,,,,,,,,,,
L102756,2024-09-01,,,,,,,,,,
L102756,2024-10-01,,,,,,,,,,
L102756,2024-11-01,,,,,,,,,,
L102756,2024-12-01,,,,,,,,,,
L102758,2024-07-01,,,,,,,,,,
L102758,2024-08-01,,,,,,,,,,
L102758,2024-09-01,,,,,,,,,,
L102758,2024-10-01,,,,,,,,,,
L102758,2024-11-01,,,,,,,,,,
L102758,2024-12-01,,,,,,,,,,
L102758,2025-01-01,,,,,,,,,,
L102758,2025-02-01,,,,,,,,,,
L102758,2025-03-01,,,,,,,,,,
L102758,2025-04-01,,,,,,,,,,
L102758,2025-05-01,,,,,,,,,,
L102758,2025-06-01,,,,,,,,,,
L102758,2025-07-01,,,,,,,,,,
L102758,2025-08-01,,,,,,,,,,
L102758,2025-09-01,,,,,,,,,,
L102758,2025-10-01,,,,,,,,,,
L102758,2025-11-01,,,,,,,,,,
L102758,2025-12-01,,,,,,,,,,
L102758,2026-01-01,,,,,,,,,,
L102760,2024-07-01,,,,,,,,,,
L102760,2024-08-01,,,,,,,,,,
L102760,2024-09-01,,,,,,,,,,
L102760,2024-10-01,,,,,,,,,,
L102760,2024-11-01,,,,,,,,,,
L102760,2024-12-01,,,,,,,,,,
L102760,2025-01-01,,,,,,,,,,
L102761,2024-07-01,,,,,,,,,,
L102761,2024-08-01,,,,,,,,,,
L102761,2024-09-01,,,,,,,,,,
L102761,2024-10-01,,,,,,,,,,
L102761,2024-11-01,,,,,,,,,,
L102761,2024-12-01,,,,,,,,,,
L102761,2025-01-01,,,,,,,,,,
L102761,2025-02-01,,,,,,,,,,
L102761,2025-03-01,,,,,,,,,,
L102761,2025-04-01,,,,,,,,,,
L102761,2025-05-01,,,,,,,,,,
L102761,2025-06-01,,,,,,,,,,
L102761,2025-07-01,,,,,,,,,,
L102761,2025-08-01,,,,,,,,,,
L102761,2025-09-01,,,,,,,,,,
L102761,2025-10-01,,,,,,,,,,
L102761,2025-11-01,,,,,,,,,,
L102761,2025-12-01,,,,,,,,,,
L102761,2026-01-01,,,,,,,,,,
L102761,2026-02-01,,,,,,,,,,
L102761,2026-03-01,,,,,,,,,,
L102761,2026-04-01,,,,,,,,,,
L102764,2024-07-01,,,,,,,,,,
L102764,2024-08-01,,,,,,,,,,
L102764,2024-09-01,,,,,,,,,,
L102764,2024-10-01,,,,,,,,,,
L102764,2024-11-01,,,,,,,,,,
L102764,2024-12-01,,,,,,,,,,
L102764,2025-01-01,,,,,,,,,,
L102764,2025-02-01,,,,,,,,,,
L102764,2025-03-01,,,,,,,,,,
L102764,2025-04-01,,,,,,,,,,
L102764,2025-05-01,,,,,,,,,,
L102767,2024-07-01,,,,,,,,,,
L102767,2024-08-01,,,,,,,,,,
L102767,2024-09-01,,,,,,,,,,
L102767,2024-10-01,,,,,,,,,,
L102767,2024-11-01,,,,,,,,,,
L102767,2024-12-01,,,,,,,,,,
L102767,2025-01-01,,,,,,,,,,
L102767,2025-02-01,,,,,,,,,,
L102767,2025-03-01,,,,,,,,,,
L102767,2025-04-01,,,,,,,,,,
L102767,2025-05-01,,,,,,,,,,
L102767,2025-06-01,,,,,,,,,,
L102767,2025-07-01,,,,,,,,,,
L102767,2025-08-01,,,,,,,,,,
L102769,2024-07-01,,,,,,,,,,
L102769,2024-08-01,,,,,,,,,,
L102769,2024-09-01,,,,,,,,,,
L102769,2024-10-01,,,,,,,,,,
L102769,2024-11-01,,,,,,,,,,
L102769,2024-12-01,,,,,,,,,,
L102769,2025-01-01,,,,,,,,,,
L102769,2025-02-01,,,,,,,,,,
L102769,2025-03-01,,,,,,,,,,
L102769,2025-04-01,,,,,,,,,,
L102769,2025-05-01,,,,,,,,,,
L102769,2025-06-01,,,,,,,,,,
L102769,2025-07-01,,,,,,,,,,
L102769,2025-08-01,,,,,,,,,,
L102769,2025-09-01,,,,,,,,,,
L102769,2025-10-01,,,,,,,,,,
L102769,2025-11-01,,,,,,,,,,
L102769,2025-12-01,,,,,,,,,,
L102769,2026-01-01,,,,,,,,,,
L102769,2026-02-01,,,,,,,,,,
L102769,2026-03-01,,,,,,,,,,
L102770,2024-07-01,,,,,,,,,,
L102770,2024-08-01,,,,,,,,,,
L102770,2024-09-01,,,,,,,,,,
L102770,2024-10-01,,,,,,,,,,
L102770,2024-11-01,,,,,,,,,,
L102770,2024-12-01,,,,,,,,,,
L102770,2025-01-01,,,,,,,,,,
L102770,2025-02-01,,,,,,,,,,
L102770,2025-03-01,,,,,,,,,,
L102770,2025-04-01,,,,,,,,,,
L102775,2024-07-01,,,,,,,,,,
L102775,2024-08-01,,,,,,,,,,
L102775,2024-09-01,,,,,,,,,,
L102775,2024-10-01,,,,,,,,,,
L102775,2024-11-01,,,,,,,,,,
L102775,2024-12-01,,,,,,,,,,
L102775,2025-01-01,,,,,,,,,,
L102775,2025-02-01,,,,,,,,,,
L102775,2025-03-01,,,,,,,,,,
L102775,2025-04-01,,,,,,,,,,
L102775,2025-05-01,,,,,,,,,,
L102775,2025-06-01,,,,,,,,,,
L102775,2025-07-01,,,,,,,,,,
L102775,2025-08-01,,,,,,,,,,
L102775,2025-09-01,,,,,,,,,,
L102775,2025-10-01,,,,,,,,,,
L102775,2025-11-01,,,,,,,,,,
L102775,2025-12-01,,,,,,,,,,
L102775,2026-01-01,,,,,,,,,,
L102775,2026-02-01,,,,,,,,,,
L102775,2026-03-01,,,,,,,,,,
L102776,2024-07-01,,,,,,,,,,
L102776,2024-08-01,,,,,,,,,,
L102776,2024-09-01,,,,,,,,,,
L102776,2024-10-01,,,,,,,,,,
L102776,2024-11-01,,,,,,,,,,
L102776,2024-12-01,,,,,,,,,,
L102776,2025-01-01,,,,,,,,,,
L102776,2025-02-01,,,,,,,,,,
L102776,2025-03-01,,,,,,,,,,
L102776,2025-04-01,,,,,,,,,,
L102776,2025-05-01,,,,,,,,,,
L102776,2025-06-01,,,,,,,,,,
L102782,2024-07-01,,,,,,,,,,
L102783,2024-07-01,,,,,,,,,,
L102783,2024-08-01,,,,,,,,,,
L102783,2024-09-01,,,,,,,,,,
L102783,2024-10-01,,,,,,,,,,
L102783,2024-11-01,,,,,,,,,,
L102783,2024-12-01,,,,,,,,,,
L102783,2025-01-01,,,,,,,,,,
L102783,2025-02-01,,,,,,,,,,
L102783,2025-03-01,,,,,,,,,,
L102783,2025-04-01,,,,,,,,,,
L102783,2025-05-01,,,,,,,,,,
L102788,2024-07-01,,,,,,,,,,
L102788,2024-08-01,,,,,,,,,,
L102788,2024-09-01,,,,,,,,,,
L102788,2024-10-01,,,,,,,,,,
L102788,2024-11-01,,,,,,,,,,
L102788,2024-12-01,,,,,,,,,,
L102788,2025-01-01,,,,,,,,,,
L102788,2025-02-01,,,,,,,,,,
L102788,2025-03-01,,,,,,,,,,
L102788,2025-04-01,,,,,,,,,,
L102788,2025-05-01,,,,,,,,,,
L102788,2025-06-01,,,,,,,,,,
L102788,2025-07-01,,,,,,,,,,
L102788,2025-08-01,,,,,,,,,,
L102788,2025-09-01,,,,,,,,,,
L102788,2025-10-01,,,,,,,,,,
L102788,2025-11-01,,,,,,,,,,
L102788,2025-12-01,,,,,,,,,,
L102788,2026-01-01,,,,,,,,,,
L102788,2026-02-01,,,,,,,,,,
L102788,2026-03-01,,,,,,,,,,
L102788,2026-04-01,,,,,,,,,,
L102788,2026-05-01,,,,,,,,,,
L102789,2024-07-01,,,,,,,,,,
L102789,2024-08-01,,,,,,,,,,
L102789,2024-09-01,,,,,,,,,,
L102789,2024-10-01,,,,,,,,,,
L102789,2024-11-01,,,,,,,,,,
L102789,2024-12-01,,,,,,,,,,
L102789,2025-01-01,,,,,,,,,,
L102789,2025-02-01,,,,,,,,,,
L102789,2025-03-01,,,,,,,,,,
L102790,2024-07-01,,,,,,,,,,
L102790,2024-08-01,,,,,,,,,,
L102790,2024-09-01,,,,,,,,,,
L102790,2024-10-01,,,,,,,,,,
L102790,2024-11-01,,,,,,,,,,
L102790,2024-12-01,,,,,,,,,,
L102798,2024-07-01,,,,,,,,,,
L102798,2024-08-01,,,,,,,,,,
L102798,2024-09-01,,,,,,,,,,
L102801,2024-07-01,,,,,,,,,,
L102801,2024-08-01,,,,,,,,,,
L102801,2024-09-01,,,,,,,,,,
L102801,2024-10-01,,,,,,,,,,
L102801,2024-11-01,,,,,,,,,,
L102801,2024-12-01,,,,,,,,,,
L102805,2024-07-01,,,,,,,,,,
L102805,2024-08-01,,,,,,,,,,
L102805,2024-09-01,,,,,,,,,,
L102805,2024-10-01,,,,,,,,,,
L102805,2024-11-01,,,,,,,,,,
L102805,2024-12-01,,,,,,,,,,
L102805,2025-01-01,,,,,,,,,,
L102805,2025-02-01,,,,,,,,,,
L102805,2025-03-01,,,,,,,,,,
L102805,2025-04-01,,,,,,,,,,
L102805,2025-05-01,,,,,,,,,,
L102805,2025-06-01,,,,,,,,,,
L102805,2025-07-01,,,,,,,,,,
L102806,2024-07-01,,,,,,,,,,
L102806,2024-08-01,,,,,,,,,,
L102806,2024-09-01,,,,,,,,,,
L102808,2024-07-01,,,,,,,,,,
L102808,2024-08-01,,,,,,,,,,
L102808,2024-09-01,,,,,,,,,,
L102808,2024-10-01,,,,,,,,,,
L102810,2024-07-01,,,,,,,,,,
L102810,2024-08-01,,,,,,,,,,
L102810,2024-09-01,,,,,,,,,,
L102810,2024-10-01,,,,,,,,,,
L102810,2024-11-01,,,,,,,,,,
L102810,2024-12-01,,,,,,,,,,
L102810,2025-01-01,,,,,,,,,,
L102815,2024-07-01,,,,,,,,,,
L102815,2024-08-01,,,,,,,,,,
L102817,2024-07-01,,,,,,,,,,
L102818,2024-07-01,,,,,,,,,,
L102818,2024-08-01,,,,,,,,,,
L102818,2024-09-01,,,,,,,,,,
L102818,2024-10-01,,,,,,,,,,
L102818,2024-11-01,,,,,,,,,,
L102818,2024-12-01,,,,,,,,,,
L102818,2025-01-01,,,,,,,,,,
L102818,2025-02-01,,,,,,,,,,
L102818,2025-03-01,,,,,,,,,,
L102818,2025-04-01,,,,,,,,,,
L102818,2025-05-01,,,,,,,,,,
L102819,2024-07-01,,,,,,,,,,
L102819,2024-08-01,,,,,,,,,,
L102819,2024-09-01,,,,,,,,,,
L102819,2024-10-01,,,,,,,,,,
L102819,2024-11-01,,,,,,,,,,
L102819,2024-12-01,,,,,,,,,,
L102819,2025-01-01,,,,,,,,,,
L102819,2025-02-01,,,,,,,,,,
L102819,2025-03-01,,,,,,,,,,
L102819,2025-04-01,,,,,,,,,,
L102819,2025-05-01,,,,,,,,,,
L102819,2025-06-01,,,,,,,,,,
L102819,2025-07-01,,,,,,,,,,
L102819,2025-08-01,,,,,,,,,,
L102821,2024-07-01,,,,,,,,,,
L102821,2024-08-01,,,,,,,,,,
L102821,2024-09-01,,,,,,,,,,
L102821,2024-10-01,,,,,,,,,,
L102825,2024-07-01,,,,,,,,,,
L102825,2024-08-01,,,,,,,,,,
L102829,2024-07-01,,,,,,,,,,
L102829,2024-08-01,,,,,,,,,,
L102829,2024-09-01,,,,,,,,,,
L102829,2024-10-01,,,,,,,,,,
L102829,2024-11-01,,,,,,,,,,
L102829,2024-12-01,,,,,,,,,,
L102829,2025-01-01,,,,,,,,,,
L102832,2024-07-01,,,,,,,,,,
L102832,2024-08-01,,,,,,,,,,
L102832,2024-09-01,,,,,,,,,,
L102832,2024-10-01,,,,,,,,,,
L102832,2024-11-01,,,,,,,,,,
L102832,2024-12-01,,,,,,,,,,
L102832,2025-01-01,,,,,,,,,,
L102832,2025-02-01,,,,,,,,,,
L102832,2025-03-01,,,,,,,,,,
L102832,2025-04-01,,,,,,,,,,
L102832,2025-05-01,,,,,,,,,,
L102832,2025-06-01,,,,,,,,,,
L102832,2025-07-01,,,,,,,,,,
L102832,2025-08-01,,,,,,,,,,
L102832,2025-09-01,,,,,,,,,,
L102835,2024-07-01,,,,,,,,,,
L102835,2024-08-01,,,,,,,,,,
L102835,2024-09-01,,,,,,,,,,
L102835,2024-10-01,,,,,,,,,,
L102837,2024-07-01,,,,,,,,,,
L102837,2024-08-01,,,,,,,,,,
L102837,2024-09-01,,,,,,,,,,
L102837,2024-10-01,,,,,,,,,,
L102837,2024-11-01,,,,,,,,,,
L102837,2024-12-01,,,,,,,,,,
L102837,2025-01-01,,,,,,,,,,
L102837,2025-02-01,,,,,,,,,,
L102837,2025-03-01,,,,,,,,,,
L102837,2025-04-01,,,,,,,,,,
L102837,2025-05-01,,,,,,,,,,
L102837,2025-06-01,,,,,,,,,,
L102837,2025-07-01,,,,,,,,,,
L102837,2025-08-01,,,,,,,,,,
L102837,2025-09-01,,,,,,,,,,
L102837,2025-10-01,,,,,,,,,,
L102837,2025-11-01,,,,,,,,,,
L102837,2025-12-01,,,,,,,,,,
L102837,2026-01-01,,,,,,,,,,
L102837,2026-02-01,,,,,,,,,,
L102837,2026-03-01,,,,,,,,,,
L102837,2026-04-01,,,,,,,,,,
L102837,2026-05-01,,,,,,,,,,
L102838,2024-07-01,,,,,,,,,,
L102838,2024-08-01,,,,,,,,,,
L102838,2024-09-01,,,,,,,,,,
L102838,2024-10-01,,,,,,,,,,
L102838,2024-11-01,,,,,,,,,,
L102838,2024-12-01,,,,,,,,,,
L102838,2025-01-01,,,,,,,,,,
L102838,2025-02-01,,,,,,,,,,
L102838,2025-03-01,,,,,,,,,,
L102838,2025-04-01,,,,,,,,,,
L102838,2025-05-01,,,,,,,,,,
L102838,2025-06-01,,,,,,,,,,
L102838,2025-07-01,,,,,,,,,,
L102838,2025-08-01,,,,,,,,,,
L102838,2025-09-01,,,,,,,,,,
L102838,2025-10-01,,,,,,,,,,
L102838,2025-11-01,,,,,,,,,,
L102838,2025-12-01,,,,,,,,,,
L102838,2026-01-01,,,,,,,,,,
L102838,2026-02-01,,,,,,,,,,
L102841,2024-07-01,,,,,,,,,,
L102841,2024-08-01,,,,,,,,,,
L102841,2024-09-01,,,,,,,,,,
L102841,2024-10-01,,,,,,,,,,
L102848,2024-07-01,,,,,,,,,,
L102848,2024-08-01,,,,,,,,,,
L102848,2024-09-01,,,,,,,,,,
L102848,2024-10-01,,,,,,,,,,
L102852,2024-07-01,,,,,,,,,,
L102852,2024-08-01,,,,,,,,,,
L102852,2024-09-01,,,,,,,,,,
L102852,2024-10-01,,,,,,,,,,
L102852,2024-11-01,,,,,,,,,,
L102852,2024-12-01,,,,,,,,,,
L102852,2025-01-01,,,,,,,,,,
L102852,2025-02-01,,,,,,,,,,
L102852,2025-03-01,,,,,,,,,,
L102852,2025-04-01,,,,,,,,,,
L102853,2024-07-01,,,,,,,,,,
L102853,2024-08-01,,,,,,,,,,
L102853,2024-09-01,,,,,,,,,,
L102853,2024-10-01,,,,,,,,,,
L102853,2024-11-01,,,,,,,,,,
L102853,2024-12-01,,,,,,,,,,
L102853,2025-01-01,,,,,,,,,,
L102853,2025-02-01,,,,,,,,,,
L102853,2025-03-01,,,,,,,,,,
L102853,2025-04-01,,,,,,,,,,
L102853,2025-05-01,,,,,,,,,,
L102856,2024-07-01,,,,,,,,,,
L102856,2024-08-01,,,,,,,,,,
L102856,2024-09-01,,,,,,,,,,
L102856,2024-10-01,,,,,,,,,,
L102856,2024-11-01,,,,,,,,,,
L102856,2024-12-01,,,,,,,,,,
L102856,2025-01-01,,,,,,,,,,
L102856,2025-02-01,,,,,,,,,,
L102856,2025-03-01,,,,,,,,,,
L102856,2025-04-01,,,,,,,,,,
L102856,2025-05-01,,,,,,,,,,
L102856,2025-06-01,,,,,,,,,,
L102856,2025-07-01,,,,,,,,,,
L102856,2025-08-01,,,,,,,,,,
L102856,2025-09-01,,,,,,,,,,
L102856,2025-10-01,,,,,,,,,,
L102856,2025-11-01,,,,,,,,,,
L102856,2025-12-01,,,,,,,,,,
L102856,2026-01-01,,,,,,,,,,
L102856,2026-02-01,,,,,,,,,,
L102863,2024-07-01,,,,,,,,,,
L102865,2024-07-01,,,,,,,,,,
L102871,2024-07-01,,,,,,,,,,
L102871,2024-08-01,,,,,,,,,,
L102871,2024-09-01,,,,,,,,,,
L102871,2024-10-01,,,,,,,,,,
L102874,2024-07-01,,,,,,,,,,
L102874,2024-08-01,,,,,,,,,,
L102874,2024-09-01,,,,,,,,,,
L102874,2024-10-01,,,,,,,,,,
L102874,2024-11-01,,,,,,,,,,
L102874,2024-12-01,,,,,,,,,,
L102886,2024-07-01,,,,,,,,,,
L102886,2024-08-01,,,,,,,,,,
L102886,2024-09-01,,,,,,,,,,
L102886,2024-10-01,,,,,,,,,,
L102886,2024-11-01,,,,,,,,,,
L102886,2024-12-01,,,,,,,,,,
L102886,2025-01-01,,,,,,,,,,
L102886,2025-02-01,,,,,,,,,,
L102886,2025-03-01,,,,,,,,,,
L102886,2025-04-01,,,,,,,,,,
L102886,2025-05-01,,,,,,,,,,
L102886,2025-06-01,,,,,,,,,,
L102886,2025-07-01,,,,,,,,,,
L102886,2025-08-01,,,,,,,,,,
L102886,2025-09-01,,,,,,,,,,
L102886,2025-10-01,,,,,,,,,,
L102891,2024-07-01,,,,,,,,,,
L102891,2024-08-01,,,,,,,,,,
L102891,2024-09-01,,,,,,,,,,
L102891,2024-10-01,,,,,,,,,,
L102891,2024-11-01,,,,,,,,,,
L102891,2024-12-01,,,,,,,,,,
L102891,2025-01-01,,,,,,,,,,
L102891,2025-02-01,,,,,,,,,,
L102891,2025-03-01,,,,,,,,,,
L102891,2025-04-01,,,,,,,,,,
L102891,2025-05-01,,,,,,,,,,
L102891,2025-06-01,,,,,,,,,,
L102891,2025-07-01,,,,,,,,,,
L102891,2025-08-01,,,,,,,,,,
L102891,2025-09-01,,,,,,,,,,
L102891,2025-10-01,,,,,,,,,,
L102891,2025-11-01,,,,,,,,,,
L102891,2025-12-01,,,,,,,,,,
L102891,2026-01-01,,,,,,,,,,
L102891,2026-02-01,,,,,,,,,,
L102891,2026-03-01,,,,,,,,,,
L102895,2024-07-01,,,,,,,,,,
L102895,2024-08-01,,,,,,,,,,
L102895,2024-09-01,,,,,,,,,,
L102895,2024-10-01,,,,,,,,,,
L102895,2024-11-01,,,,,,,,,,
L102895,2024-12-01,,,,,,,,,,
L102895,2025-01-01,,,,,,,,,,
L102895,2025-02-01,,,,,,,,,,
L102895,2025-03-01,,,,,,,,,,
L102895,2025-04-01,,,,,,,,,,
L102895,2025-05-01,,,,,,,,,,
L102895,2025-06-01,,,,,,,,,,
L102895,2025-07-01,,,,,,,,,,
L102895,2025-08-01,,,,,,,,,,
L102895,2025-09-01,,,,,,,,,,
L102895,2025-10-01,,,,,,,,,,
L102895,2025-11-01,,,,,,,,,,
L102895,2025-12-01,,,,,,,,,,
L102895,2026-01-01,,,,,,,,,,
L102895,2026-02-01,,,,,,,,,,
L102895,2026-03-01,,,,,,,,,,
L102899,2024-07-01,,,,,,,,,,
L102899,2024-08-01,,,,,,,,,,
L102899,2024-09-01,,,,,,,,,,
L102899,2024-10-01,,,,,,,,,,
L102899,2024-11-01,,,,,,,,,,
L102899,2024-12-01,,,,,,,,,,
L102899,2025-01-01,,,,,,,,,,
L102899,2025-02-01,,,,,,,,,,
L102899,2025-03-01,,,,,,,,,,
L102899,2025-04-01,,,,,,,,,,
L102899,2025-05-01,,,,,,,,,,
L102899,2025-06-01,,,,,,,,,,
L102899,2025-07-01,,,,,,,,,,
L102899,2025-08-01,,,,,,,,,,
L102899,2025-09-01,,,,,,,,,,
L102899,2025-10-01,,,,,,,,,,
L102899,2025-11-01,,,,,,,,,,
L102899,2025-12-01,,,,,,,,,,
L102899,2026-01-01,,,,,,,,,,
L102899,2026-02-01,,,,,,,,,,
L102899,2026-03-01,,,,,,,,,,
L102899,2026-04-01,,,,,,,,,,
L102905,2024-07-01,,,,,,,,,,
L102905,2024-08-01,,,,,,,,,,
L102905,2024-09-01,,,,,,,,,,
L102905,2024-10-01,,,,,,,,,,
L102905,2024-11-01,,,,,,,,,,
L102905,2024-12-01,,,,,,,,,,
L102905,2025-01-01,,,,,,,,,,
L102905,2025-02-01,,,,,,,,,,
L102905,2025-03-01,,,,,,,,,,
L102905,2025-04-01,,,,,,,,,,
L102911,2024-07-01,,,,,,,,,,
L102911,2024-08-01,,,,,,,,,,
L102911,2024-09-01,,,,,,,,,,
L102911,2024-10-01,,,,,,,,,,
L102911,2024-11-01,,,,,,,,,,
L102912,2024-07-01,,,,,,,,,,
L102912,2024-08-01,,,,,,,,,,
L102913,2024-07-01,,,,,,,,,,
L102914,2024-07-01,,,,,,,,,,
L102914,2024-08-01,,,,,,,,,,
L102914,2024-09-01,,,,,,,,,,
L102914,2024-10-01,,,,,,,,,,
L102914,2024-11-01,,,,,,,,,,
L102914,2024-12-01,,,,,,,,,,
L102918,2024-07-01,,,,,,,,,,
L102918,2024-08-01,,,,,,,,,,
L102918,2024-09-01,,,,,,,,,,
L102918,2024-10-01,,,,,,,,,,
L102918,2024-11-01,,,,,,,,,,
L102918,2024-12-01,,,,,,,,,,
L102918,2025-01-01,,,,,,,,,,
L102918,2025-02-01,,,,,,,,,,
L102918,2025-03-01,,,,,,,,,,
L102918,2025-04-01,,,,,,,,,,
L102918,2025-05-01,,,,,,,,,,
L102918,2025-06-01,,,,,,,,,,
L102918,2025-07-01,,,,,,,,,,
L102918,2025-08-01,,,,,,,,,,
L102918,2025-09-01,,,,,,,,,,
L102918,2025-10-01,,,,,,,,,,
L102918,2025-11-01,,,,,,,,,,
L102920,2024-07-01,,,,,,,,,,
L102920,2024-08-01,,,,,,,,,,
L102920,2024-09-01,,,,,,,,,,
L102920,2024-10-01,,,,,,,,,,
L102920,2024-11-01,,,,,,,,,,
L102920,2024-12-01,,,,,,,,,,
L102920,2025-01-01,,,,,,,,,,
L102920,2025-02-01,,,,,,,,,,
L102920,2025-03-01,,,,,,,,,,
L102920,2025-04-01,,,,,,,,,,
L102922,2024-07-01,,,,,,,,,,
L102922,2024-08-01,,,,,,,,,,
L102922,2024-09-01,,,,,,,,,,
L102922,2024-10-01,,,,,,,,,,
L102922,2024-11-01,,,,,,,,,,
L102922,2024-12-01,,,,,,,,,,
L102922,2025-01-01,,,,,,,,,,
L102922,2025-02-01,,,,,,,,,,
L102922,2025-03-01,,,,,,,,,,
L102922,2025-04-01,,,,,,,,,,
L102922,2025-05-01,,,,,,,,,,
L102922,2025-06-01,,,,,,,,,,
L102922,2025-07-01,,,,,,,,,,
L102922,2025-08-01,,,,,,,,,,
L102922,2025-09-01,,,,,,,,,,
L102922,2025-10-01,,,,,,,,,,
L102922,2025-11-01,,,,,,,,,,
L102922,2025-12-01,,,,,,,,,,
L102922,2026-01-01,,,,,,,,,,
L102922,2026-02-01,,,,,,,,,,
L102922,2026-03-01,,,,,,,,,,
L102923,2024-07-01,,,,,,,,,,
L102923,2024-08-01,,,,,,,,,,
L102923,2024-09-01,,,,,,,,,,
L102923,2024-10-01,,,,,,,,,,
L102933,2024-07-01,,,,,,,,,,
L102933,2024-08-01,,,,,,,,,,
L102933,2024-09-01,,,,,,,,,,
L102933,2024-10-01,,,,,,,,,,
L102933,2024-11-01,,,,,,,,,,
L102933,2024-12-01,,,,,,,,,,
L102933,2025-01-01,,,,,,,,,,
L102933,2025-02-01,,,,,,,,,,
L102933,2025-03-01,,,,,,,,,,
L102933,2025-04-01,,,,,,,,,,
L102933,2025-05-01,,,,,,,,,,
L102933,2025-06-01,,,,,,,,,,
L102935,2024-07-01,,,,,,,,,,
L102935,2024-08-01,,,,,,,,,,
L102935,2024-09-01,,,,,,,,,,
L102935,2024-10-01,,,,,,,,,,
L102935,2024-11-01,,,,,,,,,,
L102935,2024-12-01,,,,,,,,,,
L102935,2025-01-01,,,,,,,,,,
L102935,2025-02-01,,,,,,,,,,
L102935,2025-03-01,,,,,,,,,,
L102935,2025-04-01,,,,,,,,,,
L102935,2025-05-01,,,,,,,,,,
L102935,2025-06-01,,,,,,,,,,
L102935,2025-07-01,,,,,,,,,,
L102941,2024-07-01,,,,,,,,,,
L102941,2024-08-01,,,,,,,,,,
L102941,2024-09-01,,,,,,,,,,
L102941,2024-10-01,,,,,,,,,,
L102941,2024-11-01,,,,,,,,,,
L102941,2024-12-01,,,,,,,,,,
L102941,2025-01-01,,,,,,,,,,
L102941,2025-02-01,,,,,,,,,,
L102941,2025-03-01,,,,,,,,,,
L102941,2025-04-01,,,,,,,,,,
L102941,2025-05-01,,,,,,,,,,
L102941,2025-06-01,,,,,,,,,,
L102941,2025-07-01,,,,,,,,,,
L102941,2025-08-01,,,,,,,,,,
L102941,2025-09-01,,,,,,,,,,
L102941,2025-10-01,,,,,,,,,,
L102941,2025-11-01,,,,,,,,,,
L102941,2025-12-01,,,,,,,,,,
L102942,2024-07-01,,,,,,,,,,
L102942,2024-08-01,,,,,,,,,,
L102942,2024-09-01,,,,,,,,,,
L102942,2024-10-01,,,,,,,,,,
L102942,2024-11-01,,,,,,,,,,
L102942,2024-12-01,,,,,,,,,,
L102942,2025-01-01,,,,,,,,,,
L102942,2025-02-01,,,,,,,,,,
L102942,2025-03-01,,,,,,,,,,
L102942,2025-04-01,,,,,,,,,,
L102942,2025-05-01,,,,,,,,,,
L102947,2024-07-01,,,,,,,,,,
L102947,2024-08-01,,,,,,,,,,
L102947,2024-09-01,,,,,,,,,,
L102947,2024-10-01,,,,,,,,,,
L102947,2024-11-01,,,,,,,,,,
L102947,2024-12-01,,,,,,,,,,
L102947,2025-01-01,,,,,,,,,,
L102947,2025-02-01,,,,,,,,,,
L102947,2025-03-01,,,,,,,,,,
L102947,2025-04-01,,,,,,,,,,
L102947,2025-05-01,,,,,,,,,,
L102947,2025-06-01,,,,,,,,,,
L102947,2025-07-01,,,,,,,,,,
L102947,2025-08-01,,,,,,,,,,
L102947,2025-09-01,,,,,,,,,,
L102947,2025-10-01,,,,,,,,,,
L102947,2025-11-01,,,,,,,,,,
L102947,2025-12-01,,,,,,,,,,
L102947,2026-01-01,,,,,,,,,,
L102947,2026-02-01,,,,,,,,,,
L102947,2026-03-01,,,,,,,,,,
L102948,2024-07-01,,,,,,,,,,
L102948,2024-08-01,,,,,,,,,,
L102948,2024-09-01,,,,,,,,,,
L102948,2024-10-01,,,,,,,,,,
L102948,2024-11-01,,,,,,,,,,
L102948,2024-12-01,,,,,,,,,,
L102948,2025-01-01,,,,,,,,,,
L102948,2025-02-01,,,,,,,,,,
L102948,2025-03-01,,,,,,,,,,
L102948,2025-04-01,,,,,,,,,,
L102948,2025-05-01,,,,,,,,,,
L102948,2025-06-01,,,,,,,,,,
L102948,2025-07-01,,,,,,,,,,
L102949,2024-07-01,,,,,,,,,,
L102949,2024-08-01,,,,,,,,,,
L102949,2024-09-01,,,,,,,,,,
L102949,2024-10-01,,,,,,,,,,
L102949,2024-11-01,,,,,,,,,,
L102950,2024-07-01,,,,,,,,,,
L102950,2024-08-01,,,,,,,,,,
L102950,2024-09-01,,,,,,,,,,
L102950,2024-10-01,,,,,,,,,,
L102950,2024-11-01,,,,,,,,,,
L102950,2024-12-01,,,,,,,,,,
L102950,2025-01-01,,,,,,,,,,
L102950,2025-02-01,,,,,,,,,,
L102950,2025-03-01,,,,,,,,,,
L102950,2025-04-01,,,,,,,,,,
L102950,2025-05-01,,,,,,,,,,
L102950,2025-06-01,,,,,,,,,,
L102950,2025-07-01,,,,,,,,,,
L102950,2025-08-01,,,,,,,,,,
L102950,2025-09-01,,,,,,,,,,
L102950,2025-10-01,,,,,,,,,,
L102950,2025-11-01,,,,,,,,,,
L102950,2025-12-01,,,,,,,,,,
L102953,2024-07-01,,,,,,,,,,
L102953,2024-08-01,,,,,,,,,,
L102953,2024-09-01,,,,,,,,,,
L102953,2024-10-01,,,,,,,,,,
L102953,2024-11-01,,,,,,,,,,
L102953,2024-12-01,,,,,,,,,,
L102953,2025-01-01,,,,,,,,,,
L102953,2025-02-01,,,,,,,,,,
L102953,2025-03-01,,,,,,,,,,
L102953,2025-04-01,,,,,,,,,,
L102953,2025-05-01,,,,,,,,,,
L102953,2025-06-01,,,,,,,,,,
L102953,2025-07-01,,,,,,,,,,
L102953,2025-08-01,,,,,,,,,,
L102953,2025-09-01,,,,,,,,,,
L102953,2025-10-01,,,,,,,,,,
L102955,2024-07-01,,,,,,,,,,
L102955,2024-08-01,,,,,,,,,,
L102955,2024-09-01,,,,,,,,,,
L102955,2024-10-01,,,,,,,,,,
L102958,2024-07-01,,,,,,,,,,
L102958,2024-08-01,,,,,,,,,,
L102958,2024-09-01,,,,,,,,,,
L102958,2024-10-01,,,,,,,,,,
L102958,2024-11-01,,,,,,,,,,
L102958,2024-12-01,,,,,,,,,,
L102958,2025-01-01,,,,,,,,,,
L102958,2025-02-01,,,,,,,,,,
L102958,2025-03-01,,,,,,,,,,
L102960,2024-07-01,,,,,,,,,,
L102960,2024-08-01,,,,,,,,,,
L102960,2024-09-01,,,,,,,,,,
L102960,2024-10-01,,,,,,,,,,
L102960,2024-11-01,,,,,,,,,,
L102960,2024-12-01,,,,,,,,,,
L102960,2025-01-01,,,,,,,,,,
L102960,2025-02-01,,,,,,,,,,
L102960,2025-03-01,,,,,,,,,,
L102960,2025-04-01,,,,,,,,,,
L102960,2025-05-01,,,,,,,,,,
L102960,2025-06-01,,,,,,,,,,
L102960,2025-07-01,,,,,,,,,,
L102960,2025-08-01,,,,,,,,,,
L102960,2025-09-01,,,,,,,,,,
L102960,2025-10-01,,,,,,,,,,
L102960,2025-11-01,,,,,,,,,,
L102960,2025-12-01,,,,,,,,,,
L102960,2026-01-01,,,,,,,,,,
L102960,2026-02-01,,,,,,,,,,
L102961,2024-07-01,,,,,,,,,,
L102961,2024-08-01,,,,,,,,,,
L102961,2024-09-01,,,,,,,,,,
L102961,2024-10-01,,,,,,,,,,
L102962,2024-07-01,,,,,,,,,,
L102962,2024-08-01,,,,,,,,,,
L102962,2024-09-01,,,,,,,,,,
L102962,2024-10-01,,,,,,,,,,
L102962,2024-11-01,,,,,,,,,,
L102962,2024-12-01,,,,,,,,,,
L102962,2025-01-01,,,,,,,,,,
L102962,2025-02-01,,,,,,,,,,
L102962,2025-03-01,,,,,,,,,,
L102962,2025-04-01,,,,,,,,,,
L102962,2025-05-01,,,,,,,,,,
L102962,2025-06-01,,,,,,,,,,
L102962,2025-07-01,,,,,,,,,,
L102962,2025-08-01,,,,,,,,,,
L102962,2025-09-01,,,,,,,,,,
L102962,2025-10-01,,,,,,,,,,
L102962,2025-11-01,,,,,,,,,,
L102962,2025-12-01,,,,,,,,,,
L102962,2026-01-01,,,,,,,,,,
L102963,2024-07-01,,,,,,,,,,
L102963,2024-08-01,,,,,,,,,,
L102963,2024-09-01,,,,,,,,,,
L102963,2024-10-01,,,,,,,,,,
L102963,2024-11-01,,,,,,,,,,
L102963,2024-12-01,,,,,,,,,,
L102963,2025-01-01,,,,,,,,,,
L102963,2025-02-01,,,,,,,,,,
L102963,2025-03-01,,,,,,,,,,
L102963,2025-04-01,,,,,,,,,,
L102963,2025-05-01,,,,,,,,,,
L102963,2025-06-01,,,,,,,,,,
L102964,2024-07-01,,,,,,,,,,
L102964,2024-08-01,,,,,,,,,,
L102964,2024-09-01,,,,,,,,,,
L102964,2024-10-01,,,,,,,,,,
L102964,2024-11-01,,,,,,,,,,
L102964,2024-12-01,,,,,,,,,,
L102964,2025-01-01,,,,,,,,,,
L102964,2025-02-01,,,,,,,,,,
L102964,2025-03-01,,,,,,,,,,
L102964,2025-04-01,,,,,,,,,,
L102964,2025-05-01,,,,,,,,,,
L102964,2025-06-01,,,,,,,,,,
L102964,2025-07-01,,,,,,,,,,
L102964,2025-08-01,,,,,,,,,,
L102965,2024-07-01,,,,,,,,,,
L102965,2024-08-01,,,,,,,,,,
L102965,2024-09-01,,,,,,,,,,
L102965,2024-10-01,,,,,,,,,,
L102965,2024-11-01,,,,,,,,,,
L102965,2024-12-01,,,,,,,,,,
L102965,2025-01-01,,,,,,,,,,
L102965,2025-02-01,,,,,,,,,,
L102965,2025-03-01,,,,,,,,,,
L102965,2025-04-01,,,,,,,,,,
L102965,2025-05-01,,,,,,,,,,
L102965,2025-06-01,,,,,,,,,,
L102965,2025-07-01,,,,,,,,,,
L102965,2025-08-01,,,,,,,,,,
L102965,2025-09-01,,,,,,,,,,
L102965,2025-10-01,,,,,,,,,,
L102965,2025-11-01,,,,,,,,,,
L102965,2025-12-01,,,,,,,,,,
L102965,2026-01-01,,,,,,,,,,
L102966,2024-07-01,,,,,,,,,,
L102966,2024-08-01,,,,,,,,,,
L102966,2024-09-01,,,,,,,,,,
L102966,2024-10-01,,,,,,,,,,
L102966,2024-11-01,,,,,,,,,,
L102966,2024-12-01,,,,,,,,,,
L102966,2025-01-01,,,,,,,,,,
L102966,2025-02-01,,,,,,,,,,
L102966,2025-03-01,,,,,,,,,,
L102966,2025-04-01,,,,,,,,,,
L102966,2025-05-01,,,,,,,,,,
L102966,2025-06-01,,,,,,,,,,
L102966,2025-07-01,,,,,,,,,,
L102966,2025-08-01,,,,,,,,,,
L102966,2025-09-01,,,,,,,,,,
L102966,2025-10-01,,,,,,,,,,
L102966,2025-11-01,,,,,,,,,,
L102966,2025-12-01,,,,,,,,,,
L102966,2026-01-01,,,,,,,,,,
L102967,2024-07-01,,,,,,,,,,
L102967,2024-08-01,,,,,,,,,,
L102967,2024-09-01,,,,,,,,,,
L102967,2024-10-01,,,,,,,,,,
L102967,2024-11-01,,,,,,,,,,
L102967,2024-12-01,,,,,,,,,,
L102967,2025-01-01,,,,,,,,,,
L102967,2025-02-01,,,,,,,,,,
L102967,2025-03-01,,,,,,,,,,
L102967,2025-04-01,,,,,,,,,,
L102967,2025-05-01,,,,,,,,,,
L102967,2025-06-01,,,,,,,,,,
L102978,2024-07-01,,,,,,,,,,
L102978,2024-08-01,,,,,,,,,,
L102978,2024-09-01,,,,,,,,,,
L102978,2024-10-01,,,,,,,,,,
L102978,2024-11-01,,,,,,,,,,
L102978,2024-12-01,,,,,,,,,,
L102978,2025-01-01,,,,,,,,,,
L102978,2025-02-01,,,,,,,,,,
L102978,2025-03-01,,,,,,,,,,
L102978,2025-04-01,,,,,,,,,,
L102978,2025-05-01,,,,,,,,,,
L102978,2025-06-01,,,,,,,,,,
L102978,2025-07-01,,,,,,,,,,
L102983,2024-07-01,,,,,,,,,,
L102983,2024-08-01,,,,,,,,,,
L102983,2024-09-01,,,,,,,,,,
L102983,2024-10-01,,,,,,,,,,
L102983,2024-11-01,,,,,,,,,,
L102983,2024-12-01,,,,,,,,,,
L102983,2025-01-01,,,,,,,,,,
L102983,2025-02-01,,,,,,,,,,
L102983,2025-03-01,,,,,,,,,,
L102983,2025-04-01,,,,,,,,,,
L102983,2025-05-01,,,,,,,,,,
L102983,2025-06-01,,,,,,,,,,
L102983,2025-07-01,,,,,,,,,,
L102983,2025-08-01,,,,,,,,,,
L102983,2025-09-01,,,,,,,,,,
L102983,2025-10-01,,,,,,,,,,
L102985,2024-07-01,,,,,,,,,,
L102985,2024-08-01,,,,,,,,,,
L102985,2024-09-01,,,,,,,,,,
L102985,2024-10-01,,,,,,,,,,
L102985,2024-11-01,,,,,,,,,,
L102985,2024-12-01,,,,,,,,,,
L102985,2025-01-01,,,,,,,,,,
L102985,2025-02-01,,,,,,,,,,
L102985,2025-03-01,,,,,,,,,,
L102985,2025-04-01,,,,,,,,,,
L102985,2025-05-01,,,,,,,,,,
L102985,2025-06-01,,,,,,,,,,
L102993,2024-07-01,,,,,,,,,,
L102993,2024-08-01,,,,,,,,,,
L102994,2024-07-01,,,,,,,,,,
L102994,2024-08-01,,,,,,,,,,
L102995,2024-07-01,,,,,,,,,,
L102995,2024-08-01,,,,,,,,,,
L102995,2024-09-01,,,,,,,,,,
L102995,2024-10-01,,,,,,,,,,
L102995,2024-11-01,,,,,,,,,,
L102995,2024-12-01,,,,,,,,,,
L102995,2025-01-01,,,,,,,,,,
L102995,2025-02-01,,,,,,,,,,
L102995,2025-03-01,,,,,,,,,,
L102995,2025-04-01,,,,,,,,,,
L102995,2025-05-01,,,,,,,,,,
L102995,2025-06-01,,,,,,,,,,
L102995,2025-07-01,,,,,,,,,,
L102995,2025-08-01,,,,,,,,,,
L102995,2025-09-01,,,,,,,,,,
L102995,2025-10-01,,,,,,,,,,
L103000,2024-07-01,,,,,,,,,,
L103000,2024-08-01,,,,,,,,,,
L103000,2024-09-01,,,,,,,,,,
L103000,2024-10-01,,,,,,,,,,
L103000,2024-11-01,,,,,,,,,,
L103000,2024-12-01,,,,,,,,,,
L103000,2025-01-01,,,,,,,,,,
L103000,2025-02-01,,,,,,,,,,
L103000,2025-03-01,,,,,,,,,,
L103000,2025-04-01,,,,,,,,,,
L103000,2025-05-01,,,,,,,,,,
L103000,2025-06-01,,,,,,,,,,
L103000,2025-07-01,,,,,,,,,,
L103000,2025-08-01,,,,,,,,,,
L103000,2025-09-01,,,,,,,,,,
L103000,2025-10-01,,,,,,,,,,
L103000,2025-11-01,,,,,,,,,,
L103000,2025-12-01,,,,,,,,,,
L103001,2024-07-01,,,,,,,,,,
L103001,2024-08-01,,,,,,,,,,
L103001,2024-09-01,,,,,,,,,,
L103001,2024-10-01,,,,,,,,,,
L103001,2024-11-01,,,,,,,,,,
L103001,2024-12-01,,,,,,,,,,
L103001,2025-01-01,,,,,,,,,,
L103004,2024-07-01,,,,,,,,,,
L103004,2024-08-01,,,,,,,,,,
L103004,2024-09-01,,,,,,,,,,
L103004,2024-10-01,,,,,,,,,,
L103004,2024-11-01,,,,,,,,,,
L103004,2024-12-01,,,,,,,,,,
L103004,2025-01-01,,,,,,,,,,
L103004,2025-02-01,,,,,,,,,,
L103005,2024-07-01,,,,,,,,,,
L103005,2024-08-01,,,,,,,,,,
L103005,2024-09-01,,,,,,,,,,
L103005,2024-10-01,,,,,,,,,,
L103005,2024-11-01,,,,,,,,,,
L103005,2024-12-01,,,,,,,,,,
L103005,2025-01-01,,,,,,,,,,
L103005,2025-02-01,,,,,,,,,,
L103005,2025-03-01,,,,,,,,,,
L103005,2025-04-01,,,,,,,,,,
L103005,2025-05-01,,,,,,,,,,
L103005,2025-06-01,,,,,,,,,,
L103005,2025-07-01,,,,,,,,,,
L103005,2025-08-01,,,,,,,,,,
L103006,2024-07-01,,,,,,,,,,
L103006,2024-08-01,,,,,,,,,,
L103006,2024-09-01,,,,,,,,,,
L103006,2024-10-01,,,,,,,,,,
L103006,2024-11-01,,,,,,,,,,
L103013,2024-07-01,,,,,,,,,,
L103016,2024-07-01,,,,,,,,,,
L103016,2024-08-01,,,,,,,,,,
L103016,2024-09-01,,,,,,,,,,
L103016,2024-10-01,,,,,,,,,,
L103016,2024-11-01,,,,,,,,,,
L103016,2024-12-01,,,,,,,,,,
L103016,2025-01-01,,,,,,,,,,
L103016,2025-02-01,,,,,,,,,,
L103016,2025-03-01,,,,,,,,,,
L103016,2025-04-01,,,,,,,,,,
L103016,2025-05-01,,,,,,,,,,
L103016,2025-06-01,,,,,,,,,,
L103016,2025-07-01,,,,,,,,,,
L103016,2025-08-01,,,,,,,,,,
L103016,2025-09-01,,,,,,,,,,
L103016,2025-10-01,,,,,,,,,,
L103019,2024-07-01,,,,,,,,,,
L103019,2024-08-01,,,,,,,,,,
L103019,2024-09-01,,,,,,,,,,
L103019,2024-10-01,,,,,,,,,,
L103019,2024-11-01,,,,,,,,,,
L103019,2024-12-01,,,,,,,,,,
L103019,2025-01-01,,,,,,,,,,
L103019,2025-02-01,,,,,,,,,,
L103019,2025-03-01,,,,,,,,,,
L103026,2024-07-01,,,,,,,,,,
L103026,2024-08-01,,,,,,,,,,
L103026,2024-09-01,,,,,,,,,,
L103026,2024-10-01,,,,,,,,,,
L103026,2024-11-01,,,,,,,,,,
L103026,2024-12-01,,,,,,,,,,
L103026,2025-01-01,,,,,,,,,,
L103026,2025-02-01,,,,,,,,,,
L103026,2025-03-01,,,,,,,,,,
L103026,2025-04-01,,,,,,,,,,
L103034,2024-07-01,,,,,,,,,,
L103034,2024-08-01,,,,,,,,,,
L103034,2024-09-01,,,,,,,,,,
L103034,2024-10-01,,,,,,,,,,
L103034,2024-11-01,,,,,,,,,,
L103034,2024-12-01,,,,,,,,,,
L103034,2025-01-01,,,,,,,,,,
L103034,2025-02-01,,,,,,,,,,
L103034,2025-03-01,,,,,,,,,,
L103034,2025-04-01,,,,,,,,,,
L103034,2025-05-01,,,,,,,,,,
L103034,2025-06-01,,,,,,,,,,
L103034,2025-07-01,,,,,,,,,,
L103034,2025-08-01,,,,,,,,,,
L103034,2025-09-01,,,,,,,,,,
L103034,2025-10-01,,,,,,,,,,
L103034,2025-11-01,,,,,,,,,,
L103034,2025-12-01,,,,,,,,,,
L103034,2026-01-01,,,,,,,,,,
L103035,2024-07-01,,,,,,,,,,
L103035,2024-08-01,,,,,,,,,,
L103035,2024-09-01,,,,,,,,,,
L103035,2024-10-01,,,,,,,,,,
L103035,2024-11-01,,,,,,,,,,
L103035,2024-12-01,,,,,,,,,,
L103035,2025-01-01,,,,,,,,,,
L103035,2025-02-01,,,,,,,,,,
L103035,2025-03-01,,,,,,,,,,
L103035,2025-04-01,,,,,,,,,,
L103035,2025-05-01,,,,,,,,,,
L103035,2025-06-01,,,,,,,,,,
L103035,2025-07-01,,,,,,,,,,
L103035,2025-08-01,,,,,,,,,,
L103035,2025-09-01,,,,,,,,,,
L103035,2025-10-01,,,,,,,,,,
L103035,2025-11-01,,,,,,,,,,
L103035,2025-12-01,,,,,,,,,,
L103035,2026-01-01,,,,,,,,,,
L103035,2026-02-01,,,,,,,,,,
L103035,2026-03-01,,,,,,,,,,
L103035,2026-04-01,,,,,,,,,,
L103035,2026-05-01,,,,,,,,,,
L103036,2024-07-01,,,,,,,,,,
L103036,2024-08-01,,,,,,,,,,
L103036,2024-09-01,,,,,,,,,,
L103036,2024-10-01,,,,,,,,,,
L103038,2024-07-01,,,,,,,,,,
L103038,2024-08-01,,,,,,,,,,
L103038,2024-09-01,,,,,,,,,,
L103038,2024-10-01,,,,,,,,,,
L103038,2024-11-01,,,,,,,,,,
L103038,2024-12-01,,,,,,,,,,
L103038,2025-01-01,,,,,,,,,,
L103038,2025-02-01,,,,,,,,,,
L103038,2025-03-01,,,,,,,,,,
L103038,2025-04-01,,,,,,,,,,
L103038,2025-05-01,,,,,,,,,,
L103038,2025-06-01,,,,,,,,,,
L103038,2025-07-01,,,,,,,,,,
L103039,2024-07-01,,,,,,,,,,
L103039,2024-08-01,,,,,,,,,,
L103039,2024-09-01,,,,,,,,,,
L103039,2024-10-01,,,,,,,,,,
L103039,2024-11-01,,,,,,,,,,
L103039,2024-12-01,,,,,,,,,,
L103039,2025-01-01,,,,,,,,,,
L103039,2025-02-01,,,,,,,,,,
L103039,2025-03-01,,,,,,,,,,
L103039,2025-04-01,,,,,,,,,,
L103039,2025-05-01,,,,,,,,,,
L103039,2025-06-01,,,,,,,,,,
L103039,2025-07-01,,,,,,,,,,
L103039,2025-08-01,,,,,,,,,,
L103041,2024-07-01,,,,,,,,,,
L103041,2024-08-01,,,,,,,,,,
L103041,2024-09-01,,,,,,,,,,
L103041,2024-10-01,,,,,,,,,,
L103041,2024-11-01,,,,,,,,,,
L103041,2024-12-01,,,,,,,,,,
L103041,2025-01-01,,,,,,,,,,
L103041,2025-02-01,,,,,,,,,,
L103041,2025-03-01,,,,,,,,,,
L103044,2024-07-01,,,,,,,,,,
L103044,2024-08-01,,,,,,,,,,
L103044,2024-09-01,,,,,,,,,,
L103044,2024-10-01,,,,,,,,,,
L103044,2024-11-01,,,,,,,,,,
L103046,2024-07-01,,,,,,,,,,
L103046,2024-08-01,,,,,,,,,,
L103046,2024-09-01,,,,,,,,,,
L103046,2024-10-01,,,,,,,,,,
L103046,2024-11-01,,,,,,,,,,
L103046,2024-12-01,,,,,,,,,,
L103052,2024-07-01,,,,,,,,,,
L103052,2024-08-01,,,,,,,,,,
L103052,2024-09-01,,,,,,,,,,
L103052,2024-10-01,,,,,,,,,,
L103052,2024-11-01,,,,,,,,,,
L103052,2024-12-01,,,,,,,,,,
L103052,2025-01-01,,,,,,,,,,
L103052,2025-02-01,,,,,,,,,,
L103052,2025-03-01,,,,,,,,,,
L103052,2025-04-01,,,,,,,,,,
L103052,2025-05-01,,,,,,,,,,
L103052,2025-06-01,,,,,,,,,,
L103052,2025-07-01,,,,,,,,,,
L103052,2025-08-01,,,,,,,,,,
L103052,2025-09-01,,,,,,,,,,
L103056,2024-07-01,,,,,,,,,,
L103056,2024-08-01,,,,,,,,,,
L103056,2024-09-01,,,,,,,,,,
L103056,2024-10-01,,,,,,,,,,
L103056,2024-11-01,,,,,,,,,,
L103056,2024-12-01,,,,,,,,,,
L103056,2025-01-01,,,,,,,,,,
L103056,2025-02-01,,,,,,,,,,
L103056,2025-03-01,,,,,,,,,,
L103056,2025-04-01,,,,,,,,,,
L103056,2025-05-01,,,,,,,,,,
L103060,2024-07-01,,,,,,,,,,
L103060,2024-08-01,,,,,,,,,,
L103060,2024-09-01,,,,,,,,,,
L103060,2024-10-01,,,,,,,,,,
L103060,2024-11-01,,,,,,,,,,
L103060,2024-12-01,,,,,,,,,,
L103060,2025-01-01,,,,,,,,,,
L103060,2025-02-01,,,,,,,,,,
L103060,2025-03-01,,,,,,,,,,
L103060,2025-04-01,,,,,,,,,,
L103060,2025-05-01,,,,,,,,,,
L103060,2025-06-01,,,,,,,,,,
L103060,2025-07-01,,,,,,,,,,
L103060,2025-08-01,,,,,,,,,,
L103060,2025-09-01,,,,,,,,,,
L103060,2025-10-01,,,,,,,,,,
L103060,2025-11-01,,,,,,,,,,
L103065,2024-07-01,,,,,,,,,,
L103065,2024-08-01,,,,,,,,,,
L103065,2024-09-01,,,,,,,,,,
L103065,2024-10-01,,,,,,,,,,
L103065,2024-11-01,,,,,,,,,,
L103065,2024-12-01,,,,,,,,,,
L103065,2025-01-01,,,,,,,,,,
L103065,2025-02-01,,,,,,,,,,
L103065,2025-03-01,,,,,,,,,,
L103065,2025-04-01,,,,,,,,,,
L103065,2025-05-01,,,,,,,,,,
L103068,2024-07-01,,,,,,,,,,
L103068,2024-08-01,,,,,,,,,,
L103068,2024-09-01,,,,,,,,,,
L103068,2024-10-01,,,,,,,,,,
L103068,2024-11-01,,,,,,,,,,
L103071,2024-07-01,,,,,,,,,,
L103071,2024-08-01,,,,,,,,,,
L103071,2024-09-01,,,,,,,,,,
L103071,2024-10-01,,,,,,,,,,
L103071,2024-11-01,,,,,,,,,,
L103071,2024-12-01,,,,,,,,,,
L103071,2025-01-01,,,,,,,,,,
L103071,2025-02-01,,,,,,,,,,
L103071,2025-03-01,,,,,,,,,,
L103071,2025-04-01,,,,,,,,,,
L103071,2025-05-01,,,,,,,,,,
L103074,2024-07-01,,,,,,,,,,
L103074,2024-08-01,,,,,,,,,,
L103074,2024-09-01,,,,,,,,,,
L103074,2024-10-01,,,,,,,,,,
L103074,2024-11-01,,,,,,,,,,
L103074,2024-12-01,,,,,,,,,,
L103074,2025-01-01,,,,,,,,,,
L103074,2025-02-01,,,,,,,,,,
L103074,2025-03-01,,,,,,,,,,
L103074,2025-04-01,,,,,,,,,,
L103074,2025-05-01,,,,,,,,,,
L103074,2025-06-01,,,,,,,,,,
L103074,2025-07-01,,,,,,,,,,
L103074,2025-08-01,,,,,,,,,,
L103074,2025-09-01,,,,,,,,,,
L103074,2025-10-01,,,,,,,,,,
L103074,2025-11-01,,,,,,,,,,
L103074,2025-12-01,,,,,,,,,,
L103076,2024-07-01,,,,,,,,,,
L103076,2024-08-01,,,,,,,,,,
L103076,2024-09-01,,,,,,,,,,
L103076,2024-10-01,,,,,,,,,,
L103076,2024-11-01,,,,,,,,,,
L103076,2024-12-01,,,,,,,,,,
L103076,2025-01-01,,,,,,,,,,
L103076,2025-02-01,,,,,,,,,,
L103076,2025-03-01,,,,,,,,,,
L103076,2025-04-01,,,,,,,,,,
L103076,2025-05-01,,,,,,,,,,
L103076,2025-06-01,,,,,,,,,,
L103082,2024-07-01,,,,,,,,,,
L103082,2024-08-01,,,,,,,,,,
L103082,2024-09-01,,,,,,,,,,
L103082,2024-10-01,,,,,,,,,,
L103082,2024-11-01,,,,,,,,,,
L103082,2024-12-01,,,,,,,,,,
L103082,2025-01-01,,,,,,,,,,
L103082,2025-02-01,,,,,,,,,,
L103082,2025-03-01,,,,,,,,,,
L103082,2025-04-01,,,,,,,,,,
L103082,2025-05-01,,,,,,,,,,
L103082,2025-06-01,,,,,,,,,,
L103082,2025-07-01,,,,,,,,,,
L103082,2025-08-01,,,,,,,,,,
L103082,2025-09-01,,,,,,,,,,
L103082,2025-10-01,,,,,,,,,,
L103082,2025-11-01,,,,,,,,,,
L103082,2025-12-01,,,,,,,,,,
L103082,2026-01-01,,,,,,,,,,
L103083,2024-07-01,,,,,,,,,,
L103084,2024-07-01,,,,,,,,,,
L103084,2024-08-01,,,,,,,,,,
L103084,2024-09-01,,,,,,,,,,
L103084,2024-10-01,,,,,,,,,,
L103084,2024-11-01,,,,,,,,,,
L103084,2024-12-01,,,,,,,,,,
L103084,2025-01-01,,,,,,,,,,
L103084,2025-02-01,,,,,,,,,,
L103084,2025-03-01,,,,,,,,,,
L103084,2025-04-01,,,,,,,,,,
L103084,2025-05-01,,,,,,,,,,
L103084,2025-06-01,,,,,,,,,,
L103084,2025-07-01,,,,,,,,,,
L103084,2025-08-01,,,,,,,,,,
L103084,2025-09-01,,,,,,,,,,
L103084,2025-10-01,,,,,,,,,,
L103084,2025-11-01,,,,,,,,,,
L103085,2024-07-01,,,,,,,,,,
L103085,2024-08-01,,,,,,,,,,
L103085,2024-09-01,,,,,,,,,,
L103086,2024-07-01,,,,,,,,,,
L103086,2024-08-01,,,,,,,,,,
L103086,2024-09-01,,,,,,,,,,
L103086,2024-10-01,,,,,,,,,,
L103086,2024-11-01,,,,,,,,,,
L103086,2024-12-01,,,,,,,,,,
L103086,2025-01-01,,,,,,,,,,
L103086,2025-02-01,,,,,,,,,,
L103086,2025-03-01,,,,,,,,,,
L103086,2025-04-01,,,,,,,,,,
L103086,2025-05-01,,,,,,,,,,
L103086,2025-06-01,,,,,,,,,,
L103086,2025-07-01,,,,,,,,,,
L103086,2025-08-01,,,,,,,,,,
L103086,2025-09-01,,,,,,,,,,
L103086,2025-10-01,,,,,,,,,,
L103086,2025-11-01,,,,,,,,,,
L103086,2025-12-01,,,,,,,,,,
L103089,2024-07-01,,,,,,,,,,
L103089,2024-08-01,,,,,,,,,,
L103089,2024-09-01,,,,,,,,,,
L103089,2024-10-01,,,,,,,,,,
L103090,2024-07-01,,,,,,,,,,
L103090,2024-08-01,,,,,,,,,,
L103090,2024-09-01,,,,,,,,,,
L103090,2024-10-01,,,,,,,,,,
L103090,2024-11-01,,,,,,,,,,
L103090,2024-12-01,,,,,,,,,,
L103090,2025-01-01,,,,,,,,,,
L103090,2025-02-01,,,,,,,,,,
L103090,2025-03-01,,,,,,,,,,
L103090,2025-04-01,,,,,,,,,,
L103090,2025-05-01,,,,,,,,,,
L103090,2025-06-01,,,,,,,,,,
L103090,2025-07-01,,,,,,,,,,
L103090,2025-08-01,,,,,,,,,,
L103091,2024-07-01,,,,,,,,,,
L103091,2024-08-01,,,,,,,,,,
L103091,2024-09-01,,,,,,,,,,
L103091,2024-10-01,,,,,,,,,,
L103091,2024-11-01,,,,,,,,,,
L103091,2024-12-01,,,,,,,,,,
L103091,2025-01-01,,,,,,,,,,
L103091,2025-02-01,,,,,,,,,,
L103091,2025-03-01,,,,,,,,,,
L103091,2025-04-01,,,,,,,,,,
L103091,2025-05-01,,,,,,,,,,
L103091,2025-06-01,,,,,,,,,,
L103091,2025-07-01,,,,,,,,,,
L103091,2025-08-01,,,,,,,,,,
L103091,2025-09-01,,,,,,,,,,
L103091,2025-10-01,,,,,,,,,,
L103091,2025-11-01,,,,,,,,,,
L103091,2025-12-01,,,,,,,,,,
L103091,2026-01-01,,,,,,,,,,
L103092,2024-07-01,,,,,,,,,,
L103092,2024-08-01,,,,,,,,,,
L103092,2024-09-01,,,,,,,,,,
L103092,2024-10-01,,,,,,,,,,
L103092,2024-11-01,,,,,,,,,,
L103092,2024-12-01,,,,,,,,,,
L103092,2025-01-01,,,,,,,,,,
L103092,2025-02-01,,,,,,,,,,
L103092,2025-03-01,,,,,,,,,,
L103092,2025-04-01,,,,,,,,,,
L103092,2025-05-01,,,,,,,,,,
L103092,2025-06-01,,,,,,,,,,
L103092,2025-07-01,,,,,,,,,,
L103092,2025-08-01,,,,,,,,,,
L103092,2025-09-01,,,,,,,,,,
L103092,2025-10-01,,,,,,,,,,
L103092,2025-11-01,,,,,,,,,,
L103092,2025-12-01,,,,,,,,,,
L103092,2026-01-01,,,,,,,,,,
L103096,2024-07-01,,,,,,,,,,
L103096,2024-08-01,,,,,,,,,,
L103096,2024-09-01,,,,,,,,,,
L103096,2024-10-01,,,,,,,,,,
L103096,2024-11-01,,,,,,,,,,
L103096,2024-12-01,,,,,,,,,,
L103096,2025-01-01,,,,,,,,,,
L103096,2025-02-01,,,,,,,,,,
L103096,2025-03-01,,,,,,,,,,
L103096,2025-04-01,,,,,,,,,,
L103096,2025-05-01,,,,,,,,,,
L103096,2025-06-01,,,,,,,,,,
L103096,2025-07-01,,,,,,,,,,
L103096,2025-08-01,,,,,,,,,,
L103096,2025-09-01,,,,,,,,,,
L103096,2025-10-01,,,,,,,,,,
L103096,2025-11-01,,,,,,,,,,
L103098,2024-07-01,,,,,,,,,,
L103098,2024-08-01,,,,,,,,,,
L103099,2024-07-01,,,,,,,,,,
L103099,2024-08-01,,,,,,,,,,
L103099,2024-09-01,,,,,,,,,,
L103099,2024-10-01,,,,,,,,,,
L103099,2024-11-01,,,,,,,,,,
L103099,2024-12-01,,,,,,,,,,
L103099,2025-01-01,,,,,,,,,,
L103099,2025-02-01,,,,,,,,,,
L103099,2025-03-01,,,,,,,,,,
L103099,2025-04-01,,,,,,,,,,
L103101,2024-07-01,,,,,,,,,,
L103101,2024-08-01,,,,,,,,,,
L103101,2024-09-01,,,,,,,,,,
L103101,2024-10-01,,,,,,,,,,
L103101,2024-11-01,,,,,,,,,,
L103101,2024-12-01,,,,,,,,,,
L103101,2025-01-01,,,,,,,,,,
L103101,2025-02-01,,,,,,,,,,
L103101,2025-03-01,,,,,,,,,,
L103116,2024-07-01,,,,,,,,,,
L103116,2024-08-01,,,,,,,,,,
L103116,2024-09-01,,,,,,,,,,
L103116,2024-10-01,,,,,,,,,,
L103116,2024-11-01,,,,,,,,,,
L103116,2024-12-01,,,,,,,,,,
L103116,2025-01-01,,,,,,,,,,
L103116,2025-02-01,,,,,,,,,,
L103118,2024-07-01,,,,,,,,,,
L103118,2024-08-01,,,,,,,,,,
L103118,2024-09-01,,,,,,,,,,
L103118,2024-10-01,,,,,,,,,,
L103130,2024-07-01,,,,,,,,,,
L103130,2024-08-01,,,,,,,,,,
L103130,2024-09-01,,,,,,,,,,
L103130,2024-10-01,,,,,,,,,,
L103130,2024-11-01,,,,,,,,,,
L103130,2024-12-01,,,,,,,,,,
L103130,2025-01-01,,,,,,,,,,
L103130,2025-02-01,,,,,,,,,,
L103130,2025-03-01,,,,,,,,,,
L103130,2025-04-01,,,,,,,,,,
L103130,2025-05-01,,,,,,,,,,
L103130,2025-06-01,,,,,,,,,,
L103130,2025-07-01,,,,,,,,,,
L103130,2025-08-01,,,,,,,,,,
L103130,2025-09-01,,,,,,,,,,
L103130,2025-10-01,,,,,,,,,,
L103130,2025-11-01,,,,,,,,,,
L103132,2024-07-01,,,,,,,,,,
L103132,2024-08-01,,,,,,,,,,
L103132,2024-09-01,,,,,,,,,,
L103132,2024-10-01,,,,,,,,,,
L103132,2024-11-01,,,,,,,,,,
L103132,2024-12-01,,,,,,,,,,
L103132,2025-01-01,,,,,,,,,,
L103132,2025-02-01,,,,,,,,,,
L103132,2025-03-01,,,,,,,,,,
L103132,2025-04-01,,,,,,,,,,
L103132,2025-05-01,,,,,,,,,,
L103134,2024-07-01,,,,,,,,,,
L103134,2024-08-01,,,,,,,,,,
L103134,2024-09-01,,,,,,,,,,
L103134,2024-10-01,,,,,,,,,,
L103134,2024-11-01,,,,,,,,,,
L103135,2024-07-01,,,,,,,,,,
L103135,2024-08-01,,,,,,,,,,
L103135,2024-09-01,,,,,,,,,,
L103135,2024-10-01,,,,,,,,,,
L103135,2024-11-01,,,,,,,,,,
L103135,2024-12-01,,,,,,,,,,
L103135,2025-01-01,,,,,,,,,,
L103135,2025-02-01,,,,,,,,,,
L103135,2025-03-01,,,,,,,,,,
L103135,2025-04-01,,,,,,,,,,
L103135,2025-05-01,,,,,,,,,,
L103135,2025-06-01,,,,,,,,,,
L103135,2025-07-01,,,,,,,,,,
L103135,2025-08-01,,,,,,,,,,
L103135,2025-09-01,,,,,,,,,,
L103136,2024-07-01,,,,,,,,,,
L103136,2024-08-01,,,,,,,,,,
L103136,2024-09-01,,,,,,,,,,
L103136,2024-10-01,,,,,,,,,,
L103136,2024-11-01,,,,,,,,,,
L103136,2024-12-01,,,,,,,,,,
L103137,2024-07-01,,,,,,,,,,
L103137,2024-08-01,,,,,,,,,,
L103137,2024-09-01,,,,,,,,,,
L103137,2024-10-01,,,,,,,,,,
L103137,2024-11-01,,,,,,,,,,
L103137,2024-12-01,,,,,,,,,,
L103139,2024-07-01,,,,,,,,,,
L103139,2024-08-01,,,,,,,,,,
L103139,2024-09-01,,,,,,,,,,
L103139,2024-10-01,,,,,,,,,,
L103139,2024-11-01,,,,,,,,,,
L103139,2024-12-01,,,,,,,,,,
L103139,2025-01-01,,,,,,,,,,
L103139,2025-02-01,,,,,,,,,,
L103139,2025-03-01,,,,,,,,,,
L103139,2025-04-01,,,,,,,,,,
L103139,2025-05-01,,,,,,,,,,
L103140,2024-07-01,,,,,,,,,,
L103140,2024-08-01,,,,,,,,,,
L103141,2024-07-01,,,,,,,,,,
L103141,2024-08-01,,,,,,,,,,
L103141,2024-09-01,,,,,,,,,,
L103141,2024-10-01,,,,,,,,,,
L103141,2024-11-01,,,,,,,,,,
L103141,2024-12-01,,,,,,,,,,
L103141,2025-01-01,,,,,,,,,,
L103141,2025-02-01,,,,,,,,,,
L103141,2025-03-01,,,,,,,,,,
L103141,2025-04-01,,,,,,,,,,
L103141,2025-05-01,,,,,,,,,,
L103141,2025-06-01,,,,,,,,,,
L103141,2025-07-01,,,,,,,,,,
L103141,2025-08-01,,,,,,,,,,
L103142,2024-07-01,,,,,,,,,,
L103142,2024-08-01,,,,,,,,,,
L103142,2024-09-01,,,,,,,,,,
L103142,2024-10-01,,,,,,,,,,
L103144,2024-07-01,,,,,,,,,,
L103144,2024-08-01,,,,,,,,,,
L103146,2024-07-01,,,,,,,,,,
L103146,2024-08-01,,,,,,,,,,
L103146,2024-09-01,,,,,,,,,,
L103146,2024-10-01,,,,,,,,,,
L103148,2024-07-01,,,,,,,,,,
L103148,2024-08-01,,,,,,,,,,
L103148,2024-09-01,,,,,,,,,,
L103148,2024-10-01,,,,,,,,,,
L103148,2024-11-01,,,,,,,,,,
L103148,2024-12-01,,,,,,,,,,
L103148,2025-01-01,,,,,,,,,,
L103148,2025-02-01,,,,,,,,,,
L103148,2025-03-01,,,,,,,,,,
L103148,2025-04-01,,,,,,,,,,
L103148,2025-05-01,,,,,,,,,,
L103148,2025-06-01,,,,,,,,,,
L103148,2025-07-01,,,,,,,,,,
L103148,2025-08-01,,,,,,,,,,
L103148,2025-09-01,,,,,,,,,,
L103149,2024-07-01,,,,,,,,,,
L103149,2024-08-01,,,,,,,,,,
L103149,2024-09-01,,,,,,,,,,
L103149,2024-10-01,,,,,,,,,,
L103149,2024-11-01,,,,,,,,,,
L103149,2024-12-01,,,,,,,,,,
L103149,2025-01-01,,,,,,,,,,
L103149,2025-02-01,,,,,,,,,,
L103149,2025-03-01,,,,,,,,,,
L103149,2025-04-01,,,,,,,,,,
L103149,2025-05-01,,,,,,,,,,
L103149,2025-06-01,,,,,,,,,,
L103157,2024-07-01,,,,,,,,,,
L103157,2024-08-01,,,,,,,,,,
L103157,2024-09-01,,,,,,,,,,
L103157,2024-10-01,,,,,,,,,,
L103157,2024-11-01,,,,,,,,,,
L103157,2024-12-01,,,,,,,,,,
L103157,2025-01-01,,,,,,,,,,
L103157,2025-02-01,,,,,,,,,,
L103157,2025-03-01,,,,,,,,,,
L103157,2025-04-01,,,,,,,,,,
L103157,2025-05-01,,,,,,,,,,
L103157,2025-06-01,,,,,,,,,,
L103158,2024-07-01,,,,,,,,,,
L103158,2024-08-01,,,,,,,,,,
L103158,2024-09-01,,,,,,,,,,
L103158,2024-10-01,,,,,,,,,,
L103158,2024-11-01,,,,,,,,,,
L103158,2024-12-01,,,,,,,,,,
L103158,2025-01-01,,,,,,,,,,
L103158,2025-02-01,,,,,,,,,,
L103158,2025-03-01,,,,,,,,,,
L103158,2025-04-01,,,,,,,,,,
L103158,2025-05-01,,,,,,,,,,
L103158,2025-06-01,,,,,,,,,,
L103158,2025-07-01,,,,,,,,,,
L103158,2025-08-01,,,,,,,,,,
L103158,2025-09-01,,,,,,,,,,
L103158,2025-10-01,,,,,,,,,,
L103158,2025-11-01,,,,,,,,,,
L103160,2024-07-01,,,,,,,,,,
L103160,2024-08-01,,,,,,,,,,
L103160,2024-09-01,,,,,,,,,,
L103160,2024-10-01,,,,,,,,,,
L103162,2024-07-01,,,,,,,,,,
L103163,2024-07-01,,,,,,,,,,
L103163,2024-08-01,,,,,,,,,,
L103163,2024-09-01,,,,,,,,,,
L103163,2024-10-01,,,,,,,,,,
L103163,2024-11-01,,,,,,,,,,
L103163,2024-12-01,,,,,,,,,,
L103163,2025-01-01,,,,,,,,,,
L103163,2025-02-01,,,,,,,,,,
L103163,2025-03-01,,,,,,,,,,
L103163,2025-04-01,,,,,,,,,,
L103163,2025-05-01,,,,,,,,,,
L103163,2025-06-01,,,,,,,,,,
L103163,2025-07-01,,,,,,,,,,
L103163,2025-08-01,,,,,,,,,,
L103163,2025-09-01,,,,,,,,,,
L103163,2025-10-01,,,,,,,,,,
L103163,2025-11-01,,,,,,,,,,
L103163,2025-12-01,,,,,,,,,,
L103163,2026-01-01,,,,,,,,,,
L103163,2026-02-01,,,,,,,,,,
L103163,2026-03-01,,,,,,,,,,
L103163,2026-04-01,,,,,,,,,,
L103165,2024-07-01,,,,,,,,,,
L103165,2024-08-01,,,,,,,,,,
L103165,2024-09-01,,,,,,,,,,
L103165,2024-10-01,,,,,,,,,,
L103165,2024-11-01,,,,,,,,,,
L103165,2024-12-01,,,,,,,,,,
L103165,2025-01-01,,,,,,,,,,
L103165,2025-02-01,,,,,,,,,,
L103165,2025-03-01,,,,,,,,,,
L103165,2025-04-01,,,,,,,,,,
L103165,2025-05-01,,,,,,,,,,
L103165,2025-06-01,,,,,,,,,,
L103165,2025-07-01,,,,,,,,,,
L103165,2025-08-01,,,,,,,,,,
L103165,2025-09-01,,,,,,,,,,
L103166,2024-07-01,,,,,,,,,,
L103166,2024-08-01,,,,,,,,,,
L103166,2024-09-01,,,,,,,,,,
L103166,2024-10-01,,,,,,,,,,
L103168,2024-07-01,,,,,,,,,,
L103168,2024-08-01,,,,,,,,,,
L103168,2024-09-01,,,,,,,,,,
L103174,2024-07-01,,,,,,,,,,
L103174,2024-08-01,,,,,,,,,,
L103174,2024-09-01,,,,,,,,,,
L103174,2024-10-01,,,,,,,,,,
L103174,2024-11-01,,,,,,,,,,
L103174,2024-12-01,,,,,,,,,,
L103174,2025-01-01,,,,,,,,,,
L103174,2025-02-01,,,,,,,,,,
L103174,2025-03-01,,,,,,,,,,
L103174,2025-04-01,,,,,,,,,,
L103174,2025-05-01,,,,,,,,,,
L103174,2025-06-01,,,,,,,,,,
L103174,2025-07-01,,,,,,,,,,
L103174,2025-08-01,,,,,,,,,,
L103174,2025-09-01,,,,,,,,,,
L103174,2025-10-01,,,,,,,,,,
L103174,2025-11-01,,,,,,,,,,
L103174,2025-12-01,,,,,,,,,,
L103176,2024-07-01,,,,,,,,,,
L103176,2024-08-01,,,,,,,,,,
L103180,2024-07-01,,,,,,,,,,
L103180,2024-08-01,,,,,,,,,,
L103180,2024-09-01,,,,,,,,,,
L103180,2024-10-01,,,,,,,,,,
L103180,2024-11-01,,,,,,,,,,
L103180,2024-12-01,,,,,,,,,,
L103180,2025-01-01,,,,,,,,,,
L103180,2025-02-01,,,,,,,,,,
L103180,2025-03-01,,,,,,,,,,
L103180,2025-04-01,,,,,,,,,,
L103180,2025-05-01,,,,,,,,,,
L103180,2025-06-01,,,,,,,,,,
L103180,2025-07-01,,,,,,,,,,
L103180,2025-08-01,,,,,,,,,,
L103180,2025-09-01,,,,,,,,,,
L103188,2024-07-01,,,,,,,,,,
L103188,2024-08-01,,,,,,,,,,
L103188,2024-09-01,,,,,,,,,,
L103188,2024-10-01,,,,,,,,,,
L103188,2024-11-01,,,,,,,,,,
L103200,2024-07-01,,,,,,,,,,
L103200,2024-08-01,,,,,,,,,,
L103200,2024-09-01,,,,,,,,,,
L103200,2024-10-01,,,,,,,,,,
L103200,2024-11-01,,,,,,,,,,
L103200,2024-12-01,,,,,,,,,,
L103200,2025-01-01,,,,,,,,,,
L103200,2025-02-01,,,,,,,,,,
L103200,2025-03-01,,,,,,,,,,
L103200,2025-04-01,,,,,,,,,,
L103200,2025-05-01,,,,,,,,,,
L103200,2025-06-01,,,,,,,,,,
L103200,2025-07-01,,,,,,,,,,
L103200,2025-08-01,,,,,,,,,,
L103203,2024-07-01,,,,,,,,,,
L103203,2024-08-01,,,,,,,,,,
L103203,2024-09-01,,,,,,,,,,
L103203,2024-10-01,,,,,,,,,,
L103203,2024-11-01,,,,,,,,,,
L103203,2024-12-01,,,,,,,,,,
L103203,2025-01-01,,,,,,,,,,
L103203,2025-02-01,,,,,,,,,,
L103203,2025-03-01,,,,,,,,,,
L103203,2025-04-01,,,,,,,,,,
L103203,2025-05-01,,,,,,,,,,
L103203,2025-06-01,,,,,,,,,,
L103203,2025-07-01,,,,,,,,,,
L103203,2025-08-01,,,,,,,,,,
L103203,2025-09-01,,,,,,,,,,
L103203,2025-10-01,,,,,,,,,,
L103205,2024-07-01,,,,,,,,,,
L103205,2024-08-01,,,,,,,,,,
L103205,2024-09-01,,,,,,,,,,
L103205,2024-10-01,,,,,,,,,,
L103205,2024-11-01,,,,,,,,,,
L103205,2024-12-01,,,,,,,,,,
L103205,2025-01-01,,,,,,,,,,
L103205,2025-02-01,,,,,,,,,,
L103205,2025-03-01,,,,,,,,,,
L103205,2025-04-01,,,,,,,,,,
L103205,2025-05-01,,,,,,,,,,
L103205,2025-06-01,,,,,,,,,,
L103205,2025-07-01,,,,,,,,,,
L103205,2025-08-01,,,,,,,,,,
L103205,2025-09-01,,,,,,,,,,
L103205,2025-10-01,,,,,,,,,,
L103205,2025-11-01,,,,,,,,,,
L103205,2025-12-01,,,,,,,,,,
L103205,2026-01-01,,,,,,,,,,
L103206,2024-07-01,,,,,,,,,,
L103206,2024-08-01,,,,,,,,,,
L103206,2024-09-01,,,,,,,,,,
L103206,2024-10-01,,,,,,,,,,
L103206,2024-11-01,,,,,,,,,,
L103206,2024-12-01,,,,,,,,,,
L103206,2025-01-01,,,,,,,,,,
L103206,2025-02-01,,,,,,,,,,
L103206,2025-03-01,,,,,,,,,,
L103206,2025-04-01,,,,,,,,,,
L103206,2025-05-01,,,,,,,,,,
L103206,2025-06-01,,,,,,,,,,
L103206,2025-07-01,,,,,,,,,,
L103206,2025-08-01,,,,,,,,,,
L103207,2024-07-01,,,,,,,,,,
L103207,2024-08-01,,,,,,,,,,
L103207,2024-09-01,,,,,,,,,,
L103207,2024-10-01,,,,,,,,,,
L103207,2024-11-01,,,,,,,,,,
L103207,2024-12-01,,,,,,,,,,
L103211,2024-07-01,,,,,,,,,,
L103211,2024-08-01,,,,,,,,,,
L103211,2024-09-01,,,,,,,,,,
L103211,2024-10-01,,,,,,,,,,
L103211,2024-11-01,,,,,,,,,,
L103211,2024-12-01,,,,,,,,,,
L103211,2025-01-01,,,,,,,,,,
L103211,2025-02-01,,,,,,,,,,
L103211,2025-03-01,,,,,,,,,,
L103211,2025-04-01,,,,,,,,,,
L103211,2025-05-01,,,,,,,,,,
L103211,2025-06-01,,,,,,,,,,
L103211,2025-07-01,,,,,,,,,,
L103211,2025-08-01,,,,,,,,,,
L103211,2025-09-01,,,,,,,,,,
L103211,2025-10-01,,,,,,,,,,
L103211,2025-11-01,,,,,,,,,,
L103211,2025-12-01,,,,,,,,,,
L103211,2026-01-01,,,,,,,,,,
L103211,2026-02-01,,,,,,,,,,
L103211,2026-03-01,,,,,,,,,,
L103211,2026-04-01,,,,,,,,,,
L103212,2024-07-01,,,,,,,,,,
L103212,2024-08-01,,,,,,,,,,
L103212,2024-09-01,,,,,,,,,,
L103212,2024-10-01,,,,,,,,,,
L103212,2024-11-01,,,,,,,,,,
L103212,2024-12-01,,,,,,,,,,
L103212,2025-01-01,,,,,,,,,,
L103212,2025-02-01,,,,,,,,,,
L103212,2025-03-01,,,,,,,,,,
L103212,2025-04-01,,,,,,,,,,
L103212,2025-05-01,,,,,,,,,,
L103212,2025-06-01,,,,,,,,,,
L103212,2025-07-01,,,,,,,,,,
L103212,2025-08-01,,,,,,,,,,
L103212,2025-09-01,,,,,,,,,,
L103212,2025-10-01,,,,,,,,,,
L103212,2025-11-01,,,,,,,,,,
L103212,2025-12-01,,,,,,,,,,
L103212,2026-01-01,,,,,,,,,,
L103213,2024-07-01,,,,,,,,,,
L103213,2024-08-01,,,,,,,,,,
L103213,2024-09-01,,,,,,,,,,
L103213,2024-10-01,,,,,,,,,,
L103213,2024-11-01,,,,,,,,,,
L103213,2024-12-01,,,,,,,,,,
L103213,2025-01-01,,,,,,,,,,
L103213,2025-02-01,,,,,,,,,,
L103217,2024-07-01,,,,,,,,,,
L103217,2024-08-01,,,,,,,,,,
L103217,2024-09-01,,,,,,,,,,
L103217,2024-10-01,,,,,,,,,,
L103217,2024-11-01,,,,,,,,,,
L103217,2024-12-01,,,,,,,,,,
L103217,2025-01-01,,,,,,,,,,
L103217,2025-02-01,,,,,,,,,,
L103217,2025-03-01,,,,,,,,,,
L103220,2024-07-01,,,,,,,,,,
L103220,2024-08-01,,,,,,,,,,
L103220,2024-09-01,,,,,,,,,,
L103223,2024-07-01,,,,,,,,,,
L103223,2024-08-01,,,,,,,,,,
L103223,2024-09-01,,,,,,,,,,
L103223,2024-10-01,,,,,,,,,,
L103223,2024-11-01,,,,,,,,,,
L103223,2024-12-01,,,,,,,,,,
L103223,2025-01-01,,,,,,,,,,
L103223,2025-02-01,,,,,,,,,,
L103223,2025-03-01,,,,,,,,,,
L103223,2025-04-01,,,,,,,,,,
L103223,2025-05-01,,,,,,,,,,
L103223,2025-06-01,,,,,,,,,,
L103223,2025-07-01,,,,,,,,,,
L103223,2025-08-01,,,,,,,,,,
L103225,2024-07-01,,,,,,,,,,
L103225,2024-08-01,,,,,,,,,,
L103225,2024-09-01,,,,,,,,,,
L103225,2024-10-01,,,,,,,,,,
L103225,2024-11-01,,,,,,,,,,
L103225,2024-12-01,,,,,,,,,,
L103225,2025-01-01,,,,,,,,,,
L103225,2025-02-01,,,,,,,,,,
L103225,2025-03-01,,,,,,,,,,
L103225,2025-04-01,,,,,,,,,,
L103225,2025-05-01,,,,,,,,,,
L103225,2025-06-01,,,,,,,,,,
L103225,2025-07-01,,,,,,,,,,
L103225,2025-08-01,,,,,,,,,,
L103225,2025-09-01,,,,,,,,,,
L103225,2025-10-01,,,,,,,,,,
L103225,2025-11-01,,,,,,,,,,
L103225,2025-12-01,,,,,,,,,,
L103225,2026-01-01,,,,,,,,,,
L103225,2026-02-01,,,,,,,,,,
L103234,2024-07-01,,,,,,,,,,
L103234,2024-08-01,,,,,,,,,,
L103234,2024-09-01,,,,,,,,,,
L103234,2024-10-01,,,,,,,,,,
L103234,2024-11-01,,,,,,,,,,
L103234,2024-12-01,,,,,,,,,,
L103234,2025-01-01,,,,,,,,,,
L103234,2025-02-01,,,,,,,,,,
L103234,2025-03-01,,,,,,,,,,
L103234,2025-04-01,,,,,,,,,,
L103234,2025-05-01,,,,,,,,,,
L103234,2025-06-01,,,,,,,,,,
L103234,2025-07-01,,,,,,,,,,
L103234,2025-08-01,,,,,,,,,,
L103234,2025-09-01,,,,,,,,,,
L103234,2025-10-01,,,,,,,,,,
L103234,2025-11-01,,,,,,,,,,
L103234,2025-12-01,,,,,,,,,,
L103234,2026-01-01,,,,,,,,,,
L103234,2026-02-01,,,,,,,,,,
L103234,2026-03-01,,,,,,,,,,
L103235,2024-07-01,,,,,,,,,,
L103235,2024-08-01,,,,,,,,,,
L103235,2024-09-01,,,,,,,,,,
L103235,2024-10-01,,,,,,,,,,
L103235,2024-11-01,,,,,,,,,,
L103235,2024-12-01,,,,,,,,,,
L103236,2024-07-01,,,,,,,,,,
L103236,2024-08-01,,,,,,,,,,
L103236,2024-09-01,,,,,,,,,,
L103236,2024-10-01,,,,,,,,,,
L103236,2024-11-01,,,,,,,,,,
L103236,2024-12-01,,,,,,,,,,
L103236,2025-01-01,,,,,,,,,,
L103236,2025-02-01,,,,,,,,,,
L103236,2025-03-01,,,,,,,,,,
L103236,2025-04-01,,,,,,,,,,
L103236,2025-05-01,,,,,,,,,,
L103236,2025-06-01,,,,,,,,,,
L103236,2025-07-01,,,,,,,,,,
L103236,2025-08-01,,,,,,,,,,
L103236,2025-09-01,,,,,,,,,,
L103236,2025-10-01,,,,,,,,,,
L103236,2025-11-01,,,,,,,,,,
L103236,2025-12-01,,,,,,,,,,
L103238,2024-07-01,,,,,,,,,,
L103238,2024-08-01,,,,,,,,,,
L103238,2024-09-01,,,,,,,,,,
L103238,2024-10-01,,,,,,,,,,
L103238,2024-11-01,,,,,,,,,,
L103238,2024-12-01,,,,,,,,,,
L103238,2025-01-01,,,,,,,,,,
L103238,2025-02-01,,,,,,,,,,
L103241,2024-07-01,,,,,,,,,,
L103244,2024-07-01,,,,,,,,,,
L103244,2024-08-01,,,,,,,,,,
L103244,2024-09-01,,,,,,,,,,
L103246,2024-07-01,,,,,,,,,,
L103246,2024-08-01,,,,,,,,,,
L103246,2024-09-01,,,,,,,,,,
L103246,2024-10-01,,,,,,,,,,
L103246,2024-11-01,,,,,,,,,,
L103246,2024-12-01,,,,,,,,,,
L103246,2025-01-01,,,,,,,,,,
L103246,2025-02-01,,,,,,,,,,
L103246,2025-03-01,,,,,,,,,,
L103246,2025-04-01,,,,,,,,,,
L103246,2025-05-01,,,,,,,,,,
L103246,2025-06-01,,,,,,,,,,
L103246,2025-07-01,,,,,,,,,,
L103246,2025-08-01,,,,,,,,,,
L103246,2025-09-01,,,,,,,,,,
L103246,2025-10-01,,,,,,,,,,
L103246,2025-11-01,,,,,,,,,,
L103246,2025-12-01,,,,,,,,,,
L103246,2026-01-01,,,,,,,,,,
L103246,2026-02-01,,,,,,,,,,
L103246,2026-03-01,,,,,,,,,,
L103246,2026-04-01,,,,,,,,,,
L103246,2026-05-01,,,,,,,,,,
L103247,2024-07-01,,,,,,,,,,
L103247,2024-08-01,,,,,,,,,,
L103247,2024-09-01,,,,,,,,,,
L103247,2024-10-01,,,,,,,,,,
L103247,2024-11-01,,,,,,,,,,
L103247,2024-12-01,,,,,,,,,,
L103247,2025-01-01,,,,,,,,,,
L103247,2025-02-01,,,,,,,,,,
L103247,2025-03-01,,,,,,,,,,
L103249,2024-07-01,,,,,,,,,,
L103249,2024-08-01,,,,,,,,,,
L103249,2024-09-01,,,,,,,,,,
L103249,2024-10-01,,,,,,,,,,
L103249,2024-11-01,,,,,,,,,,
L103249,2024-12-01,,,,,,,,,,
L103249,2025-01-01,,,,,,,,,,
L103249,2025-02-01,,,,,,,,,,
L103249,2025-03-01,,,,,,,,,,
L103249,2025-04-01,,,,,,,,,,
L103249,2025-05-01,,,,,,,,,,
L103249,2025-06-01,,,,,,,,,,
L103249,2025-07-01,,,,,,,,,,
L103249,2025-08-01,,,,,,,,,,
L103249,2025-09-01,,,,,,,,,,
L103249,2025-10-01,,,,,,,,,,
L103249,2025-11-01,,,,,,,,,,
L103252,2024-07-01,,,,,,,,,,
L103252,2024-08-01,,,,,,,,,,
L103252,2024-09-01,,,,,,,,,,
L103252,2024-10-01,,,,,,,,,,
L103252,2024-11-01,,,,,,,,,,
L103252,2024-12-01,,,,,,,,,,
L103252,2025-01-01,,,,,,,,,,
L103252,2025-02-01,,,,,,,,,,
L103252,2025-03-01,,,,,,,,,,
L103252,2025-04-01,,,,,,,,,,
L103252,2025-05-01,,,,,,,,,,
L103252,2025-06-01,,,,,,,,,,
L103252,2025-07-01,,,,,,,,,,
L103252,2025-08-01,,,,,,,,,,
L103253,2024-07-01,,,,,,,,,,
L103253,2024-08-01,,,,,,,,,,
L103253,2024-09-01,,,,,,,,,,
L103253,2024-10-01,,,,,,,,,,
L103253,2024-11-01,,,,,,,,,,
L103253,2024-12-01,,,,,,,,,,
L103253,2025-01-01,,,,,,,,,,
L103253,2025-02-01,,,,,,,,,,
L103253,2025-03-01,,,,,,,,,,
L103253,2025-04-01,,,,,,,,,,
L103253,2025-05-01,,,,,,,,,,
L103253,2025-06-01,,,,,,,,,,
L103254,2024-07-01,,,,,,,,,,
L103257,2024-07-01,,,,,,,,,,
L103259,2024-07-01,,,,,,,,,,
L103259,2024-08-01,,,,,,,,,,
L103259,2024-09-01,,,,,,,,,,
L103259,2024-10-01,,,,,,,,,,
L103259,2024-11-01,,,,,,,,,,
L103259,2024-12-01,,,,,,,,,,
L103259,2025-01-01,,,,,,,,,,
L103259,2025-02-01,,,,,,,,,,
L103259,2025-03-01,,,,,,,,,,
L103259,2025-04-01,,,,,,,,,,
L103259,2025-05-01,,,,,,,,,,
L103259,2025-06-01,,,,,,,,,,
L103259,2025-07-01,,,,,,,,,,
L103259,2025-08-01,,,,,,,,,,
L103259,2025-09-01,,,,,,,,,,
L103261,2024-07-01,,,,,,,,,,
L103261,2024-08-01,,,,,,,,,,
L103261,2024-09-01,,,,,,,,,,
L103261,2024-10-01,,,,,,,,,,
L103261,2024-11-01,,,,,,,,,,
L103261,2024-12-01,,,,,,,,,,
L103261,2025-01-01,,,,,,,,,,
L103261,2025-02-01,,,,,,,,,,
L103261,2025-03-01,,,,,,,,,,
L103261,2025-04-01,,,,,,,,,,
L103267,2024-07-01,,,,,,,,,,
L103267,2024-08-01,,,,,,,,,,
L103267,2024-09-01,,,,,,,,,,
L103267,2024-10-01,,,,,,,,,,
L103267,2024-11-01,,,,,,,,,,
L103267,2024-12-01,,,,,,,,,,
L103267,2025-01-01,,,,,,,,,,
L103267,2025-02-01,,,,,,,,,,
L103267,2025-03-01,,,,,,,,,,
L103267,2025-04-01,,,,,,,,,,
L103267,2025-05-01,,,,,,,,,,
L103267,2025-06-01,,,,,,,,,,
L103267,2025-07-01,,,,,,,,,,
L103267,2025-08-01,,,,,,,,,,
L103267,2025-09-01,,,,,,,,,,
L103267,2025-10-01,,,,,,,,,,
L103267,2025-11-01,,,,,,,,,,
L103273,2024-07-01,,,,,,,,,,
L103273,2024-08-01,,,,,,,,,,
L103273,2024-09-01,,,,,,,,,,
L103273,2024-10-01,,,,,,,,,,
L103273,2024-11-01,,,,,,,,,,
L103273,2024-12-01,,,,,,,,,,
L103273,2025-01-01,,,,,,,,,,
L103273,2025-02-01,,,,,,,,,,
L103273,2025-03-01,,,,,,,,,,
L103273,2025-04-01,,,,,,,,,,
L103273,2025-05-01,,,,,,,,,,
L103280,2024-07-01,,,,,,,,,,
L103280,2024-08-01,,,,,,,,,,
L103280,2024-09-01,,,,,,,,,,
L103280,2024-10-01,,,,,,,,,,
L103280,2024-11-01,,,,,,,,,,
L103280,2024-12-01,,,,,,,,,,
L103280,2025-01-01,,,,,,,,,,
L103280,2025-02-01,,,,,,,,,,
L103280,2025-03-01,,,,,,,,,,
L103288,2024-07-01,,,,,,,,,,
L103288,2024-08-01,,,,,,,,,,
L103288,2024-09-01,,,,,,,,,,
L103288,2024-10-01,,,,,,,,,,
L103288,2024-11-01,,,,,,,,,,
L103288,2024-12-01,,,,,,,,,,
L103288,2025-01-01,,,,,,,,,,
L103288,2025-02-01,,,,,,,,,,
L103288,2025-03-01,,,,,,,,,,
L103288,2025-04-01,,,,,,,,,,
L103288,2025-05-01,,,,,,,,,,
L103288,2025-06-01,,,,,,,,,,
L103288,2025-07-01,,,,,,,,,,
L103288,2025-08-01,,,,,,,,,,
L103289,2024-07-01,,,,,,,,,,
L103289,2024-08-01,,,,,,,,,,
L103289,2024-09-01,,,,,,,,,,
L103289,2024-10-01,,,,,,,,,,
L103289,2024-11-01,,,,,,,,,,
L103289,2024-12-01,,,,,,,,,,
L103289,2025-01-01,,,,,,,,,,
L103289,2025-02-01,,,,,,,,,,
L103289,2025-03-01,,,,,,,,,,
L103289,2025-04-01,,,,,,,,,,
L103289,2025-05-01,,,,,,,,,,
L103289,2025-06-01,,,,,,,,,,
L103289,2025-07-01,,,,,,,,,,
L103289,2025-08-01,,,,,,,,,,
L103289,2025-09-01,,,,,,,,,,
L103289,2025-10-01,,,,,,,,,,
L103292,2024-07-01,,,,,,,,,,
L103292,2024-08-01,,,,,,,,,,
L103292,2024-09-01,,,,,,,,,,
L103292,2024-10-01,,,,,,,,,,
L103292,2024-11-01,,,,,,,,,,
L103292,2024-12-01,,,,,,,,,,
L103292,2025-01-01,,,,,,,,,,
L103292,2025-02-01,,,,,,,,,,
L103292,2025-03-01,,,,,,,,,,
L103302,2024-07-01,,,,,,,,,,
L103302,2024-08-01,,,,,,,,,,
L103302,2024-09-01,,,,,,,,,,
L103302,2024-10-01,,,,,,,,,,
L103302,2024-11-01,,,,,,,,,,
L103302,2024-12-01,,,,,,,,,,
L103302,2025-01-01,,,,,,,,,,
L103302,2025-02-01,,,,,,,,,,
L103302,2025-03-01,,,,,,,,,,
L103302,2025-04-01,,,,,,,,,,
L103302,2025-05-01,,,,,,,,,,
L103302,2025-06-01,,,,,,,,,,
L103302,2025-07-01,,,,,,,,,,
L103302,2025-08-01,,,,,,,,,,
L103307,2024-07-01,,,,,,,,,,
L103307,2024-08-01,,,,,,,,,,
L103307,2024-09-01,,,,,,,,,,
L103307,2024-10-01,,,,,,,,,,
L103307,2024-11-01,,,,,,,,,,
L103307,2024-12-01,,,,,,,,,,
L103307,2025-01-01,,,,,,,,,,
L103307,2025-02-01,,,,,,,,,,
L103309,2024-07-01,,,,,,,,,,
L103309,2024-08-01,,,,,,,,,,
L103309,2024-09-01,,,,,,,,,,
L103309,2024-10-01,,,,,,,,,,
L103309,2024-11-01,,,,,,,,,,
L103309,2024-12-01,,,,,,,,,,
L103309,2025-01-01,,,,,,,,,,
L103309,2025-02-01,,,,,,,,,,
L103309,2025-03-01,,,,,,,,,,
L103309,2025-04-01,,,,,,,,,,
L103309,2025-05-01,,,,,,,,,,
L103309,2025-06-01,,,,,,,,,,
L103309,2025-07-01,,,,,,,,,,
L103309,2025-08-01,,,,,,,,,,
L103310,2024-07-01,,,,,,,,,,
L103310,2024-08-01,,,,,,,,,,
L103310,2024-09-01,,,,,,,,,,
L103310,2024-10-01,,,,,,,,,,
L103310,2024-11-01,,,,,,,,,,
L103310,2024-12-01,,,,,,,,,,
L103310,2025-01-01,,,,,,,,,,
L103310,2025-02-01,,,,,,,,,,
L103310,2025-03-01,,,,,,,,,,
L103310,2025-04-01,,,,,,,,,,
L103317,2024-07-01,,,,,,,,,,
L103317,2024-08-01,,,,,,,,,,
L103317,2024-09-01,,,,,,,,,,
L103317,2024-10-01,,,,,,,,,,
L103317,2024-11-01,,,,,,,,,,
L103317,2024-12-01,,,,,,,,,,
L103317,2025-01-01,,,,,,,,,,
L103317,2025-02-01,,,,,,,,,,
L103317,2025-03-01,,,,,,,,,,
L103317,2025-04-01,,,,,,,,,,
L103317,2025-05-01,,,,,,,,,,
L103317,2025-06-01,,,,,,,,,,
L103317,2025-07-01,,,,,,,,,,
L103318,2024-07-01,,,,,,,,,,
L103318,2024-08-01,,,,,,,,,,
L103318,2024-09-01,,,,,,,,,,
L103318,2024-10-01,,,,,,,,,,
L103318,2024-11-01,,,,,,,,,,
L103318,2024-12-01,,,,,,,,,,
L103318,2025-01-01,,,,,,,,,,
L103318,2025-02-01,,,,,,,,,,
L103318,2025-03-01,,,,,,,,,,
L103318,2025-04-01,,,,,,,,,,
L103318,2025-05-01,,,,,,,,,,
L103321,2024-07-01,,,,,,,,,,
L103321,2024-08-01,,,,,,,,,,
L103321,2024-09-01,,,,,,,,,,
L103321,2024-10-01,,,,,,,,,,
L103321,2024-11-01,,,,,,,,,,
L103321,2024-12-01,,,,,,,,,,
L103321,2025-01-01,,,,,,,,,,
L103321,2025-02-01,,,,,,,,,,
L103321,2025-03-01,,,,,,,,,,
L103321,2025-04-01,,,,,,,,,,
L103321,2025-05-01,,,,,,,,,,
L103321,2025-06-01,,,,,,,,,,
L103321,2025-07-01,,,,,,,,,,
L103321,2025-08-01,,,,,,,,,,
L103322,2024-07-01,,,,,,,,,,
L103322,2024-08-01,,,,,,,,,,
L103322,2024-09-01,,,,,,,,,,
L103322,2024-10-01,,,,,,,,,,
L103322,2024-11-01,,,,,,,,,,
L103322,2024-12-01,,,,,,,,,,
L103322,2025-01-01,,,,,,,,,,
L103322,2025-02-01,,,,,,,,,,
L103322,2025-03-01,,,,,,,,,,
L103323,2024-07-01,,,,,,,,,,
L103323,2024-08-01,,,,,,,,,,
L103323,2024-09-01,,,,,,,,,,
L103323,2024-10-01,,,,,,,,,,
L103323,2024-11-01,,,,,,,,,,
L103323,2024-12-01,,,,,,,,,,
L103323,2025-01-01,,,,,,,,,,
L103323,2025-02-01,,,,,,,,,,
L103323,2025-03-01,,,,,,,,,,
L103323,2025-04-01,,,,,,,,,,
L103323,2025-05-01,,,,,,,,,,
L103323,2025-06-01,,,,,,,,,,
L103323,2025-07-01,,,,,,,,,,
L103323,2025-08-01,,,,,,,,,,
L103323,2025-09-01,,,,,,,,,,
L103323,2025-10-01,,,,,,,,,,
L103323,2025-11-01,,,,,,,,,,
L103323,2025-12-01,,,,,,,,,,
L103323,2026-01-01,,,,,,,,,,
L103323,2026-02-01,,,,,,,,,,
L103323,2026-03-01,,,,,,,,,,
L103323,2026-04-01,,,,,,,,,,
L103329,2024-07-01,,,,,,,,,,
L103329,2024-08-01,,,,,,,,,,
L103329,2024-09-01,,,,,,,,,,
L103329,2024-10-01,,,,,,,,,,
L103329,2024-11-01,,,,,,,,,,
L103329,2024-12-01,,,,,,,,,,
L103329,2025-01-01,,,,,,,,,,
L103329,2025-02-01,,,,,,,,,,
L103329,2025-03-01,,,,,,,,,,
L103335,2024-07-01,,,,,,,,,,
L103335,2024-08-01,,,,,,,,,,
L103335,2024-09-01,,,,,,,,,,
L103335,2024-10-01,,,,,,,,,,
L103335,2024-11-01,,,,,,,,,,
L103335,2024-12-01,,,,,,,,,,
L103335,2025-01-01,,,,,,,,,,
L103335,2025-02-01,,,,,,,,,,
L103335,2025-03-01,,,,,,,,,,
L103335,2025-04-01,,,,,,,,,,
L103335,2025-05-01,,,,,,,,,,
L103335,2025-06-01,,,,,,,,,,
L103335,2025-07-01,,,,,,,,,,
L103335,2025-08-01,,,,,,,,,,
L103335,2025-09-01,,,,,,,,,,
L103336,2024-07-01,,,,,,,,,,
L103336,2024-08-01,,,,,,,,,,
L103336,2024-09-01,,,,,,,,,,
L103336,2024-10-01,,,,,,,,,,
L103336,2024-11-01,,,,,,,,,,
L103336,2024-12-01,,,,,,,,,,
L103336,2025-01-01,,,,,,,,,,
L103336,2025-02-01,,,,,,,,,,
L103336,2025-03-01,,,,,,,,,,
L103337,2024-07-01,,,,,,,,,,
L103337,2024-08-01,,,,,,,,,,
L103337,2024-09-01,,,,,,,,,,
L103337,2024-10-01,,,,,,,,,,
L103337,2024-11-01,,,,,,,,,,
L103337,2024-12-01,,,,,,,,,,
L103341,2024-07-01,,,,,,,,,,
L103341,2024-08-01,,,,,,,,,,
L103341,2024-09-01,,,,,,,,,,
L103345,2024-07-01,,,,,,,,,,
L103345,2024-08-01,,,,,,,,,,
L103345,2024-09-01,,,,,,,,,,
L103345,2024-10-01,,,,,,,,,,
L103345,2024-11-01,,,,,,,,,,
L103345,2024-12-01,,,,,,,,,,
L103345,2025-01-01,,,,,,,,,,
L103345,2025-02-01,,,,,,,,,,
L103345,2025-03-01,,,,,,,,,,
L103345,2025-04-01,,,,,,,,,,
L103345,2025-05-01,,,,,,,,,,
L103347,2024-07-01,,,,,,,,,,
L103347,2024-08-01,,,,,,,,,,
L103347,2024-09-01,,,,,,,,,,
L103347,2024-10-01,,,,,,,,,,
L103347,2024-11-01,,,,,,,,,,
L103347,2024-12-01,,,,,,,,,,
L103347,2025-01-01,,,,,,,,,,
L103347,2025-02-01,,,,,,,,,,
L103347,2025-03-01,,,,,,,,,,
L103347,2025-04-01,,,,,,,,,,
L103347,2025-05-01,,,,,,,,,,
L103347,2025-06-01,,,,,,,,,,
L103347,2025-07-01,,,,,,,,,,
L103347,2025-08-01,,,,,,,,,,
L103347,2025-09-01,,,,,,,,,,
L103347,2025-10-01,,,,,,,,,,
L103348,2024-07-01,,,,,,,,,,
L103348,2024-08-01,,,,,,,,,,
L103348,2024-09-01,,,,,,,,,,
L103348,2024-10-01,,,,,,,,,,
L103348,2024-11-01,,,,,,,,,,
L103348,2024-12-01,,,,,,,,,,
L103348,2025-01-01,,,,,,,,,,
L103348,2025-02-01,,,,,,,,,,
L103348,2025-03-01,,,,,,,,,,
L103348,2025-04-01,,,,,,,,,,
L103348,2025-05-01,,,,,,,,,,
L103348,2025-06-01,,,,,,,,,,
L103348,2025-07-01,,,,,,,,,,
L103348,2025-08-01,,,,,,,,,,
L103348,2025-09-01,,,,,,,,,,
L103348,2025-10-01,,,,,,,,,,
L103348,2025-11-01,,,,,,,,,,
L103348,2025-12-01,,,,,,,,,,
L103348,2026-01-01,,,,,,,,,,
L103349,2024-07-01,,,,,,,,,,
L103349,2024-08-01,,,,,,,,,,
L103349,2024-09-01,,,,,,,,,,
L103349,2024-10-01,,,,,,,,,,
L103349,2024-11-01,,,,,,,,,,
L103349,2024-12-01,,,,,,,,,,
L103349,2025-01-01,,,,,,,,,,
L103349,2025-02-01,,,,,,,,,,
L103349,2025-03-01,,,,,,,,,,
L103349,2025-04-01,,,,,,,,,,
L103349,2025-05-01,,,,,,,,,,
L103349,2025-06-01,,,,,,,,,,
L103354,2024-07-01,,,,,,,,,,
L103354,2024-08-01,,,,,,,,,,
L103354,2024-09-01,,,,,,,,,,
L103354,2024-10-01,,,,,,,,,,
L103354,2024-11-01,,,,,,,,,,
L103354,2024-12-01,,,,,,,,,,
L103354,2025-01-01,,,,,,,,,,
L103354,2025-02-01,,,,,,,,,,
L103354,2025-03-01,,,,,,,,,,
L103354,2025-04-01,,,,,,,,,,
L103354,2025-05-01,,,,,,,,,,
L103354,2025-06-01,,,,,,,,,,
L103354,2025-07-01,,,,,,,,,,
L103354,2025-08-01,,,,,,,,,,
L103354,2025-09-01,,,,,,,,,,
L103354,2025-10-01,,,,,,,,,,
L103356,2024-07-01,,,,,,,,,,
L103356,2024-08-01,,,,,,,,,,
L103356,2024-09-01,,,,,,,,,,
L103356,2024-10-01,,,,,,,,,,
L103356,2024-11-01,,,,,,,,,,
L103356,2024-12-01,,,,,,,,,,
L103356,2025-01-01,,,,,,,,,,
L103356,2025-02-01,,,,,,,,,,
L103360,2024-07-01,,,,,,,,,,
L103360,2024-08-01,,,,,,,,,,
L103360,2024-09-01,,,,,,,,,,
L103360,2024-10-01,,,,,,,,,,
L103360,2024-11-01,,,,,,,,,,
L103360,2024-12-01,,,,,,,,,,
L103360,2025-01-01,,,,,,,,,,
L103360,2025-02-01,,,,,,,,,,
L103360,2025-03-01,,,,,,,,,,
L103360,2025-04-01,,,,,,,,,,
L103360,2025-05-01,,,,,,,,,,
L103360,2025-06-01,,,,,,,,,,
L103360,2025-07-01,,,,,,,,,,
L103360,2025-08-01,,,,,,,,,,
L103360,2025-09-01,,,,,,,,,,
L103360,2025-10-01,,,,,,,,,,
L103360,2025-11-01,,,,,,,,,,
L103360,2025-12-01,,,,,,,,,,
L103360,2026-01-01,,,,,,,,,,
L103360,2026-02-01,,,,,,,,,,
L103360,2026-03-01,,,,,,,,,,
L103360,2026-04-01,,,,,,,,,,
L103360,2026-05-01,,,,,,,,,,
L103370,2024-07-01,,,,,,,,,,
L103370,2024-08-01,,,,,,,,,,
L103374,2024-07-01,,,,,,,,,,
L103374,2024-08-01,,,,,,,,,,
L103374,2024-09-01,,,,,,,,,,
L103374,2024-10-01,,,,,,,,,,
L103374,2024-11-01,,,,,,,,,,
L103374,2024-12-01,,,,,,,,,,
L103374,2025-01-01,,,,,,,,,,
L103374,2025-02-01,,,,,,,,,,
L103374,2025-03-01,,,,,,,,,,
L103374,2025-04-01,,,,,,,,,,
L103374,2025-05-01,,,,,,,,,,
L103374,2025-06-01,,,,,,,,,,
L103374,2025-07-01,,,,,,,,,,
L103374,2025-08-01,,,,,,,,,,
L103374,2025-09-01,,,,,,,,,,
L103374,2025-10-01,,,,,,,,,,
L103374,2025-11-01,,,,,,,,,,
L103374,2025-12-01,,,,,,,,,,
L103374,2026-01-01,,,,,,,,,,
L103375,2024-07-01,,,,,,,,,,
L103375,2024-08-01,,,,,,,,,,
L103375,2024-09-01,,,,,,,,,,
L103375,2024-10-01,,,,,,,,,,
L103375,2024-11-01,,,,,,,,,,
L103375,2024-12-01,,,,,,,,,,
L103375,2025-01-01,,,,,,,,,,
L103378,2024-07-01,,,,,,,,,,
L103378,2024-08-01,,,,,,,,,,
L103379,2024-07-01,,,,,,,,,,
L103379,2024-08-01,,,,,,,,,,
L103379,2024-09-01,,,,,,,,,,
L103379,2024-10-01,,,,,,,,,,
L103379,2024-11-01,,,,,,,,,,
L103379,2024-12-01,,,,,,,,,,
L103379,2025-01-01,,,,,,,,,,
L103379,2025-02-01,,,,,,,,,,
L103379,2025-03-01,,,,,,,,,,
L103382,2024-07-01,,,,,,,,,,
L103382,2024-08-01,,,,,,,,,,
L103382,2024-09-01,,,,,,,,,,
L103382,2024-10-01,,,,,,,,,,
L103382,2024-11-01,,,,,,,,,,
L103382,2024-12-01,,,,,,,,,,
L103382,2025-01-01,,,,,,,,,,
L103382,2025-02-01,,,,,,,,,,
L103382,2025-03-01,,,,,,,,,,
L103382,2025-04-01,,,,,,,,,,
L103382,2025-05-01,,,,,,,,,,
L103382,2025-06-01,,,,,,,,,,
L103382,2025-07-01,,,,,,,,,,
L103382,2025-08-01,,,,,,,,,,
L103382,2025-09-01,,,,,,,,,,
L103382,2025-10-01,,,,,,,,,,
L103382,2025-11-01,,,,,,,,,,
L103382,2025-12-01,,,,,,,,,,
L103382,2026-01-01,,,,,,,,,,
L103382,2026-02-01,,,,,,,,,,
L103382,2026-03-01,,,,,,,,,,
L103382,2026-04-01,,,,,,,,,,
L103383,2024-07-01,,,,,,,,,,
L103383,2024-08-01,,,,,,,,,,
L103383,2024-09-01,,,,,,,,,,
L103383,2024-10-01,,,,,,,,,,
L103383,2024-11-01,,,,,,,,,,
L103383,2024-12-01,,,,,,,,,,
L103383,2025-01-01,,,,,,,,,,
L103383,2025-02-01,,,,,,,,,,
L103383,2025-03-01,,,,,,,,,,
L103383,2025-04-01,,,,,,,,,,
L103383,2025-05-01,,,,,,,,,,
L103383,2025-06-01,,,,,,,,,,
L103383,2025-07-01,,,,,,,,,,
L103385,2024-07-01,,,,,,,,,,
L103385,2024-08-01,,,,,,,,,,
L103385,2024-09-01,,,,,,,,,,
L103385,2024-10-01,,,,,,,,,,
L103385,2024-11-01,,,,,,,,,,
L103385,2024-12-01,,,,,,,,,,
L103385,2025-01-01,,,,,,,,,,
L103385,2025-02-01,,,,,,,,,,
L103385,2025-03-01,,,,,,,,,,
L103385,2025-04-01,,,,,,,,,,
L103386,2024-07-01,,,,,,,,,,
L103386,2024-08-01,,,,,,,,,,
L103386,2024-09-01,,,,,,,,,,
L103386,2024-10-01,,,,,,,,,,
L103386,2024-11-01,,,,,,,,,,
L103386,2024-12-01,,,,,,,,,,
L103386,2025-01-01,,,,,,,,,,
L103387,2024-07-01,,,,,,,,,,
L103387,2024-08-01,,,,,,,,,,
L103387,2024-09-01,,,,,,,,,,
L103387,2024-10-01,,,,,,,,,,
L103387,2024-11-01,,,,,,,,,,
L103387,2024-12-01,,,,,,,,,,
L103387,2025-01-01,,,,,,,,,,
L103387,2025-02-01,,,,,,,,,,
L103388,2024-07-01,,,,,,,,,,
L103388,2024-08-01,,,,,,,,,,
L103388,2024-09-01,,,,,,,,,,
L103389,2024-07-01,,,,,,,,,,
L103389,2024-08-01,,,,,,,,,,
L103389,2024-09-01,,,,,,,,,,
L103389,2024-10-01,,,,,,,,,,
L103389,2024-11-01,,,,,,,,,,
L103389,2024-12-01,,,,,,,,,,
L103389,2025-01-01,,,,,,,,,,
L103389,2025-02-01,,,,,,,,,,
L103389,2025-03-01,,,,,,,,,,
L103389,2025-04-01,,,,,,,,,,
L103389,2025-05-01,,,,,,,,,,
L103394,2024-07-01,,,,,,,,,,
L103394,2024-08-01,,,,,,,,,,
L103394,2024-09-01,,,,,,,,,,
L103394,2024-10-01,,,,,,,,,,
L103394,2024-11-01,,,,,,,,,,
L103394,2024-12-01,,,,,,,,,,
L103394,2025-01-01,,,,,,,,,,
L103394,2025-02-01,,,,,,,,,,
L103394,2025-03-01,,,,,,,,,,
L103394,2025-04-01,,,,,,,,,,
L103394,2025-05-01,,,,,,,,,,
L103395,2024-07-01,,,,,,,,,,
L103395,2024-08-01,,,,,,,,,,
L103395,2024-09-01,,,,,,,,,,
L103395,2024-10-01,,,,,,,,,,
L103395,2024-11-01,,,,,,,,,,
L103395,2024-12-01,,,,,,,,,,
L103395,2025-01-01,,,,,,,,,,
L103395,2025-02-01,,,,,,,,,,
L103395,2025-03-01,,,,,,,,,,
L103395,2025-04-01,,,,,,,,,,
L103395,2025-05-01,,,,,,,,,,
L103402,2024-07-01,,,,,,,,,,
L103402,2024-08-01,,,,,,,,,,
L103402,2024-09-01,,,,,,,,,,
L103402,2024-10-01,,,,,,,,,,
L103402,2024-11-01,,,,,,,,,,
L103402,2024-12-01,,,,,,,,,,
L103402,2025-01-01,,,,,,,,,,
L103402,2025-02-01,,,,,,,,,,
L103405,2024-07-01,,,,,,,,,,
L103405,2024-08-01,,,,,,,,,,
L103405,2024-09-01,,,,,,,,,,
L103405,2024-10-01,,,,,,,,,,
L103405,2024-11-01,,,,,,,,,,
L103405,2024-12-01,,,,,,,,,,
L103405,2025-01-01,,,,,,,,,,
L103405,2025-02-01,,,,,,,,,,
L103405,2025-03-01,,,,,,,,,,
L103405,2025-04-01,,,,,,,,,,
L103405,2025-05-01,,,,,,,,,,
L103405,2025-06-01,,,,,,,,,,
L103405,2025-07-01,,,,,,,,,,
L103405,2025-08-01,,,,,,,,,,
L103405,2025-09-01,,,,,,,,,,
L103405,2025-10-01,,,,,,,,,,
L103405,2025-11-01,,,,,,,,,,
L103405,2025-12-01,,,,,,,,,,
L103405,2026-01-01,,,,,,,,,,
L103407,2024-07-01,,,,,,,,,,
L103407,2024-08-01,,,,,,,,,,
L103407,2024-09-01,,,,,,,,,,
L103407,2024-10-01,,,,,,,,,,
L103407,2024-11-01,,,,,,,,,,
L103407,2024-12-01,,,,,,,,,,
L103407,2025-01-01,,,,,,,,,,
L103407,2025-02-01,,,,,,,,,,
L103407,2025-03-01,,,,,,,,,,
L103407,2025-04-01,,,,,,,,,,
L103408,2024-07-01,,,,,,,,,,
L103408,2024-08-01,,,,,,,,,,
L103408,2024-09-01,,,,,,,,,,
L103408,2024-10-01,,,,,,,,,,
L103408,2024-11-01,,,,,,,,,,
L103408,2024-12-01,,,,,,,,,,
L103408,2025-01-01,,,,,,,,,,
L103408,2025-02-01,,,,,,,,,,
L103408,2025-03-01,,,,,,,,,,
L103408,2025-04-01,,,,,,,,,,
L103410,2024-07-01,,,,,,,,,,
L103410,2024-08-01,,,,,,,,,,
L103410,2024-09-01,,,,,,,,,,
L103410,2024-10-01,,,,,,,,,,
L103410,2024-11-01,,,,,,,,,,
L103410,2024-12-01,,,,,,,,,,
L103410,2025-01-01,,,,,,,,,,
L103410,2025-02-01,,,,,,,,,,
L103410,2025-03-01,,,,,,,,,,
L103413,2024-07-01,,,,,,,,,,
L103413,2024-08-01,,,,,,,,,,
L103413,2024-09-01,,,,,,,,,,
L103413,2024-10-01,,,,,,,,,,
L103413,2024-11-01,,,,,,,,,,
L103413,2024-12-01,,,,,,,,,,
L103413,2025-01-01,,,,,,,,,,
L103413,2025-02-01,,,,,,,,,,
L103413,2025-03-01,,,,,,,,,,
L103413,2025-04-01,,,,,,,,,,
L103413,2025-05-01,,,,,,,,,,
L103415,2024-07-01,,,,,,,,,,
L103415,2024-08-01,,,,,,,,,,
L103415,2024-09-01,,,,,,,,,,
L103415,2024-10-01,,,,,,,,,,
L103415,2024-11-01,,,,,,,,,,
L103415,2024-12-01,,,,,,,,,,
L103416,2024-07-01,,,,,,,,,,
L103416,2024-08-01,,,,,,,,,,
L103416,2024-09-01,,,,,,,,,,
L103416,2024-10-01,,,,,,,,,,
L103416,2024-11-01,,,,,,,,,,
L103416,2024-12-01,,,,,,,,,,
L103416,2025-01-01,,,,,,,,,,
L103416,2025-02-01,,,,,,,,,,
L103416,2025-03-01,,,,,,,,,,
L103416,2025-04-01,,,,,,,,,,
L103416,2025-05-01,,,,,,,,,,
L103416,2025-06-01,,,,,,,,,,
L103416,2025-07-01,,,,,,,,,,
L103416,2025-08-01,,,,,,,,,,
L103416,2025-09-01,,,,,,,,,,
L103416,2025-10-01,,,,,,,,,,
L103416,2025-11-01,,,,,,,,,,
L103418,2024-07-01,,,,,,,,,,
L103418,2024-08-01,,,,,,,,,,
L103418,2024-09-01,,,,,,,,,,
L103418,2024-10-01,,,,,,,,,,
L103418,2024-11-01,,,,,,,,,,
L103420,2024-07-01,,,,,,,,,,
L103420,2024-08-01,,,,,,,,,,
L103420,2024-09-01,,,,,,,,,,
L103420,2024-10-01,,,,,,,,,,
L103420,2024-11-01,,,,,,,,,,
L103420,2024-12-01,,,,,,,,,,
L103420,2025-01-01,,,,,,,,,,
L103420,2025-02-01,,,,,,,,,,
L103420,2025-03-01,,,,,,,,,,
L103420,2025-04-01,,,,,,,,,,
L103421,2024-07-01,,,,,,,,,,
L103421,2024-08-01,,,,,,,,,,
L103421,2024-09-01,,,,,,,,,,
L103421,2024-10-01,,,,,,,,,,
L103421,2024-11-01,,,,,,,,,,
L103421,2024-12-01,,,,,,,,,,
L103421,2025-01-01,,,,,,,,,,
L103421,2025-02-01,,,,,,,,,,
L103421,2025-03-01,,,,,,,,,,
L103421,2025-04-01,,,,,,,,,,
L103421,2025-05-01,,,,,,,,,,
L103421,2025-06-01,,,,,,,,,,
L103421,2025-07-01,,,,,,,,,,
L103421,2025-08-01,,,,,,,,,,
L103421,2025-09-01,,,,,,,,,,
L103421,2025-10-01,,,,,,,,,,
L103421,2025-11-01,,,,,,,,,,
L103421,2025-12-01,,,,,,,,,,
L103421,2026-01-01,,,,,,,,,,
L103429,2024-07-01,,,,,,,,,,
L103429,2024-08-01,,,,,,,,,,
L103429,2024-09-01,,,,,,,,,,
L103434,2024-07-01,,,,,,,,,,
L103434,2024-08-01,,,,,,,,,,
L103434,2024-09-01,,,,,,,,,,
L103434,2024-10-01,,,,,,,,,,
L103434,2024-11-01,,,,,,,,,,
L103434,2024-12-01,,,,,,,,,,
L103434,2025-01-01,,,,,,,,,,
L103434,2025-02-01,,,,,,,,,,
L103434,2025-03-01,,,,,,,,,,
L103434,2025-04-01,,,,,,,,,,
L103434,2025-05-01,,,,,,,,,,
L103434,2025-06-01,,,,,,,,,,
L103434,2025-07-01,,,,,,,,,,
L103434,2025-08-01,,,,,,,,,,
L103434,2025-09-01,,,,,,,,,,
L103434,2025-10-01,,,,,,,,,,
L103434,2025-11-01,,,,,,,,,,
L103434,2025-12-01,,,,,,,,,,
L103434,2026-01-01,,,,,,,,,,
L103434,2026-02-01,,,,,,,,,,
L103437,2024-07-01,,,,,,,,,,
L103437,2024-08-01,,,,,,,,,,
L103437,2024-09-01,,,,,,,,,,
L103437,2024-10-01,,,,,,,,,,
L103437,2024-11-01,,,,,,,,,,
L103437,2024-12-01,,,,,,,,,,
L103437,2025-01-01,,,,,,,,,,
L103437,2025-02-01,,,,,,,,,,
L103437,2025-03-01,,,,,,,,,,
L103437,2025-04-01,,,,,,,,,,
L103437,2025-05-01,,,,,,,,,,
L103437,2025-06-01,,,,,,,,,,
L103437,2025-07-01,,,,,,,,,,
L103437,2025-08-01,,,,,,,,,,
L103437,2025-09-01,,,,,,,,,,
L103437,2025-10-01,,,,,,,,,,
L103437,2025-11-01,,,,,,,,,,
L103437,2025-12-01,,,,,,,,,,
L103437,2026-01-01,,,,,,,,,,
L103437,2026-02-01,,,,,,,,,,
L103437,2026-03-01,,,,,,,,,,
L103440,2024-07-01,,,,,,,,,,
L103440,2024-08-01,,,,,,,,,,
L103442,2024-07-01,,,,,,,,,,
L103442,2024-08-01,,,,,,,,,,
L103442,2024-09-01,,,,,,,,,,
L103442,2024-10-01,,,,,,,,,,
L103442,2024-11-01,,,,,,,,,,
L103442,2024-12-01,,,,,,,,,,
L103447,2024-07-01,,,,,,,,,,
L103447,2024-08-01,,,,,,,,,,
L103447,2024-09-01,,,,,,,,,,
L103447,2024-10-01,,,,,,,,,,
L103447,2024-11-01,,,,,,,,,,
L103447,2024-12-01,,,,,,,,,,
L103447,2025-01-01,,,,,,,,,,
L103447,2025-02-01,,,,,,,,,,
L103447,2025-03-01,,,,,,,,,,
L103447,2025-04-01,,,,,,,,,,
L103447,2025-05-01,,,,,,,,,,
L103447,2025-06-01,,,,,,,,,,
L103447,2025-07-01,,,,,,,,,,
L103447,2025-08-01,,,,,,,,,,
L103447,2025-09-01,,,,,,,,,,
L103447,2025-10-01,,,,,,,,,,
L103447,2025-11-01,,,,,,,,,,
L103456,2024-07-01,,,,,,,,,,
L103456,2024-08-01,,,,,,,,,,
L103456,2024-09-01,,,,,,,,,,
L103456,2024-10-01,,,,,,,,,,
L103456,2024-11-01,,,,,,,,,,
L103456,2024-12-01,,,,,,,,,,
L103456,2025-01-01,,,,,,,,,,
L103456,2025-02-01,,,,,,,,,,
L103456,2025-03-01,,,,,,,,,,
L103456,2025-04-01,,,,,,,,,,
L103456,2025-05-01,,,,,,,,,,
L103456,2025-06-01,,,,,,,,,,
L103456,2025-07-01,,,,,,,,,,
L103456,2025-08-01,,,,,,,,,,
L103456,2025-09-01,,,,,,,,,,
L103456,2025-10-01,,,,,,,,,,
L103459,2024-07-01,,,,,,,,,,
L103459,2024-08-01,,,,,,,,,,
L103459,2024-09-01,,,,,,,,,,
L103459,2024-10-01,,,,,,,,,,
L103460,2024-07-01,,,,,,,,,,
L103460,2024-08-01,,,,,,,,,,
L103460,2024-09-01,,,,,,,,,,
L103460,2024-10-01,,,,,,,,,,
L103460,2024-11-01,,,,,,,,,,
L103460,2024-12-01,,,,,,,,,,
L103460,2025-01-01,,,,,,,,,,
L103460,2025-02-01,,,,,,,,,,
L103460,2025-03-01,,,,,,,,,,
L103460,2025-04-01,,,,,,,,,,
L103460,2025-05-01,,,,,,,,,,
L103460,2025-06-01,,,,,,,,,,
L103460,2025-07-01,,,,,,,,,,
L103460,2025-08-01,,,,,,,,,,
L103460,2025-09-01,,,,,,,,,,
L103460,2025-10-01,,,,,,,,,,
L103460,2025-11-01,,,,,,,,,,
L103460,2025-12-01,,,,,,,,,,
L103460,2026-01-01,,,,,,,,,,
L103460,2026-02-01,,,,,,,,,,
L103466,2024-07-01,,,,,,,,,,
L103466,2024-08-01,,,,,,,,,,
L103466,2024-09-01,,,,,,,,,,
L103466,2024-10-01,,,,,,,,,,
L103466,2024-11-01,,,,,,,,,,
L103466,2024-12-01,,,,,,,,,,
L103466,2025-01-01,,,,,,,,,,
L103466,2025-02-01,,,,,,,,,,
L103466,2025-03-01,,,,,,,,,,
L103466,2025-04-01,,,,,,,,,,
L103466,2025-05-01,,,,,,,,,,
L103466,2025-06-01,,,,,,,,,,
L103468,2024-07-01,,,,,,,,,,
L103468,2024-08-01,,,,,,,,,,
L103468,2024-09-01,,,,,,,,,,
L103468,2024-10-01,,,,,,,,,,
L103468,2024-11-01,,,,,,,,,,
L103468,2024-12-01,,,,,,,,,,
L103468,2025-01-01,,,,,,,,,,
L103468,2025-02-01,,,,,,,,,,
L103468,2025-03-01,,,,,,,,,,
L103468,2025-04-01,,,,,,,,,,
L103468,2025-05-01,,,,,,,,,,
L103468,2025-06-01,,,,,,,,,,
L103468,2025-07-01,,,,,,,,,,
L103468,2025-08-01,,,,,,,,,,
L103468,2025-09-01,,,,,,,,,,
L103468,2025-10-01,,,,,,,,,,
L103469,2024-07-01,,,,,,,,,,
L103469,2024-08-01,,,,,,,,,,
L103469,2024-09-01,,,,,,,,,,
L103469,2024-10-01,,,,,,,,,,
L103469,2024-11-01,,,,,,,,,,
L103469,2024-12-01,,,,,,,,,,
L103469,2025-01-01,,,,,,,,,,
L103469,2025-02-01,,,,,,,,,,
L103469,2025-03-01,,,,,,,,,,
L103469,2025-04-01,,,,,,,,,,
L103469,2025-05-01,,,,,,,,,,
L103469,2025-06-01,,,,,,,,,,
L103469,2025-07-01,,,,,,,,,,
L103469,2025-08-01,,,,,,,,,,
L103469,2025-09-01,,,,,,,,,,
L103469,2025-10-01,,,,,,,,,,
L103469,2025-11-01,,,,,,,,,,
L103469,2025-12-01,,,,,,,,,,
L103469,2026-01-01,,,,,,,,,,
L103469,2026-02-01,,,,,,,,,,
L103471,2024-07-01,,,,,,,,,,
L103471,2024-08-01,,,,,,,,,,
L103471,2024-09-01,,,,,,,,,,
L103471,2024-10-01,,,,,,,,,,
L103471,2024-11-01,,,,,,,,,,
L103471,2024-12-01,,,,,,,,,,
L103471,2025-01-01,,,,,,,,,,
L103471,2025-02-01,,,,,,,,,,
L103471,2025-03-01,,,,,,,,,,
L103471,2025-04-01,,,,,,,,,,
L103471,2025-05-01,,,,,,,,,,
L103471,2025-06-01,,,,,,,,,,
L103471,2025-07-01,,,,,,,,,,
L103471,2025-08-01,,,,,,,,,,
L103471,2025-09-01,,,,,,,,,,
L103471,2025-10-01,,,,,,,,,,
L103471,2025-11-01,,,,,,,,,,
L103471,2025-12-01,,,,,,,,,,
L103471,2026-01-01,,,,,,,,,,
L103471,2026-02-01,,,,,,,,,,
L103471,2026-03-01,,,,,,,,,,
L103472,2024-07-01,,,,,,,,,,
L103472,2024-08-01,,,,,,,,,,
L103472,2024-09-01,,,,,,,,,,
L103472,2024-10-01,,,,,,,,,,
L103472,2024-11-01,,,,,,,,,,
L103474,2024-07-01,,,,,,,,,,
L103474,2024-08-01,,,,,,,,,,
L103474,2024-09-01,,,,,,,,,,
L103474,2024-10-01,,,,,,,,,,
L103474,2024-11-01,,,,,,,,,,
L103474,2024-12-01,,,,,,,,,,
L103474,2025-01-01,,,,,,,,,,
L103474,2025-02-01,,,,,,,,,,
L103474,2025-03-01,,,,,,,,,,
L103474,2025-04-01,,,,,,,,,,
L103474,2025-05-01,,,,,,,,,,
L103474,2025-06-01,,,,,,,,,,
L103474,2025-07-01,,,,,,,,,,
L103474,2025-08-01,,,,,,,,,,
L103474,2025-09-01,,,,,,,,,,
L103474,2025-10-01,,,,,,,,,,
L103474,2025-11-01,,,,,,,,,,
L103474,2025-12-01,,,,,,,,,,
L103474,2026-01-01,,,,,,,,,,
L103474,2026-02-01,,,,,,,,,,
L103474,2026-03-01,,,,,,,,,,
L103474,2026-04-01,,,,,,,,,,
L103474,2026-05-01,,,,,,,,,,
L103475,2024-07-01,,,,,,,,,,
L103475,2024-08-01,,,,,,,,,,
L103475,2024-09-01,,,,,,,,,,
L103475,2024-10-01,,,,,,,,,,
L103475,2024-11-01,,,,,,,,,,
L103475,2024-12-01,,,,,,,,,,
L103475,2025-01-01,,,,,,,,,,
L103475,2025-02-01,,,,,,,,,,
L103477,2024-07-01,,,,,,,,,,
L103477,2024-08-01,,,,,,,,,,
L103477,2024-09-01,,,,,,,,,,
L103477,2024-10-01,,,,,,,,,,
L103482,2024-07-01,,,,,,,,,,
L103482,2024-08-01,,,,,,,,,,
L103482,2024-09-01,,,,,,,,,,
L103482,2024-10-01,,,,,,,,,,
L103482,2024-11-01,,,,,,,,,,
L103482,2024-12-01,,,,,,,,,,
L103482,2025-01-01,,,,,,,,,,
L103482,2025-02-01,,,,,,,,,,
L103482,2025-03-01,,,,,,,,,,
L103482,2025-04-01,,,,,,,,,,
L103482,2025-05-01,,,,,,,,,,
L103482,2025-06-01,,,,,,,,,,
L103482,2025-07-01,,,,,,,,,,
L103482,2025-08-01,,,,,,,,,,
L103482,2025-09-01,,,,,,,,,,
L103482,2025-10-01,,,,,,,,,,
L103485,2024-07-01,,,,,,,,,,
L103485,2024-08-01,,,,,,,,,,
L103485,2024-09-01,,,,,,,,,,
L103485,2024-10-01,,,,,,,,,,
L103485,2024-11-01,,,,,,,,,,
L103500,2024-07-01,,,,,,,,,,
L103500,2024-08-01,,,,,,,,,,
L103500,2024-09-01,,,,,,,,,,
L103500,2024-10-01,,,,,,,,,,
L103500,2024-11-01,,,,,,,,,,
L103500,2024-12-01,,,,,,,,,,
L103500,2025-01-01,,,,,,,,,,
L103500,2025-02-01,,,,,,,,,,
L103500,2025-03-01,,,,,,,,,,
L103500,2025-04-01,,,,,,,,,,
L103502,2024-07-01,,,,,,,,,,
L103502,2024-08-01,,,,,,,,,,
L103502,2024-09-01,,,,,,,,,,
L103504,2024-07-01,,,,,,,,,,
L103504,2024-08-01,,,,,,,,,,
L103504,2024-09-01,,,,,,,,,,
L103504,2024-10-01,,,,,,,,,,
L103504,2024-11-01,,,,,,,,,,
L103504,2024-12-01,,,,,,,,,,
L103504,2025-01-01,,,,,,,,,,
L103504,2025-02-01,,,,,,,,,,
L103504,2025-03-01,,,,,,,,,,
L103511,2024-07-01,,,,,,,,,,
L103514,2024-07-01,,,,,,,,,,
L103514,2024-08-01,,,,,,,,,,
L103514,2024-09-01,,,,,,,,,,
L103514,2024-10-01,,,,,,,,,,
L103514,2024-11-01,,,,,,,,,,
L103514,2024-12-01,,,,,,,,,,
L103514,2025-01-01,,,,,,,,,,
L103514,2025-02-01,,,,,,,,,,
L103514,2025-03-01,,,,,,,,,,
L103514,2025-04-01,,,,,,,,,,
L103514,2025-05-01,,,,,,,,,,
L103514,2025-06-01,,,,,,,,,,
L103514,2025-07-01,,,,,,,,,,
L103514,2025-08-01,,,,,,,,,,
L103514,2025-09-01,,,,,,,,,,
L103514,2025-10-01,,,,,,,,,,
L103514,2025-11-01,,,,,,,,,,
L103514,2025-12-01,,,,,,,,,,
L103514,2026-01-01,,,,,,,,,,
L103514,2026-02-01,,,,,,,,,,
L103514,2026-03-01,,,,,,,,,,
L103516,2024-07-01,,,,,,,,,,
L103516,2024-08-01,,,,,,,,,,
L103516,2024-09-01,,,,,,,,,,
L103516,2024-10-01,,,,,,,,,,
L103516,2024-11-01,,,,,,,,,,
L103516,2024-12-01,,,,,,,,,,
L103516,2025-01-01,,,,,,,,,,
L103516,2025-02-01,,,,,,,,,,
L103516,2025-03-01,,,,,,,,,,
L103516,2025-04-01,,,,,,,,,,
L103516,2025-05-01,,,,,,,,,,
L103516,2025-06-01,,,,,,,,,,
L103516,2025-07-01,,,,,,,,,,
L103516,2025-08-01,,,,,,,,,,
L103516,2025-09-01,,,,,,,,,,
L103523,2024-07-01,,,,,,,,,,
L103523,2024-08-01,,,,,,,,,,
L103523,2024-09-01,,,,,,,,,,
L103523,2024-10-01,,,,,,,,,,
L103523,2024-11-01,,,,,,,,,,
L103523,2024-12-01,,,,,,,,,,
L103523,2025-01-01,,,,,,,,,,
L103523,2025-02-01,,,,,,,,,,
L103523,2025-03-01,,,,,,,,,,
L103523,2025-04-01,,,,,,,,,,
L103523,2025-05-01,,,,,,,,,,
L103523,2025-06-01,,,,,,,,,,
L103523,2025-07-01,,,,,,,,,,
L103523,2025-08-01,,,,,,,,,,
L103523,2025-09-01,,,,,,,,,,
L103523,2025-10-01,,,,,,,,,,
L103523,2025-11-01,,,,,,,,,,
L103523,2025-12-01,,,,,,,,,,
L103523,2026-01-01,,,,,,,,,,
L103523,2026-02-01,,,,,,,,,,
L103523,2026-03-01,,,,,,,,,,
L103523,2026-04-01,,,,,,,,,,
L103527,2024-07-01,,,,,,,,,,
L103527,2024-08-01,,,,,,,,,,
L103527,2024-09-01,,,,,,,,,,
L103527,2024-10-01,,,,,,,,,,
L103527,2024-11-01,,,,,,,,,,
L103527,2024-12-01,,,,,,,,,,
L103527,2025-01-01,,,,,,,,,,
L103527,2025-02-01,,,,,,,,,,
L103527,2025-03-01,,,,,,,,,,
L103527,2025-04-01,,,,,,,,,,
L103527,2025-05-01,,,,,,,,,,
L103531,2024-07-01,,,,,,,,,,
L103531,2024-08-01,,,,,,,,,,
L103531,2024-09-01,,,,,,,,,,
L103531,2024-10-01,,,,,,,,,,
L103531,2024-11-01,,,,,,,,,,
L103531,2024-12-01,,,,,,,,,,
L103531,2025-01-01,,,,,,,,,,
L103531,2025-02-01,,,,,,,,,,
L103531,2025-03-01,,,,,,,,,,
L103531,2025-04-01,,,,,,,,,,
L103536,2024-07-01,,,,,,,,,,
L103536,2024-08-01,,,,,,,,,,
L103536,2024-09-01,,,,,,,,,,
L103536,2024-10-01,,,,,,,,,,
L103536,2024-11-01,,,,,,,,,,
L103536,2024-12-01,,,,,,,,,,
L103536,2025-01-01,,,,,,,,,,
L103536,2025-02-01,,,,,,,,,,
L103536,2025-03-01,,,,,,,,,,
L103536,2025-04-01,,,,,,,,,,
L103536,2025-05-01,,,,,,,,,,
L103536,2025-06-01,,,,,,,,,,
L103536,2025-07-01,,,,,,,,,,
L103536,2025-08-01,,,,,,,,,,
L103536,2025-09-01,,,,,,,,,,
L103536,2025-10-01,,,,,,,,,,
L103536,2025-11-01,,,,,,,,,,
L103536,2025-12-01,,,,,,,,,,
L103536,2026-01-01,,,,,,,,,,
L103537,2024-07-01,,,,,,,,,,
L103537,2024-08-01,,,,,,,,,,
L103537,2024-09-01,,,,,,,,,,
L103537,2024-10-01,,,,,,,,,,
L103537,2024-11-01,,,,,,,,,,
L103537,2024-12-01,,,,,,,,,,
L103537,2025-01-01,,,,,,,,,,
L103537,2025-02-01,,,,,,,,,,
L103537,2025-03-01,,,,,,,,,,
L103537,2025-04-01,,,,,,,,,,
L103537,2025-05-01,,,,,,,,,,
L103537,2025-06-01,,,,,,,,,,
L103537,2025-07-01,,,,,,,,,,
L103538,2024-07-01,,,,,,,,,,
L103538,2024-08-01,,,,,,,,,,
L103538,2024-09-01,,,,,,,,,,
L103538,2024-10-01,,,,,,,,,,
L103538,2024-11-01,,,,,,,,,,
L103538,2024-12-01,,,,,,,,,,
L103538,2025-01-01,,,,,,,,,,
L103538,2025-02-01,,,,,,,,,,
L103538,2025-03-01,,,,,,,,,,
L103538,2025-04-01,,,,,,,,,,
L103538,2025-05-01,,,,,,,,,,
L103538,2025-06-01,,,,,,,,,,
L103538,2025-07-01,,,,,,,,,,
L103538,2025-08-01,,,,,,,,,,
L103538,2025-09-01,,,,,,,,,,
L103538,2025-10-01,,,,,,,,,,
L103538,2025-11-01,,,,,,,,,,
L103538,2025-12-01,,,,,,,,,,
L103541,2024-07-01,,,,,,,,,,
L103541,2024-08-01,,,,,,,,,,
L103541,2024-09-01,,,,,,,,,,
L103541,2024-10-01,,,,,,,,,,
L103541,2024-11-01,,,,,,,,,,
L103541,2024-12-01,,,,,,,,,,
L103541,2025-01-01,,,,,,,,,,
L103541,2025-02-01,,,,,,,,,,
L103541,2025-03-01,,,,,,,,,,
L103544,2024-07-01,,,,,,,,,,
L103544,2024-08-01,,,,,,,,,,
L103544,2024-09-01,,,,,,,,,,
L103544,2024-10-01,,,,,,,,,,
L103544,2024-11-01,,,,,,,,,,
L103544,2024-12-01,,,,,,,,,,
L103544,2025-01-01,,,,,,,,,,
L103544,2025-02-01,,,,,,,,,,
L103544,2025-03-01,,,,,,,,,,
L103544,2025-04-01,,,,,,,,,,
L103544,2025-05-01,,,,,,,,,,
L103544,2025-06-01,,,,,,,,,,
L103544,2025-07-01,,,,,,,,,,
L103544,2025-08-01,,,,,,,,,,
L103544,2025-09-01,,,,,,,,,,
L103544,2025-10-01,,,,,,,,,,
L103547,2024-07-01,,,,,,,,,,
L103547,2024-08-01,,,,,,,,,,
L103547,2024-09-01,,,,,,,,,,
L103547,2024-10-01,,,,,,,,,,
L103547,2024-11-01,,,,,,,,,,
L103547,2024-12-01,,,,,,,,,,
L103547,2025-01-01,,,,,,,,,,
L103547,2025-02-01,,,,,,,,,,
L103547,2025-03-01,,,,,,,,,,
L103547,2025-04-01,,,,,,,,,,
L103547,2025-05-01,,,,,,,,,,
L103547,2025-06-01,,,,,,,,,,
L103547,2025-07-01,,,,,,,,,,
L103547,2025-08-01,,,,,,,,,,
L103554,2024-07-01,,,,,,,,,,
L103554,2024-08-01,,,,,,,,,,
L103554,2024-09-01,,,,,,,,,,
L103554,2024-10-01,,,,,,,,,,
L103555,2024-07-01,,,,,,,,,,
L103567,2024-07-01,,,,,,,,,,
L103567,2024-08-01,,,,,,,,,,
L103567,2024-09-01,,,,,,,,,,
L103567,2024-10-01,,,,,,,,,,
L103567,2024-11-01,,,,,,,,,,
L103567,2024-12-01,,,,,,,,,,
L103570,2024-07-01,,,,,,,,,,
L103570,2024-08-01,,,,,,,,,,
L103570,2024-09-01,,,,,,,,,,
L103570,2024-10-01,,,,,,,,,,
L103570,2024-11-01,,,,,,,,,,
L103570,2024-12-01,,,,,,,,,,
L103570,2025-01-01,,,,,,,,,,
L103570,2025-02-01,,,,,,,,,,
L103570,2025-03-01,,,,,,,,,,
L103577,2024-07-01,,,,,,,,,,
L103577,2024-08-01,,,,,,,,,,
L103581,2024-07-01,,,,,,,,,,
L103581,2024-08-01,,,,,,,,,,
L103581,2024-09-01,,,,,,,,,,
L103581,2024-10-01,,,,,,,,,,
L103581,2024-11-01,,,,,,,,,,
L103581,2024-12-01,,,,,,,,,,
L103581,2025-01-01,,,,,,,,,,
L103581,2025-02-01,,,,,,,,,,
L103581,2025-03-01,,,,,,,,,,
L103581,2025-04-01,,,,,,,,,,
L103581,2025-05-01,,,,,,,,,,
L103581,2025-06-01,,,,,,,,,,
L103581,2025-07-01,,,,,,,,,,
L103581,2025-08-01,,,,,,,,,,
L103581,2025-09-01,,,,,,,,,,
L103581,2025-10-01,,,,,,,,,,
L103581,2025-11-01,,,,,,,,,,
L103581,2025-12-01,,,,,,,,,,
L103581,2026-01-01,,,,,,,,,,
L103581,2026-02-01,,,,,,,,,,
L103584,2024-07-01,,,,,,,,,,
L103584,2024-08-01,,,,,,,,,,
L103584,2024-09-01,,,,,,,,,,
L103584,2024-10-01,,,,,,,,,,
L103584,2024-11-01,,,,,,,,,,
L103584,2024-12-01,,,,,,,,,,
L103584,2025-01-01,,,,,,,,,,
L103584,2025-02-01,,,,,,,,,,
L103584,2025-03-01,,,,,,,,,,
L103584,2025-04-01,,,,,,,,,,
L103584,2025-05-01,,,,,,,,,,
L103585,2024-07-01,,,,,,,,,,
L103585,2024-08-01,,,,,,,,,,
L103585,2024-09-01,,,,,,,,,,
L103585,2024-10-01,,,,,,,,,,
L103585,2024-11-01,,,,,,,,,,
L103585,2024-12-01,,,,,,,,,,
L103585,2025-01-01,,,,,,,,,,
L103585,2025-02-01,,,,,,,,,,
L103585,2025-03-01,,,,,,,,,,
L103585,2025-04-01,,,,,,,,,,
L103585,2025-05-01,,,,,,,,,,
L103588,2024-07-01,,,,,,,,,,
L103588,2024-08-01,,,,,,,,,,
L103588,2024-09-01,,,,,,,,,,
L103588,2024-10-01,,,,,,,,,,
L103588,2024-11-01,,,,,,,,,,
L103588,2024-12-01,,,,,,,,,,
L103588,2025-01-01,,,,,,,,,,
L103588,2025-02-01,,,,,,,,,,
L103588,2025-03-01,,,,,,,,,,
L103588,2025-04-01,,,,,,,,,,
L103588,2025-05-01,,,,,,,,,,
L103588,2025-06-01,,,,,,,,,,
L103588,2025-07-01,,,,,,,,,,
L103588,2025-08-01,,,,,,,,,,
L103588,2025-09-01,,,,,,,,,,
L103588,2025-10-01,,,,,,,,,,
L103588,2025-11-01,,,,,,,,,,
L103588,2025-12-01,,,,,,,,,,
L103588,2026-01-01,,,,,,,,,,
L103588,2026-02-01,,,,,,,,,,
L103588,2026-03-01,,,,,,,,,,
L103589,2024-07-01,,,,,,,,,,
L103589,2024-08-01,,,,,,,,,,
L103589,2024-09-01,,,,,,,,,,
L103589,2024-10-01,,,,,,,,,,
L103589,2024-11-01,,,,,,,,,,
L103589,2024-12-01,,,,,,,,,,
L103589,2025-01-01,,,,,,,,,,
L103589,2025-02-01,,,,,,,,,,
L103589,2025-03-01,,,,,,,,,,
L103589,2025-04-01,,,,,,,,,,
L103590,2024-07-01,,,,,,,,,,
L103590,2024-08-01,,,,,,,,,,
L103590,2024-09-01,,,,,,,,,,
L103590,2024-10-01,,,,,,,,,,
L103590,2024-11-01,,,,,,,,,,
L103590,2024-12-01,,,,,,,,,,
L103590,2025-01-01,,,,,,,,,,
L103590,2025-02-01,,,,,,,,,,
L103590,2025-03-01,,,,,,,,,,
L103590,2025-04-01,,,,,,,,,,
L103590,2025-05-01,,,,,,,,,,
L103590,2025-06-01,,,,,,,,,,
L103590,2025-07-01,,,,,,,,,,
L103590,2025-08-01,,,,,,,,,,
L103590,2025-09-01,,,,,,,,,,
L103590,2025-10-01,,,,,,,,,,
L103590,2025-11-01,,,,,,,,,,
L103590,2025-12-01,,,,,,,,,,
L103590,2026-01-01,,,,,,,,,,
L103591,2024-07-01,,,,,,,,,,
L103591,2024-08-01,,,,,,,,,,
L103591,2024-09-01,,,,,,,,,,
L103591,2024-10-01,,,,,,,,,,
L103591,2024-11-01,,,,,,,,,,
L103591,2024-12-01,,,,,,,,,,
L103591,2025-01-01,,,,,,,,,,
L103591,2025-02-01,,,,,,,,,,
L103591,2025-03-01,,,,,,,,,,
L103593,2024-07-01,,,,,,,,,,
L103593,2024-08-01,,,,,,,,,,
L103593,2024-09-01,,,,,,,,,,
L103593,2024-10-01,,,,,,,,,,
L103593,2024-11-01,,,,,,,,,,
L103593,2024-12-01,,,,,,,,,,
L103593,2025-01-01,,,,,,,,,,
L103593,2025-02-01,,,,,,,,,,
L103593,2025-03-01,,,,,,,,,,
L103593,2025-04-01,,,,,,,,,,
L103593,2025-05-01,,,,,,,,,,
L103593,2025-06-01,,,,,,,,,,
L103593,2025-07-01,,,,,,,,,,
L103593,2025-08-01,,,,,,,,,,
L103593,2025-09-01,,,,,,,,,,
L103593,2025-10-01,,,,,,,,,,
L103594,2024-07-01,,,,,,,,,,
L103594,2024-08-01,,,,,,,,,,
L103594,2024-09-01,,,,,,,,,,
L103594,2024-10-01,,,,,,,,,,
L103594,2024-11-01,,,,,,,,,,
L103594,2024-12-01,,,,,,,,,,
L103594,2025-01-01,,,,,,,,,,
L103594,2025-02-01,,,,,,,,,,
L103594,2025-03-01,,,,,,,,,,
L103594,2025-04-01,,,,,,,,,,
L103595,2024-07-01,,,,,,,,,,
L103595,2024-08-01,,,,,,,,,,
L103595,2024-09-01,,,,,,,,,,
L103595,2024-10-01,,,,,,,,,,
L103595,2024-11-01,,,,,,,,,,
L103597,2024-07-01,,,,,,,,,,
L103597,2024-08-01,,,,,,,,,,
L103597,2024-09-01,,,,,,,,,,
L103597,2024-10-01,,,,,,,,,,
L103597,2024-11-01,,,,,,,,,,
L103597,2024-12-01,,,,,,,,,,
L103597,2025-01-01,,,,,,,,,,
L103597,2025-02-01,,,,,,,,,,
L103597,2025-03-01,,,,,,,,,,
L103597,2025-04-01,,,,,,,,,,
L103597,2025-05-01,,,,,,,,,,
L103597,2025-06-01,,,,,,,,,,
L103597,2025-07-01,,,,,,,,,,
L103597,2025-08-01,,,,,,,,,,
L103597,2025-09-01,,,,,,,,,,
L103597,2025-10-01,,,,,,,,,,
L103597,2025-11-01,,,,,,,,,,
L103597,2025-12-01,,,,,,,,,,
L103597,2026-01-01,,,,,,,,,,
L103598,2024-07-01,,,,,,,,,,
L103598,2024-08-01,,,,,,,,,,
L103598,2024-09-01,,,,,,,,,,
L103598,2024-10-01,,,,,,,,,,
L103598,2024-11-01,,,,,,,,,,
L103598,2024-12-01,,,,,,,,,,
L103598,2025-01-01,,,,,,,,,,
L103598,2025-02-01,,,,,,,,,,
L103598,2025-03-01,,,,,,,,,,
L103598,2025-04-01,,,,,,,,,,
L103598,2025-05-01,,,,,,,,,,
L103598,2025-06-01,,,,,,,,,,
L103598,2025-07-01,,,,,,,,,,
L103598,2025-08-01,,,,,,,,,,
L103598,2025-09-01,,,,,,,,,,
L103598,2025-10-01,,,,,,,,,,
L103598,2025-11-01,,,,,,,,,,
L103598,2025-12-01,,,,,,,,,,
L103599,2024-07-01,,,,,,,,,,
L103599,2024-08-01,,,,,,,,,,
L103599,2024-09-01,,,,,,,,,,
L103599,2024-10-01,,,,,,,,,,
L103599,2024-11-01,,,,,,,,,,
L103599,2024-12-01,,,,,,,,,,
L103599,2025-01-01,,,,,,,,,,
L103599,2025-02-01,,,,,,,,,,
L103599,2025-03-01,,,,,,,,,,
L103599,2025-04-01,,,,,,,,,,
L103599,2025-05-01,,,,,,,,,,
L103599,2025-06-01,,,,,,,,,,
L103599,2025-07-01,,,,,,,,,,
L103599,2025-08-01,,,,,,,,,,
L103599,2025-09-01,,,,,,,,,,
L103599,2025-10-01,,,,,,,,,,
L103604,2024-07-01,,,,,,,,,,
L103604,2024-08-01,,,,,,,,,,
L103604,2024-09-01,,,,,,,,,,
L103604,2024-10-01,,,,,,,,,,
L103604,2024-11-01,,,,,,,,,,
L103604,2024-12-01,,,,,,,,,,
L103604,2025-01-01,,,,,,,,,,
L103604,2025-02-01,,,,,,,,,,
L103604,2025-03-01,,,,,,,,,,
L103604,2025-04-01,,,,,,,,,,
L103604,2025-05-01,,,,,,,,,,
L103606,2024-07-01,,,,,,,,,,
L103606,2024-08-01,,,,,,,,,,
L103606,2024-09-01,,,,,,,,,,
L103606,2024-10-01,,,,,,,,,,
L103606,2024-11-01,,,,,,,,,,
L103606,2024-12-01,,,,,,,,,,
L103606,2025-01-01,,,,,,,,,,
L103606,2025-02-01,,,,,,,,,,
L103606,2025-03-01,,,,,,,,,,
L103606,2025-04-01,,,,,,,,,,
L103606,2025-05-01,,,,,,,,,,
L103606,2025-06-01,,,,,,,,,,
L103606,2025-07-01,,,,,,,,,,
L103606,2025-08-01,,,,,,,,,,
L103606,2025-09-01,,,,,,,,,,
L103606,2025-10-01,,,,,,,,,,
L103606,2025-11-01,,,,,,,,,,
L103606,2025-12-01,,,,,,,,,,
L103606,2026-01-01,,,,,,,,,,
L103606,2026-02-01,,,,,,,,,,
L103606,2026-03-01,,,,,,,,,,
L103606,2026-04-01,,,,,,,,,,
L103607,2024-07-01,,,,,,,,,,
L103609,2024-07-01,,,,,,,,,,
L103609,2024-08-01,,,,,,,,,,
L103609,2024-09-01,,,,,,,,,,
L103609,2024-10-01,,,,,,,,,,
L103609,2024-11-01,,,,,,,,,,
L103609,2024-12-01,,,,,,,,,,
L103609,2025-01-01,,,,,,,,,,
L103609,2025-02-01,,,,,,,,,,
L103609,2025-03-01,,,,,,,,,,
L103609,2025-04-01,,,,,,,,,,
L103609,2025-05-01,,,,,,,,,,
L103609,2025-06-01,,,,,,,,,,
L103609,2025-07-01,,,,,,,,,,
L103609,2025-08-01,,,,,,,,,,
L103609,2025-09-01,,,,,,,,,,
L103609,2025-10-01,,,,,,,,,,
L103609,2025-11-01,,,,,,,,,,
L103609,2025-12-01,,,,,,,,,,
L103609,2026-01-01,,,,,,,,,,
L103612,2024-07-01,,,,,,,,,,
L103612,2024-08-01,,,,,,,,,,
L103612,2024-09-01,,,,,,,,,,
L103612,2024-10-01,,,,,,,,,,
L103612,2024-11-01,,,,,,,,,,
L103612,2024-12-01,,,,,,,,,,
L103612,2025-01-01,,,,,,,,,,
L103612,2025-02-01,,,,,,,,,,
L103612,2025-03-01,,,,,,,,,,
L103612,2025-04-01,,,,,,,,,,
L103612,2025-05-01,,,,,,,,,,
L103612,2025-06-01,,,,,,,,,,
L103612,2025-07-01,,,,,,,,,,
L103612,2025-08-01,,,,,,,,,,
L103612,2025-09-01,,,,,,,,,,
L103612,2025-10-01,,,,,,,,,,
L103612,2025-11-01,,,,,,,,,,
L103612,2025-12-01,,,,,,,,,,
L103612,2026-01-01,,,,,,,,,,
L103612,2026-02-01,,,,,,,,,,
L103612,2026-03-01,,,,,,,,,,
L103612,2026-04-01,,,,,,,,,,
L103613,2024-07-01,,,,,,,,,,
L103613,2024-08-01,,,,,,,,,,
L103613,2024-09-01,,,,,,,,,,
L103613,2024-10-01,,,,,,,,,,
L103613,2024-11-01,,,,,,,,,,
L103613,2024-12-01,,,,,,,,,,
L103613,2025-01-01,,,,,,,,,,
L103613,2025-02-01,,,,,,,,,,
L103613,2025-03-01,,,,,,,,,,
L103613,2025-04-01,,,,,,,,,,
L103613,2025-05-01,,,,,,,,,,
L103613,2025-06-01,,,,,,,,,,
L103613,2025-07-01,,,,,,,,,,
L103613,2025-08-01,,,,,,,,,,
L103613,2025-09-01,,,,,,,,,,
L103613,2025-10-01,,,,,,,,,,
L103613,2025-11-01,,,,,,,,,,
L103613,2025-12-01,,,,,,,,,,
L103613,2026-01-01,,,,,,,,,,
L103613,2026-02-01,,,,,,,,,,
L103613,2026-03-01,,,,,,,,,,
L103616,2024-07-01,,,,,,,,,,
L103616,2024-08-01,,,,,,,,,,
L103616,2024-09-01,,,,,,,,,,
L103616,2024-10-01,,,,,,,,,,
L103616,2024-11-01,,,,,,,,,,
L103616,2024-12-01,,,,,,,,,,
L103616,2025-01-01,,,,,,,,,,
L103616,2025-02-01,,,,,,,,,,
L103616,2025-03-01,,,,,,,,,,
L103616,2025-04-01,,,,,,,,,,
L103621,2024-07-01,,,,,,,,,,
L103621,2024-08-01,,,,,,,,,,
L103621,2024-09-01,,,,,,,,,,
L103621,2024-10-01,,,,,,,,,,
L103621,2024-11-01,,,,,,,,,,
L103621,2024-12-01,,,,,,,,,,
L103621,2025-01-01,,,,,,,,,,
L103622,2024-07-01,,,,,,,,,,
L103622,2024-08-01,,,,,,,,,,
L103622,2024-09-01,,,,,,,,,,
L103622,2024-10-01,,,,,,,,,,
L103622,2024-11-01,,,,,,,,,,
L103622,2024-12-01,,,,,,,,,,
L103622,2025-01-01,,,,,,,,,,
L103622,2025-02-01,,,,,,,,,,
L103622,2025-03-01,,,,,,,,,,
L103622,2025-04-01,,,,,,,,,,
L103622,2025-05-01,,,,,,,,,,
L103624,2024-07-01,,,,,,,,,,
L103624,2024-08-01,,,,,,,,,,
L103624,2024-09-01,,,,,,,,,,
L103624,2024-10-01,,,,,,,,,,
L103624,2024-11-01,,,,,,,,,,
L103624,2024-12-01,,,,,,,,,,
L103624,2025-01-01,,,,,,,,,,
L103624,2025-02-01,,,,,,,,,,
L103624,2025-03-01,,,,,,,,,,
L103624,2025-04-01,,,,,,,,,,
L103624,2025-05-01,,,,,,,,,,
L103624,2025-06-01,,,,,,,,,,
L103624,2025-07-01,,,,,,,,,,
L103624,2025-08-01,,,,,,,,,,
L103624,2025-09-01,,,,,,,,,,
L103626,2024-07-01,,,,,,,,,,
L103626,2024-08-01,,,,,,,,,,
L103626,2024-09-01,,,,,,,,,,
L103626,2024-10-01,,,,,,,,,,
L103626,2024-11-01,,,,,,,,,,
L103626,2024-12-01,,,,,,,,,,
L103626,2025-01-01,,,,,,,,,,
L103626,2025-02-01,,,,,,,,,,
L103626,2025-03-01,,,,,,,,,,
L103626,2025-04-01,,,,,,,,,,
L103630,2024-07-01,,,,,,,,,,
L103630,2024-08-01,,,,,,,,,,
L103630,2024-09-01,,,,,,,,,,
L103630,2024-10-01,,,,,,,,,,
L103632,2024-07-01,,,,,,,,,,
L103632,2024-08-01,,,,,,,,,,
L103632,2024-09-01,,,,,,,,,,
L103632,2024-10-01,,,,,,,,,,
L103632,2024-11-01,,,,,,,,,,
L103632,2024-12-01,,,,,,,,,,
L103632,2025-01-01,,,,,,,,,,
L103632,2025-02-01,,,,,,,,,,
L103632,2025-03-01,,,,,,,,,,
L103632,2025-04-01,,,,,,,,,,
L103632,2025-05-01,,,,,,,,,,
L103632,2025-06-01,,,,,,,,,,
L103633,2024-07-01,,,,,,,,,,
L103633,2024-08-01,,,,,,,,,,
L103633,2024-09-01,,,,,,,,,,
L103633,2024-10-01,,,,,,,,,,
L103633,2024-11-01,,,,,,,,,,
L103633,2024-12-01,,,,,,,,,,
L103642,2024-07-01,,,,,,,,,,
L103642,2024-08-01,,,,,,,,,,
L103642,2024-09-01,,,,,,,,,,
L103642,2024-10-01,,,,,,,,,,
L103642,2024-11-01,,,,,,,,,,
L103642,2024-12-01,,,,,,,,,,
L103642,2025-01-01,,,,,,,,,,
L103642,2025-02-01,,,,,,,,,,
L103642,2025-03-01,,,,,,,,,,
L103642,2025-04-01,,,,,,,,,,
L103642,2025-05-01,,,,,,,,,,
L103646,2024-07-01,,,,,,,,,,
L103646,2024-08-01,,,,,,,,,,
L103646,2024-09-01,,,,,,,,,,
L103646,2024-10-01,,,,,,,,,,
L103646,2024-11-01,,,,,,,,,,
L103646,2024-12-01,,,,,,,,,,
L103646,2025-01-01,,,,,,,,,,
L103646,2025-02-01,,,,,,,,,,
L103646,2025-03-01,,,,,,,,,,
L103646,2025-04-01,,,,,,,,,,
L103646,2025-05-01,,,,,,,,,,
L103646,2025-06-01,,,,,,,,,,
L103646,2025-07-01,,,,,,,,,,
L103646,2025-08-01,,,,,,,,,,
L103646,2025-09-01,,,,,,,,,,
L103646,2025-10-01,,,,,,,,,,
L103646,2025-11-01,,,,,,,,,,
L103646,2025-12-01,,,,,,,,,,
L103646,2026-01-01,,,,,,,,,,
L103649,2024-07-01,,,,,,,,,,
L103649,2024-08-01,,,,,,,,,,
L103649,2024-09-01,,,,,,,,,,
L103649,2024-10-01,,,,,,,,,,
L103649,2024-11-01,,,,,,,,,,
L103649,2024-12-01,,,,,,,,,,
L103649,2025-01-01,,,,,,,,,,
L103649,2025-02-01,,,,,,,,,,
L103649,2025-03-01,,,,,,,,,,
L103649,2025-04-01,,,,,,,,,,
L103653,2024-07-01,,,,,,,,,,
L103653,2024-08-01,,,,,,,,,,
L103653,2024-09-01,,,,,,,,,,
L103653,2024-10-01,,,,,,,,,,
L103653,2024-11-01,,,,,,,,,,
L103653,2024-12-01,,,,,,,,,,
L103653,2025-01-01,,,,,,,,,,
L103653,2025-02-01,,,,,,,,,,
L103654,2024-07-01,,,,,,,,,,
L103654,2024-08-01,,,,,,,,,,
L103654,2024-09-01,,,,,,,,,,
L103654,2024-10-01,,,,,,,,,,
L103654,2024-11-01,,,,,,,,,,
L103654,2024-12-01,,,,,,,,,,
L103654,2025-01-01,,,,,,,,,,
L103656,2024-07-01,,,,,,,,,,
L103656,2024-08-01,,,,,,,,,,
L103656,2024-09-01,,,,,,,,,,
L103657,2024-07-01,,,,,,,,,,
L103657,2024-08-01,,,,,,,,,,
L103657,2024-09-01,,,,,,,,,,
L103657,2024-10-01,,,,,,,,,,
L103657,2024-11-01,,,,,,,,,,
L103657,2024-12-01,,,,,,,,,,
L103657,2025-01-01,,,,,,,,,,
L103657,2025-02-01,,,,,,,,,,
L103657,2025-03-01,,,,,,,,,,
L103657,2025-04-01,,,,,,,,,,
L103657,2025-05-01,,,,,,,,,,
L103657,2025-06-01,,,,,,,,,,
L103657,2025-07-01,,,,,,,,,,
L103657,2025-08-01,,,,,,,,,,
L103658,2024-07-01,,,,,,,,,,
L103658,2024-08-01,,,,,,,,,,
L103658,2024-09-01,,,,,,,,,,
L103658,2024-10-01,,,,,,,,,,
L103658,2024-11-01,,,,,,,,,,
L103658,2024-12-01,,,,,,,,,,
L103658,2025-01-01,,,,,,,,,,
L103658,2025-02-01,,,,,,,,,,
L103658,2025-03-01,,,,,,,,,,
L103658,2025-04-01,,,,,,,,,,
L103658,2025-05-01,,,,,,,,,,
L103658,2025-06-01,,,,,,,,,,
L103658,2025-07-01,,,,,,,,,,
L103658,2025-08-01,,,,,,,,,,
L103658,2025-09-01,,,,,,,,,,
L103658,2025-10-01,,,,,,,,,,
L103663,2024-07-01,,,,,,,,,,
L103663,2024-08-01,,,,,,,,,,
L103663,2024-09-01,,,,,,,,,,
L103663,2024-10-01,,,,,,,,,,
L103663,2024-11-01,,,,,,,,,,
L103663,2024-12-01,,,,,,,,,,
L103663,2025-01-01,,,,,,,,,,
L103663,2025-02-01,,,,,,,,,,
L103663,2025-03-01,,,,,,,,,,
L103663,2025-04-01,,,,,,,,,,
L103663,2025-05-01,,,,,,,,,,
L103663,2025-06-01,,,,,,,,,,
L103663,2025-07-01,,,,,,,,,,
L103663,2025-08-01,,,,,,,,,,
L103663,2025-09-01,,,,,,,,,,
L103663,2025-10-01,,,,,,,,,,
L103667,2024-07-01,,,,,,,,,,
L103667,2024-08-01,,,,,,,,,,
L103667,2024-09-01,,,,,,,,,,
L103667,2024-10-01,,,,,,,,,,
L103667,2024-11-01,,,,,,,,,,
L103667,2024-12-01,,,,,,,,,,
L103667,2025-01-01,,,,,,,,,,
L103667,2025-02-01,,,,,,,,,,
L103667,2025-03-01,,,,,,,,,,
L103667,2025-04-01,,,,,,,,,,
L103667,2025-05-01,,,,,,,,,,
L103667,2025-06-01,,,,,,,,,,
L103667,2025-07-01,,,,,,,,,,
L103667,2025-08-01,,,,,,,,,,
L103667,2025-09-01,,,,,,,,,,
L103667,2025-10-01,,,,,,,,,,
L103667,2025-11-01,,,,,,,,,,
L103667,2025-12-01,,,,,,,,,,
L103667,2026-01-01,,,,,,,,,,
L103667,2026-02-01,,,,,,,,,,
L103669,2024-07-01,,,,,,,,,,
L103669,2024-08-01,,,,,,,,,,
L103669,2024-09-01,,,,,,,,,,
L103669,2024-10-01,,,,,,,,,,
L103669,2024-11-01,,,,,,,,,,
L103669,2024-12-01,,,,,,,,,,
L103669,2025-01-01,,,,,,,,,,
L103669,2025-02-01,,,,,,,,,,
L103669,2025-03-01,,,,,,,,,,
L103669,2025-04-01,,,,,,,,,,
L103669,2025-05-01,,,,,,,,,,
L103669,2025-06-01,,,,,,,,,,
L103669,2025-07-01,,,,,,,,,,
L103669,2025-08-01,,,,,,,,,,
L103669,2025-09-01,,,,,,,,,,
L103669,2025-10-01,,,,,,,,,,
L103669,2025-11-01,,,,,,,,,,
L103669,2025-12-01,,,,,,,,,,
L103670,2024-07-01,,,,,,,,,,
L103670,2024-08-01,,,,,,,,,,
L103670,2024-09-01,,,,,,,,,,
L103670,2024-10-01,,,,,,,,,,
L103670,2024-11-01,,,,,,,,,,
L103670,2024-12-01,,,,,,,,,,
L103672,2024-07-01,,,,,,,,,,
L103672,2024-08-01,,,,,,,,,,
L103672,2024-09-01,,,,,,,,,,
L103672,2024-10-01,,,,,,,,,,
L103672,2024-11-01,,,,,,,,,,
L103673,2024-07-01,,,,,,,,,,
L103673,2024-08-01,,,,,,,,,,
L103673,2024-09-01,,,,,,,,,,
L103673,2024-10-01,,,,,,,,,,
L103673,2024-11-01,,,,,,,,,,
L103673,2024-12-01,,,,,,,,,,
L103673,2025-01-01,,,,,,,,,,
L103673,2025-02-01,,,,,,,,,,
L103673,2025-03-01,,,,,,,,,,
L103673,2025-04-01,,,,,,,,,,
L103673,2025-05-01,,,,,,,,,,
L103673,2025-06-01,,,,,,,,,,
L103673,2025-07-01,,,,,,,,,,
L103673,2025-08-01,,,,,,,,,,
L103673,2025-09-01,,,,,,,,,,
L103673,2025-10-01,,,,,,,,,,
L103673,2025-11-01,,,,,,,,,,
L103673,2025-12-01,,,,,,,,,,
L103673,2026-01-01,,,,,,,,,,
L103673,2026-02-01,,,,,,,,,,
L103677,2024-07-01,,,,,,,,,,
L103677,2024-08-01,,,,,,,,,,
L103677,2024-09-01,,,,,,,,,,
L103677,2024-10-01,,,,,,,,,,
L103677,2024-11-01,,,,,,,,,,
L103679,2024-07-01,,,,,,,,,,
L103679,2024-08-01,,,,,,,,,,
L103679,2024-09-01,,,,,,,,,,
L103679,2024-10-01,,,,,,,,,,
L103679,2024-11-01,,,,,,,,,,
L103679,2024-12-01,,,,,,,,,,
L103681,2024-07-01,,,,,,,,,,
L103681,2024-08-01,,,,,,,,,,
L103686,2024-07-01,,,,,,,,,,
L103686,2024-08-01,,,,,,,,,,
L103686,2024-09-01,,,,,,,,,,
L103686,2024-10-01,,,,,,,,,,
L103686,2024-11-01,,,,,,,,,,
L103686,2024-12-01,,,,,,,,,,
L103686,2025-01-01,,,,,,,,,,
L103686,2025-02-01,,,,,,,,,,
L103686,2025-03-01,,,,,,,,,,
L103686,2025-04-01,,,,,,,,,,
L103686,2025-05-01,,,,,,,,,,
L103686,2025-06-01,,,,,,,,,,
L103686,2025-07-01,,,,,,,,,,
L103686,2025-08-01,,,,,,,,,,
L103686,2025-09-01,,,,,,,,,,
L103686,2025-10-01,,,,,,,,,,
L103686,2025-11-01,,,,,,,,,,
L103686,2025-12-01,,,,,,,,,,
L103686,2026-01-01,,,,,,,,,,
L103686,2026-02-01,,,,,,,,,,
L103686,2026-03-01,,,,,,,,,,
L103686,2026-04-01,,,,,,,,,,
L103692,2024-07-01,,,,,,,,,,
L103692,2024-08-01,,,,,,,,,,
L103692,2024-09-01,,,,,,,,,,
L103692,2024-10-01,,,,,,,,,,
L103692,2024-11-01,,,,,,,,,,
L103692,2024-12-01,,,,,,,,,,
L103692,2025-01-01,,,,,,,,,,
L103692,2025-02-01,,,,,,,,,,
L103692,2025-03-01,,,,,,,,,,
L103692,2025-04-01,,,,,,,,,,
L103692,2025-05-01,,,,,,,,,,
L103692,2025-06-01,,,,,,,,,,
L103698,2024-07-01,,,,,,,,,,
L103698,2024-08-01,,,,,,,,,,
L103698,2024-09-01,,,,,,,,,,
L103698,2024-10-01,,,,,,,,,,
L103710,2024-07-01,,,,,,,,,,
L103710,2024-08-01,,,,,,,,,,
L103710,2024-09-01,,,,,,,,,,
L103710,2024-10-01,,,,,,,,,,
L103710,2024-11-01,,,,,,,,,,
L103710,2024-12-01,,,,,,,,,,
L103710,2025-01-01,,,,,,,,,,
L103710,2025-02-01,,,,,,,,,,
L103710,2025-03-01,,,,,,,,,,
L103710,2025-04-01,,,,,,,,,,
L103710,2025-05-01,,,,,,,,,,
L103710,2025-06-01,,,,,,,,,,
L103710,2025-07-01,,,,,,,,,,
L103710,2025-08-01,,,,,,,,,,
L103710,2025-09-01,,,,,,,,,,
L103710,2025-10-01,,,,,,,,,,
L103710,2025-11-01,,,,,,,,,,
L103710,2025-12-01,,,,,,,,,,
L103710,2026-01-01,,,,,,,,,,
L103710,2026-02-01,,,,,,,,,,
L103714,2024-07-01,,,,,,,,,,
L103714,2024-08-01,,,,,,,,,,
L103714,2024-09-01,,,,,,,,,,
L103714,2024-10-01,,,,,,,,,,
L103714,2024-11-01,,,,,,,,,,
L103714,2024-12-01,,,,,,,,,,
L103714,2025-01-01,,,,,,,,,,
L103715,2024-07-01,,,,,,,,,,
L103715,2024-08-01,,,,,,,,,,
L103715,2024-09-01,,,,,,,,,,
L103715,2024-10-01,,,,,,,,,,
L103715,2024-11-01,,,,,,,,,,
L103715,2024-12-01,,,,,,,,,,
L103715,2025-01-01,,,,,,,,,,
L103715,2025-02-01,,,,,,,,,,
L103715,2025-03-01,,,,,,,,,,
L103715,2025-04-01,,,,,,,,,,
L103715,2025-05-01,,,,,,,,,,
L103715,2025-06-01,,,,,,,,,,
L103715,2025-07-01,,,,,,,,,,
L103715,2025-08-01,,,,,,,,,,
L103718,2024-07-01,,,,,,,,,,
L103718,2024-08-01,,,,,,,,,,
L103718,2024-09-01,,,,,,,,,,
L103718,2024-10-01,,,,,,,,,,
L103718,2024-11-01,,,,,,,,,,
L103718,2024-12-01,,,,,,,,,,
L103718,2025-01-01,,,,,,,,,,
L103718,2025-02-01,,,,,,,,,,
L103718,2025-03-01,,,,,,,,,,
L103718,2025-04-01,,,,,,,,,,
L103718,2025-05-01,,,,,,,,,,
L103718,2025-06-01,,,,,,,,,,
L103718,2025-07-01,,,,,,,,,,
L103718,2025-08-01,,,,,,,,,,
L103718,2025-09-01,,,,,,,,,,
L103718,2025-10-01,,,,,,,,,,
L103718,2025-11-01,,,,,,,,,,
L103718,2025-12-01,,,,,,,,,,
L103720,2024-07-01,,,,,,,,,,
L103720,2024-08-01,,,,,,,,,,
L103720,2024-09-01,,,,,,,,,,
L103720,2024-10-01,,,,,,,,,,
L103720,2024-11-01,,,,,,,,,,
L103720,2024-12-01,,,,,,,,,,
L103720,2025-01-01,,,,,,,,,,
L103720,2025-02-01,,,,,,,,,,
L103720,2025-03-01,,,,,,,,,,
L103720,2025-04-01,,,,,,,,,,
L103720,2025-05-01,,,,,,,,,,
L103720,2025-06-01,,,,,,,,,,
L103720,2025-07-01,,,,,,,,,,
L103720,2025-08-01,,,,,,,,,,
L103720,2025-09-01,,,,,,,,,,
L103720,2025-10-01,,,,,,,,,,
L103722,2024-07-01,,,,,,,,,,
L103722,2024-08-01,,,,,,,,,,
L103722,2024-09-01,,,,,,,,,,
L103722,2024-10-01,,,,,,,,,,
L103722,2024-11-01,,,,,,,,,,
L103722,2024-12-01,,,,,,,,,,
L103722,2025-01-01,,,,,,,,,,
L103722,2025-02-01,,,,,,,,,,
L103722,2025-03-01,,,,,,,,,,
L103722,2025-04-01,,,,,,,,,,
L103722,2025-05-01,,,,,,,,,,
L103722,2025-06-01,,,,,,,,,,
L103723,2024-07-01,,,,,,,,,,
L103723,2024-08-01,,,,,,,,,,
L103723,2024-09-01,,,,,,,,,,
L103723,2024-10-01,,,,,,,,,,
L103723,2024-11-01,,,,,,,,,,
L103723,2024-12-01,,,,,,,,,,
L103723,2025-01-01,,,,,,,,,,
L103723,2025-02-01,,,,,,,,,,
L103723,2025-03-01,,,,,,,,,,
L103723,2025-04-01,,,,,,,,,,
L103723,2025-05-01,,,,,,,,,,
L103723,2025-06-01,,,,,,,,,,
L103723,2025-07-01,,,,,,,,,,
L103723,2025-08-01,,,,,,,,,,
L103723,2025-09-01,,,,,,,,,,
L103724,2024-07-01,,,,,,,,,,
L103724,2024-08-01,,,,,,,,,,
L103724,2024-09-01,,,,,,,,,,
L103724,2024-10-01,,,,,,,,,,
L103724,2024-11-01,,,,,,,,,,
L103724,2024-12-01,,,,,,,,,,
L103724,2025-01-01,,,,,,,,,,
L103727,2024-07-01,,,,,,,,,,
L103727,2024-08-01,,,,,,,,,,
L103727,2024-09-01,,,,,,,,,,
L103727,2024-10-01,,,,,,,,,,
L103729,2024-07-01,,,,,,,,,,
L103729,2024-08-01,,,,,,,,,,
L103729,2024-09-01,,,,,,,,,,
L103729,2024-10-01,,,,,,,,,,
L103729,2024-11-01,,,,,,,,,,
L103729,2024-12-01,,,,,,,,,,
L103729,2025-01-01,,,,,,,,,,
L103729,2025-02-01,,,,,,,,,,
L103729,2025-03-01,,,,,,,,,,
L103729,2025-04-01,,,,,,,,,,
L103729,2025-05-01,,,,,,,,,,
L103729,2025-06-01,,,,,,,,,,
L103729,2025-07-01,,,,,,,,,,
L103729,2025-08-01,,,,,,,,,,
L103729,2025-09-01,,,,,,,,,,
L103729,2025-10-01,,,,,,,,,,
L103729,2025-11-01,,,,,,,,,,
L103729,2025-12-01,,,,,,,,,,
L103730,2024-07-01,,,,,,,,,,
L103730,2024-08-01,,,,,,,,,,
L103730,2024-09-01,,,,,,,,,,
L103730,2024-10-01,,,,,,,,,,
L103730,2024-11-01,,,,,,,,,,
L103730,2024-12-01,,,,,,,,,,
L103730,2025-01-01,,,,,,,,,,
L103730,2025-02-01,,,,,,,,,,
L103730,2025-03-01,,,,,,,,,,
L103730,2025-04-01,,,,,,,,,,
L103730,2025-05-01,,,,,,,,,,
L103731,2024-07-01,,,,,,,,,,
L103731,2024-08-01,,,,,,,,,,
L103731,2024-09-01,,,,,,,,,,
L103734,2024-07-01,,,,,,,,,,
L103734,2024-08-01,,,,,,,,,,
L103734,2024-09-01,,,,,,,,,,
L103734,2024-10-01,,,,,,,,,,
L103734,2024-11-01,,,,,,,,,,
L103736,2024-07-01,,,,,,,,,,
L103736,2024-08-01,,,,,,,,,,
L103736,2024-09-01,,,,,,,,,,
L103736,2024-10-01,,,,,,,,,,
L103736,2024-11-01,,,,,,,,,,
L103736,2024-12-01,,,,,,,,,,
L103736,2025-01-01,,,,,,,,,,
L103736,2025-02-01,,,,,,,,,,
L103736,2025-03-01,,,,,,,,,,
L103736,2025-04-01,,,,,,,,,,
L103736,2025-05-01,,,,,,,,,,
L103736,2025-06-01,,,,,,,,,,
L103736,2025-07-01,,,,,,,,,,
L103736,2025-08-01,,,,,,,,,,
L103739,2024-07-01,,,,,,,,,,
L103739,2024-08-01,,,,,,,,,,
L103741,2024-07-01,,,,,,,,,,
L103741,2024-08-01,,,,,,,,,,
L103741,2024-09-01,,,,,,,,,,
L103741,2024-10-01,,,,,,,,,,
L103741,2024-11-01,,,,,,,,,,
L103741,2024-12-01,,,,,,,,,,
L103743,2024-07-01,,,,,,,,,,
L103743,2024-08-01,,,,,,,,,,
L103743,2024-09-01,,,,,,,,,,
L103743,2024-10-01,,,,,,,,,,
L103743,2024-11-01,,,,,,,,,,
L103743,2024-12-01,,,,,,,,,,
L103743,2025-01-01,,,,,,,,,,
L103743,2025-02-01,,,,,,,,,,
L103743,2025-03-01,,,,,,,,,,
L103743,2025-04-01,,,,,,,,,,
L103743,2025-05-01,,,,,,,,,,
L103743,2025-06-01,,,,,,,,,,
L103743,2025-07-01,,,,,,,,,,
L103743,2025-08-01,,,,,,,,,,
L103743,2025-09-01,,,,,,,,,,
L103743,2025-10-01,,,,,,,,,,
L103743,2025-11-01,,,,,,,,,,
L103743,2025-12-01,,,,,,,,,,
L103743,2026-01-01,,,,,,,,,,
L103743,2026-02-01,,,,,,,,,,
L103743,2026-03-01,,,,,,,,,,
L103748,2024-07-01,,,,,,,,,,
L103748,2024-08-01,,,,,,,,,,
L103748,2024-09-01,,,,,,,,,,
L103748,2024-10-01,,,,,,,,,,
L103748,2024-11-01,,,,,,,,,,
L103748,2024-12-01,,,,,,,,,,
L103748,2025-01-01,,,,,,,,,,
L103748,2025-02-01,,,,,,,,,,
L103748,2025-03-01,,,,,,,,,,
L103748,2025-04-01,,,,,,,,,,
L103748,2025-05-01,,,,,,,,,,
L103748,2025-06-01,,,,,,,,,,
L103748,2025-07-01,,,,,,,,,,
L103751,2024-07-01,,,,,,,,,,
L103751,2024-08-01,,,,,,,,,,
L103751,2024-09-01,,,,,,,,,,
L103751,2024-10-01,,,,,,,,,,
L103751,2024-11-01,,,,,,,,,,
L103751,2024-12-01,,,,,,,,,,
L103751,2025-01-01,,,,,,,,,,
L103751,2025-02-01,,,,,,,,,,
L103751,2025-03-01,,,,,,,,,,
L103751,2025-04-01,,,,,,,,,,
L103751,2025-05-01,,,,,,,,,,
L103751,2025-06-01,,,,,,,,,,
L103751,2025-07-01,,,,,,,,,,
L103751,2025-08-01,,,,,,,,,,
L103751,2025-09-01,,,,,,,,,,
L103751,2025-10-01,,,,,,,,,,
L103751,2025-11-01,,,,,,,,,,
L103751,2025-12-01,,,,,,,,,,
L103754,2024-07-01,,,,,,,,,,
L103754,2024-08-01,,,,,,,,,,
L103754,2024-09-01,,,,,,,,,,
L103754,2024-10-01,,,,,,,,,,
L103754,2024-11-01,,,,,,,,,,
L103754,2024-12-01,,,,,,,,,,
L103754,2025-01-01,,,,,,,,,,
L103754,2025-02-01,,,,,,,,,,
L103754,2025-03-01,,,,,,,,,,
L103754,2025-04-01,,,,,,,,,,
L103754,2025-05-01,,,,,,,,,,
L103754,2025-06-01,,,,,,,,,,
L103755,2024-07-01,,,,,,,,,,
L103755,2024-08-01,,,,,,,,,,
L103755,2024-09-01,,,,,,,,,,
L103756,2024-07-01,,,,,,,,,,
L103756,2024-08-01,,,,,,,,,,
L103756,2024-09-01,,,,,,,,,,
L103756,2024-10-01,,,,,,,,,,
L103758,2024-07-01,,,,,,,,,,
L103758,2024-08-01,,,,,,,,,,
L103758,2024-09-01,,,,,,,,,,
L103758,2024-10-01,,,,,,,,,,
L103758,2024-11-01,,,,,,,,,,
L103758,2024-12-01,,,,,,,,,,
L103758,2025-01-01,,,,,,,,,,
L103758,2025-02-01,,,,,,,,,,
L103758,2025-03-01,,,,,,,,,,
L103758,2025-04-01,,,,,,,,,,
L103758,2025-05-01,,,,,,,,,,
L103758,2025-06-01,,,,,,,,,,
L103758,2025-07-01,,,,,,,,,,
L103758,2025-08-01,,,,,,,,,,
L103758,2025-09-01,,,,,,,,,,
L103758,2025-10-01,,,,,,,,,,
L103758,2025-11-01,,,,,,,,,,
L103758,2025-12-01,,,,,,,,,,
L103758,2026-01-01,,,,,,,,,,
L103762,2024-07-01,,,,,,,,,,
L103762,2024-08-01,,,,,,,,,,
L103762,2024-09-01,,,,,,,,,,
L103762,2024-10-01,,,,,,,,,,
L103762,2024-11-01,,,,,,,,,,
L103762,2024-12-01,,,,,,,,,,
L103762,2025-01-01,,,,,,,,,,
L103762,2025-02-01,,,,,,,,,,
L103762,2025-03-01,,,,,,,,,,
L103762,2025-04-01,,,,,,,,,,
L103762,2025-05-01,,,,,,,,,,
L103765,2024-07-01,,,,,,,,,,
L103765,2024-08-01,,,,,,,,,,
L103765,2024-09-01,,,,,,,,,,
L103765,2024-10-01,,,,,,,,,,
L103765,2024-11-01,,,,,,,,,,
L103765,2024-12-01,,,,,,,,,,
L103765,2025-01-01,,,,,,,,,,
L103765,2025-02-01,,,,,,,,,,
L103766,2024-07-01,,,,,,,,,,
L103770,2024-07-01,,,,,,,,,,
L103770,2024-08-01,,,,,,,,,,
L103770,2024-09-01,,,,,,,,,,
L103770,2024-10-01,,,,,,,,,,
L103770,2024-11-01,,,,,,,,,,
L103770,2024-12-01,,,,,,,,,,
L103770,2025-01-01,,,,,,,,,,
L103770,2025-02-01,,,,,,,,,,
L103770,2025-03-01,,,,,,,,,,
L103770,2025-04-01,,,,,,,,,,
L103772,2024-07-01,,,,,,,,,,
L103772,2024-08-01,,,,,,,,,,
L103772,2024-09-01,,,,,,,,,,
L103772,2024-10-01,,,,,,,,,,
L103772,2024-11-01,,,,,,,,,,
L103772,2024-12-01,,,,,,,,,,
L103772,2025-01-01,,,,,,,,,,
L103772,2025-02-01,,,,,,,,,,
L103772,2025-03-01,,,,,,,,,,
L103772,2025-04-01,,,,,,,,,,
L103772,2025-05-01,,,,,,,,,,
L103786,2024-07-01,,,,,,,,,,
L103786,2024-08-01,,,,,,,,,,
L103786,2024-09-01,,,,,,,,,,
L103786,2024-10-01,,,,,,,,,,
L103786,2024-11-01,,,,,,,,,,
L103786,2024-12-01,,,,,,,,,,
L103786,2025-01-01,,,,,,,,,,
L103786,2025-02-01,,,,,,,,,,
L103786,2025-03-01,,,,,,,,,,
L103786,2025-04-01,,,,,,,,,,
L103786,2025-05-01,,,,,,,,,,
L103786,2025-06-01,,,,,,,,,,
L103786,2025-07-01,,,,,,,,,,
L103786,2025-08-01,,,,,,,,,,
L103786,2025-09-01,,,,,,,,,,
L103787,2024-07-01,,,,,,,,,,
L103787,2024-08-01,,,,,,,,,,
L103787,2024-09-01,,,,,,,,,,
L103787,2024-10-01,,,,,,,,,,
L103787,2024-11-01,,,,,,,,,,
L103787,2024-12-01,,,,,,,,,,
L103789,2024-07-01,,,,,,,,,,
L103789,2024-08-01,,,,,,,,,,
L103789,2024-09-01,,,,,,,,,,
L103789,2024-10-01,,,,,,,,,,
L103789,2024-11-01,,,,,,,,,,
L103789,2024-12-01,,,,,,,,,,
L103789,2025-01-01,,,,,,,,,,
L103789,2025-02-01,,,,,,,,,,
L103789,2025-03-01,,,,,,,,,,
L103789,2025-04-01,,,,,,,,,,
L103789,2025-05-01,,,,,,,,,,
L103789,2025-06-01,,,,,,,,,,
L103789,2025-07-01,,,,,,,,,,
L103789,2025-08-01,,,,,,,,,,
L103789,2025-09-01,,,,,,,,,,
L103789,2025-10-01,,,,,,,,,,
L103789,2025-11-01,,,,,,,,,,
L103789,2025-12-01,,,,,,,,,,
L103789,2026-01-01,,,,,,,,,,
L103789,2026-02-01,,,,,,,,,,
L103789,2026-03-01,,,,,,,,,,
L103796,2024-07-01,,,,,,,,,,
L103796,2024-08-01,,,,,,,,,,
L103796,2024-09-01,,,,,,,,,,
L103796,2024-10-01,,,,,,,,,,
L103796,2024-11-01,,,,,,,,,,
L103796,2024-12-01,,,,,,,,,,
L103796,2025-01-01,,,,,,,,,,
L103796,2025-02-01,,,,,,,,,,
L103796,2025-03-01,,,,,,,,,,
L103796,2025-04-01,,,,,,,,,,
L103796,2025-05-01,,,,,,,,,,
L103796,2025-06-01,,,,,,,,,,
L103797,2024-07-01,,,,,,,,,,
L103797,2024-08-01,,,,,,,,,,
L103797,2024-09-01,,,,,,,,,,
L103797,2024-10-01,,,,,,,,,,
L103797,2024-11-01,,,,,,,,,,
L103797,2024-12-01,,,,,,,,,,
L103797,2025-01-01,,,,,,,,,,
L103797,2025-02-01,,,,,,,,,,
L103797,2025-03-01,,,,,,,,,,
L103797,2025-04-01,,,,,,,,,,
L103797,2025-05-01,,,,,,,,,,
L103797,2025-06-01,,,,,,,,,,
L103797,2025-07-01,,,,,,,,,,
L103797,2025-08-01,,,,,,,,,,
L103797,2025-09-01,,,,,,,,,,
L103797,2025-10-01,,,,,,,,,,
L103797,2025-11-01,,,,,,,,,,
L103797,2025-12-01,,,,,,,,,,
L103797,2026-01-01,,,,,,,,,,
L103797,2026-02-01,,,,,,,,,,
L103797,2026-03-01,,,,,,,,,,
L103802,2024-07-01,,,,,,,,,,
L103802,2024-08-01,,,,,,,,,,
L103802,2024-09-01,,,,,,,,,,
L103802,2024-10-01,,,,,,,,,,
L103802,2024-11-01,,,,,,,,,,
L103802,2024-12-01,,,,,,,,,,
L103802,2025-01-01,,,,,,,,,,
L103802,2025-02-01,,,,,,,,,,
L103802,2025-03-01,,,,,,,,,,
L103802,2025-04-01,,,,,,,,,,
L103802,2025-05-01,,,,,,,,,,
L103802,2025-06-01,,,,,,,,,,
L103802,2025-07-01,,,,,,,,,,
L103802,2025-08-01,,,,,,,,,,
L103802,2025-09-01,,,,,,,,,,
L103802,2025-10-01,,,,,,,,,,
L103802,2025-11-01,,,,,,,,,,
L103802,2025-12-01,,,,,,,,,,
L103802,2026-01-01,,,,,,,,,,
L103802,2026-02-01,,,,,,,,,,
L103802,2026-03-01,,,,,,,,,,
L103802,2026-04-01,,,,,,,,,,
L103802,2026-05-01,,,,,,,,,,
L103806,2024-07-01,,,,,,,,,,
L103806,2024-08-01,,,,,,,,,,
L103806,2024-09-01,,,,,,,,,,
L103806,2024-10-01,,,,,,,,,,
L103806,2024-11-01,,,,,,,,,,
L103806,2024-12-01,,,,,,,,,,
L103806,2025-01-01,,,,,,,,,,
L103806,2025-02-01,,,,,,,,,,
L103806,2025-03-01,,,,,,,,,,
L103806,2025-04-01,,,,,,,,,,
L103806,2025-05-01,,,,,,,,,,
L103806,2025-06-01,,,,,,,,,,
L103806,2025-07-01,,,,,,,,,,
L103806,2025-08-01,,,,,,,,,,
L103806,2025-09-01,,,,,,,,,,
L103807,2024-07-01,,,,,,,,,,
L103807,2024-08-01,,,,,,,,,,
L103807,2024-09-01,,,,,,,,,,
L103807,2024-10-01,,,,,,,,,,
L103807,2024-11-01,,,,,,,,,,
L103807,2024-12-01,,,,,,,,,,
L103807,2025-01-01,,,,,,,,,,
L103807,2025-02-01,,,,,,,,,,
L103807,2025-03-01,,,,,,,,,,
L103807,2025-04-01,,,,,,,,,,
L103807,2025-05-01,,,,,,,,,,
L103807,2025-06-01,,,,,,,,,,
L103807,2025-07-01,,,,,,,,,,
L103807,2025-08-01,,,,,,,,,,
L103807,2025-09-01,,,,,,,,,,
L103816,2024-07-01,,,,,,,,,,
L103816,2024-08-01,,,,,,,,,,
L103816,2024-09-01,,,,,,,,,,
L103816,2024-10-01,,,,,,,,,,
L103816,2024-11-01,,,,,,,,,,
L103819,2024-07-01,,,,,,,,,,
L103819,2024-08-01,,,,,,,,,,
L103819,2024-09-01,,,,,,,,,,
L103819,2024-10-01,,,,,,,,,,
L103819,2024-11-01,,,,,,,,,,
L103819,2024-12-01,,,,,,,,,,
L103828,2024-07-01,,,,,,,,,,
L103828,2024-08-01,,,,,,,,,,
L103828,2024-09-01,,,,,,,,,,
L103828,2024-10-01,,,,,,,,,,
L103828,2024-11-01,,,,,,,,,,
L103828,2024-12-01,,,,,,,,,,
L103828,2025-01-01,,,,,,,,,,
L103829,2024-07-01,,,,,,,,,,
L103829,2024-08-01,,,,,,,,,,
L103829,2024-09-01,,,,,,,,,,
L103829,2024-10-01,,,,,,,,,,
L103829,2024-11-01,,,,,,,,,,
L103829,2024-12-01,,,,,,,,,,
L103829,2025-01-01,,,,,,,,,,
L103829,2025-02-01,,,,,,,,,,
L103829,2025-03-01,,,,,,,,,,
L103829,2025-04-01,,,,,,,,,,
L103829,2025-05-01,,,,,,,,,,
L103829,2025-06-01,,,,,,,,,,
L103829,2025-07-01,,,,,,,,,,
L103829,2025-08-01,,,,,,,,,,
L103829,2025-09-01,,,,,,,,,,
L103829,2025-10-01,,,,,,,,,,
L103829,2025-11-01,,,,,,,,,,
L103829,2025-12-01,,,,,,,,,,
L103832,2024-07-01,,,,,,,,,,
L103832,2024-08-01,,,,,,,,,,
L103832,2024-09-01,,,,,,,,,,
L103832,2024-10-01,,,,,,,,,,
L103832,2024-11-01,,,,,,,,,,
L103832,2024-12-01,,,,,,,,,,
L103832,2025-01-01,,,,,,,,,,
L103832,2025-02-01,,,,,,,,,,
L103832,2025-03-01,,,,,,,,,,
L103832,2025-04-01,,,,,,,,,,
L103832,2025-05-01,,,,,,,,,,
L103832,2025-06-01,,,,,,,,,,
L103832,2025-07-01,,,,,,,,,,
L103832,2025-08-01,,,,,,,,,,
L103837,2024-07-01,,,,,,,,,,
L103837,2024-08-01,,,,,,,,,,
L103837,2024-09-01,,,,,,,,,,
L103837,2024-10-01,,,,,,,,,,
L103837,2024-11-01,,,,,,,,,,
L103837,2024-12-01,,,,,,,,,,
L103837,2025-01-01,,,,,,,,,,
L103848,2024-07-01,,,,,,,,,,
L103848,2024-08-01,,,,,,,,,,
L103848,2024-09-01,,,,,,,,,,
L103848,2024-10-01,,,,,,,,,,
L103848,2024-11-01,,,,,,,,,,
L103848,2024-12-01,,,,,,,,,,
L103848,2025-01-01,,,,,,,,,,
L103854,2024-07-01,,,,,,,,,,
L103854,2024-08-01,,,,,,,,,,
L103854,2024-09-01,,,,,,,,,,
L103854,2024-10-01,,,,,,,,,,
L103854,2024-11-01,,,,,,,,,,
L103854,2024-12-01,,,,,,,,,,
L103854,2025-01-01,,,,,,,,,,
L103854,2025-02-01,,,,,,,,,,
L103854,2025-03-01,,,,,,,,,,
L103856,2024-07-01,,,,,,,,,,
L103856,2024-08-01,,,,,,,,,,
L103856,2024-09-01,,,,,,,,,,
L103856,2024-10-01,,,,,,,,,,
L103856,2024-11-01,,,,,,,,,,
L103856,2024-12-01,,,,,,,,,,
L103856,2025-01-01,,,,,,,,,,
L103856,2025-02-01,,,,,,,,,,
L103862,2024-07-01,,,,,,,,,,
L103862,2024-08-01,,,,,,,,,,
L103862,2024-09-01,,,,,,,,,,
L103862,2024-10-01,,,,,,,,,,
L103862,2024-11-01,,,,,,,,,,
L103862,2024-12-01,,,,,,,,,,
L103862,2025-01-01,,,,,,,,,,
L103862,2025-02-01,,,,,,,,,,
L103864,2024-07-01,,,,,,,,,,
L103864,2024-08-01,,,,,,,,,,
L103864,2024-09-01,,,,,,,,,,
L103864,2024-10-01,,,,,,,,,,
L103864,2024-11-01,,,,,,,,,,
L103864,2024-12-01,,,,,,,,,,
L103864,2025-01-01,,,,,,,,,,
L103864,2025-02-01,,,,,,,,,,
L103864,2025-03-01,,,,,,,,,,
L103864,2025-04-01,,,,,,,,,,
L103864,2025-05-01,,,,,,,,,,
L103864,2025-06-01,,,,,,,,,,
L103870,2024-07-01,,,,,,,,,,
L103870,2024-08-01,,,,,,,,,,
L103870,2024-09-01,,,,,,,,,,
L103870,2024-10-01,,,,,,,,,,
L103871,2024-07-01,,,,,,,,,,
L103871,2024-08-01,,,,,,,,,,
L103871,2024-09-01,,,,,,,,,,
L103871,2024-10-01,,,,,,,,,,
L103871,2024-11-01,,,,,,,,,,
L103871,2024-12-01,,,,,,,,,,
L103871,2025-01-01,,,,,,,,,,
L103871,2025-02-01,,,,,,,,,,
L103871,2025-03-01,,,,,,,,,,
L103871,2025-04-01,,,,,,,,,,
L103872,2024-07-01,,,,,,,,,,
L103872,2024-08-01,,,,,,,,,,
L103872,2024-09-01,,,,,,,,,,
L103872,2024-10-01,,,,,,,,,,
L103872,2024-11-01,,,,,,,,,,
L103872,2024-12-01,,,,,,,,,,
L103872,2025-01-01,,,,,,,,,,
L103872,2025-02-01,,,,,,,,,,
L103872,2025-03-01,,,,,,,,,,
L103872,2025-04-01,,,,,,,,,,
L103872,2025-05-01,,,,,,,,,,
L103872,2025-06-01,,,,,,,,,,
L103872,2025-07-01,,,,,,,,,,
L103872,2025-08-01,,,,,,,,,,
L103872,2025-09-01,,,,,,,,,,
L103872,2025-10-01,,,,,,,,,,
L103872,2025-11-01,,,,,,,,,,
L103880,2024-07-01,,,,,,,,,,
L103880,2024-08-01,,,,,,,,,,
L103880,2024-09-01,,,,,,,,,,
L103880,2024-10-01,,,,,,,,,,
L103880,2024-11-01,,,,,,,,,,
L103880,2024-12-01,,,,,,,,,,
L103881,2024-07-01,,,,,,,,,,
L103881,2024-08-01,,,,,,,,,,
L103881,2024-09-01,,,,,,,,,,
L103881,2024-10-01,,,,,,,,,,
L103881,2024-11-01,,,,,,,,,,
L103881,2024-12-01,,,,,,,,,,
L103881,2025-01-01,,,,,,,,,,
L103881,2025-02-01,,,,,,,,,,
L103881,2025-03-01,,,,,,,,,,
L103881,2025-04-01,,,,,,,,,,
L103884,2024-07-01,,,,,,,,,,
L103884,2024-08-01,,,,,,,,,,
L103884,2024-09-01,,,,,,,,,,
L103884,2024-10-01,,,,,,,,,,
L103884,2024-11-01,,,,,,,,,,
L103884,2024-12-01,,,,,,,,,,
L103884,2025-01-01,,,,,,,,,,
L103884,2025-02-01,,,,,,,,,,
L103884,2025-03-01,,,,,,,,,,
L103884,2025-04-01,,,,,,,,,,
L103884,2025-05-01,,,,,,,,,,
L103884,2025-06-01,,,,,,,,,,
L103884,2025-07-01,,,,,,,,,,
L103884,2025-08-01,,,,,,,,,,
L103884,2025-09-01,,,,,,,,,,
L103884,2025-10-01,,,,,,,,,,
L103884,2025-11-01,,,,,,,,,,
L103884,2025-12-01,,,,,,,,,,
L103884,2026-01-01,,,,,,,,,,
L103884,2026-02-01,,,,,,,,,,
L103884,2026-03-01,,,,,,,,,,
L103886,2024-07-01,,,,,,,,,,
L103886,2024-08-01,,,,,,,,,,
L103886,2024-09-01,,,,,,,,,,
L103886,2024-10-01,,,,,,,,,,
L103886,2024-11-01,,,,,,,,,,
L103886,2024-12-01,,,,,,,,,,
L103886,2025-01-01,,,,,,,,,,
L103886,2025-02-01,,,,,,,,,,
L103886,2025-03-01,,,,,,,,,,
L103886,2025-04-01,,,,,,,,,,
L103886,2025-05-01,,,,,,,,,,
L103886,2025-06-01,,,,,,,,,,
L103888,2024-07-01,,,,,,,,,,
L103888,2024-08-01,,,,,,,,,,
L103888,2024-09-01,,,,,,,,,,
L103888,2024-10-01,,,,,,,,,,
L103892,2024-07-01,,,,,,,,,,
L103892,2024-08-01,,,,,,,,,,
L103892,2024-09-01,,,,,,,,,,
L103892,2024-10-01,,,,,,,,,,
L103892,2024-11-01,,,,,,,,,,
L103892,2024-12-01,,,,,,,,,,
L103892,2025-01-01,,,,,,,,,,
L103892,2025-02-01,,,,,,,,,,
L103892,2025-03-01,,,,,,,,,,
L103892,2025-04-01,,,,,,,,,,
L103892,2025-05-01,,,,,,,,,,
L103892,2025-06-01,,,,,,,,,,
L103892,2025-07-01,,,,,,,,,,
L103892,2025-08-01,,,,,,,,,,
L103892,2025-09-01,,,,,,,,,,
L103892,2025-10-01,,,,,,,,,,
L103892,2025-11-01,,,,,,,,,,
L103893,2024-07-01,,,,,,,,,,
L103893,2024-08-01,,,,,,,,,,
L103893,2024-09-01,,,,,,,,,,
L103893,2024-10-01,,,,,,,,,,
L103893,2024-11-01,,,,,,,,,,
L103893,2024-12-01,,,,,,,,,,
L103893,2025-01-01,,,,,,,,,,
L103899,2024-07-01,,,,,,,,,,
L103899,2024-08-01,,,,,,,,,,
L103899,2024-09-01,,,,,,,,,,
L103899,2024-10-01,,,,,,,,,,
L103899,2024-11-01,,,,,,,,,,
L103899,2024-12-01,,,,,,,,,,
L103899,2025-01-01,,,,,,,,,,
L103899,2025-02-01,,,,,,,,,,
L103899,2025-03-01,,,,,,,,,,
L103899,2025-04-01,,,,,,,,,,
L103899,2025-05-01,,,,,,,,,,
L103899,2025-06-01,,,,,,,,,,
L103899,2025-07-01,,,,,,,,,,
L103901,2024-07-01,,,,,,,,,,
L103901,2024-08-01,,,,,,,,,,
L103901,2024-09-01,,,,,,,,,,
L103901,2024-10-01,,,,,,,,,,
L103901,2024-11-01,,,,,,,,,,
L103901,2024-12-01,,,,,,,,,,
L103901,2025-01-01,,,,,,,,,,
L103901,2025-02-01,,,,,,,,,,
L103901,2025-03-01,,,,,,,,,,
L103901,2025-04-01,,,,,,,,,,
L103901,2025-05-01,,,,,,,,,,
L103901,2025-06-01,,,,,,,,,,
L103901,2025-07-01,,,,,,,,,,
L103901,2025-08-01,,,,,,,,,,
L103901,2025-09-01,,,,,,,,,,
L103901,2025-10-01,,,,,,,,,,
L103902,2024-07-01,,,,,,,,,,
L103905,2024-07-01,,,,,,,,,,
L103905,2024-08-01,,,,,,,,,,
L103905,2024-09-01,,,,,,,,,,
L103905,2024-10-01,,,,,,,,,,
L103905,2024-11-01,,,,,,,,,,
L103905,2024-12-01,,,,,,,,,,
L103905,2025-01-01,,,,,,,,,,
L103905,2025-02-01,,,,,,,,,,
L103905,2025-03-01,,,,,,,,,,
L103905,2025-04-01,,,,,,,,,,
L103906,2024-07-01,,,,,,,,,,
L103906,2024-08-01,,,,,,,,,,
L103907,2024-07-01,,,,,,,,,,
L103907,2024-08-01,,,,,,,,,,
L103907,2024-09-01,,,,,,,,,,
L103907,2024-10-01,,,,,,,,,,
L103907,2024-11-01,,,,,,,,,,
L103907,2024-12-01,,,,,,,,,,
L103907,2025-01-01,,,,,,,,,,
L103907,2025-02-01,,,,,,,,,,
L103907,2025-03-01,,,,,,,,,,
L103907,2025-04-01,,,,,,,,,,
L103907,2025-05-01,,,,,,,,,,
L103907,2025-06-01,,,,,,,,,,
L103907,2025-07-01,,,,,,,,,,
L103907,2025-08-01,,,,,,,,,,
L103907,2025-09-01,,,,,,,,,,
L103907,2025-10-01,,,,,,,,,,
L103912,2024-07-01,,,,,,,,,,
L103912,2024-08-01,,,,,,,,,,
L103912,2024-09-01,,,,,,,,,,
L103912,2024-10-01,,,,,,,,,,
L103912,2024-11-01,,,,,,,,,,
L103912,2024-12-01,,,,,,,,,,
L103912,2025-01-01,,,,,,,,,,
L103912,2025-02-01,,,,,,,,,,
L103912,2025-03-01,,,,,,,,,,
L103912,2025-04-01,,,,,,,,,,
L103912,2025-05-01,,,,,,,,,,
L103912,2025-06-01,,,,,,,,,,
L103912,2025-07-01,,,,,,,,,,
L103912,2025-08-01,,,,,,,,,,
L103918,2024-07-01,,,,,,,,,,
L103918,2024-08-01,,,,,,,,,,
L103918,2024-09-01,,,,,,,,,,
L103918,2024-10-01,,,,,,,,,,
L103918,2024-11-01,,,,,,,,,,
L103918,2024-12-01,,,,,,,,,,
L103918,2025-01-01,,,,,,,,,,
L103918,2025-02-01,,,,,,,,,,
L103918,2025-03-01,,,,,,,,,,
L103918,2025-04-01,,,,,,,,,,
L103918,2025-05-01,,,,,,,,,,
L103918,2025-06-01,,,,,,,,,,
L103918,2025-07-01,,,,,,,,,,
L103918,2025-08-01,,,,,,,,,,
L103918,2025-09-01,,,,,,,,,,
L103918,2025-10-01,,,,,,,,,,
L103918,2025-11-01,,,,,,,,,,
L103919,2024-07-01,,,,,,,,,,
L103919,2024-08-01,,,,,,,,,,
L103920,2024-07-01,,,,,,,,,,
L103920,2024-08-01,,,,,,,,,,
L103920,2024-09-01,,,,,,,,,,
L103920,2024-10-01,,,,,,,,,,
L103920,2024-11-01,,,,,,,,,,
L103920,2024-12-01,,,,,,,,,,
L103920,2025-01-01,,,,,,,,,,
L103920,2025-02-01,,,,,,,,,,
L103920,2025-03-01,,,,,,,,,,
L103920,2025-04-01,,,,,,,,,,
L103920,2025-05-01,,,,,,,,,,
L103920,2025-06-01,,,,,,,,,,
L103920,2025-07-01,,,,,,,,,,
L103920,2025-08-01,,,,,,,,,,
L103920,2025-09-01,,,,,,,,,,
L103920,2025-10-01,,,,,,,,,,
L103920,2025-11-01,,,,,,,,,,
L103920,2025-12-01,,,,,,,,,,
L103924,2024-07-01,,,,,,,,,,
L103924,2024-08-01,,,,,,,,,,
L103924,2024-09-01,,,,,,,,,,
L103924,2024-10-01,,,,,,,,,,
L103924,2024-11-01,,,,,,,,,,
L103924,2024-12-01,,,,,,,,,,
L103924,2025-01-01,,,,,,,,,,
L103924,2025-02-01,,,,,,,,,,
L103924,2025-03-01,,,,,,,,,,
L103924,2025-04-01,,,,,,,,,,
L103924,2025-05-01,,,,,,,,,,
L103924,2025-06-01,,,,,,,,,,
L103924,2025-07-01,,,,,,,,,,
L103924,2025-08-01,,,,,,,,,,
L103924,2025-09-01,,,,,,,,,,
L103924,2025-10-01,,,,,,,,,,
L103925,2024-07-01,,,,,,,,,,
L103925,2024-08-01,,,,,,,,,,
L103925,2024-09-01,,,,,,,,,,
L103925,2024-10-01,,,,,,,,,,
L103925,2024-11-01,,,,,,,,,,
L103925,2024-12-01,,,,,,,,,,
L103925,2025-01-01,,,,,,,,,,
L103925,2025-02-01,,,,,,,,,,
L103925,2025-03-01,,,,,,,,,,
L103925,2025-04-01,,,,,,,,,,
L103925,2025-05-01,,,,,,,,,,
L103925,2025-06-01,,,,,,,,,,
L103925,2025-07-01,,,,,,,,,,
L103925,2025-08-01,,,,,,,,,,
L103925,2025-09-01,,,,,,,,,,
L103925,2025-10-01,,,,,,,,,,
L103927,2024-07-01,,,,,,,,,,
L103927,2024-08-01,,,,,,,,,,
L103927,2024-09-01,,,,,,,,,,
L103927,2024-10-01,,,,,,,,,,
L103927,2024-11-01,,,,,,,,,,
L103927,2024-12-01,,,,,,,,,,
L103927,2025-01-01,,,,,,,,,,
L103927,2025-02-01,,,,,,,,,,
L103927,2025-03-01,,,,,,,,,,
L103927,2025-04-01,,,,,,,,,,
L103927,2025-05-01,,,,,,,,,,
L103929,2024-07-01,,,,,,,,,,
L103929,2024-08-01,,,,,,,,,,
L103929,2024-09-01,,,,,,,,,,
L103929,2024-10-01,,,,,,,,,,
L103929,2024-11-01,,,,,,,,,,
L103929,2024-12-01,,,,,,,,,,
L103929,2025-01-01,,,,,,,,,,
L103931,2024-07-01,,,,,,,,,,
L103931,2024-08-01,,,,,,,,,,
L103931,2024-09-01,,,,,,,,,,
L103931,2024-10-01,,,,,,,,,,
L103931,2024-11-01,,,,,,,,,,
L103931,2024-12-01,,,,,,,,,,
L103931,2025-01-01,,,,,,,,,,
L103931,2025-02-01,,,,,,,,,,
L103931,2025-03-01,,,,,,,,,,
L103931,2025-04-01,,,,,,,,,,
L103931,2025-05-01,,,,,,,,,,
L103931,2025-06-01,,,,,,,,,,
L103931,2025-07-01,,,,,,,,,,
L103931,2025-08-01,,,,,,,,,,
L103931,2025-09-01,,,,,,,,,,
L103931,2025-10-01,,,,,,,,,,
L103931,2025-11-01,,,,,,,,,,
L103931,2025-12-01,,,,,,,,,,
L103931,2026-01-01,,,,,,,,,,
L103932,2024-07-01,,,,,,,,,,
L103932,2024-08-01,,,,,,,,,,
L103932,2024-09-01,,,,,,,,,,
L103932,2024-10-01,,,,,,,,,,
L103932,2024-11-01,,,,,,,,,,
L103932,2024-12-01,,,,,,,,,,
L103932,2025-01-01,,,,,,,,,,
L103932,2025-02-01,,,,,,,,,,
L103932,2025-03-01,,,,,,,,,,
L103932,2025-04-01,,,,,,,,,,
L103932,2025-05-01,,,,,,,,,,
L103932,2025-06-01,,,,,,,,,,
L103932,2025-07-01,,,,,,,,,,
L103932,2025-08-01,,,,,,,,,,
L103932,2025-09-01,,,,,,,,,,
L103932,2025-10-01,,,,,,,,,,
L103932,2025-11-01,,,,,,,,,,
L103932,2025-12-01,,,,,,,,,,
L103933,2024-07-01,,,,,,,,,,
L103933,2024-08-01,,,,,,,,,,
L103933,2024-09-01,,,,,,,,,,
L103933,2024-10-01,,,,,,,,,,
L103933,2024-11-01,,,,,,,,,,
L103933,2024-12-01,,,,,,,,,,
L103933,2025-01-01,,,,,,,,,,
L103933,2025-02-01,,,,,,,,,,
L103933,2025-03-01,,,,,,,,,,
L103933,2025-04-01,,,,,,,,,,
L103933,2025-05-01,,,,,,,,,,
L103933,2025-06-01,,,,,,,,,,
L103933,2025-07-01,,,,,,,,,,
L103933,2025-08-01,,,,,,,,,,
L103933,2025-09-01,,,,,,,,,,
L103933,2025-10-01,,,,,,,,,,
L103933,2025-11-01,,,,,,,,,,
L103933,2025-12-01,,,,,,,,,,
L103933,2026-01-01,,,,,,,,,,
L103937,2024-07-01,,,,,,,,,,
L103937,2024-08-01,,,,,,,,,,
L103937,2024-09-01,,,,,,,,,,
L103937,2024-10-01,,,,,,,,,,
L103937,2024-11-01,,,,,,,,,,
L103937,2024-12-01,,,,,,,,,,
L103937,2025-01-01,,,,,,,,,,
L103937,2025-02-01,,,,,,,,,,
L103937,2025-03-01,,,,,,,,,,
L103937,2025-04-01,,,,,,,,,,
L103937,2025-05-01,,,,,,,,,,
L103937,2025-06-01,,,,,,,,,,
L103937,2025-07-01,,,,,,,,,,
L103937,2025-08-01,,,,,,,,,,
L103937,2025-09-01,,,,,,,,,,
L103938,2024-07-01,,,,,,,,,,
L103938,2024-08-01,,,,,,,,,,
L103938,2024-09-01,,,,,,,,,,
L103938,2024-10-01,,,,,,,,,,
L103938,2024-11-01,,,,,,,,,,
L103939,2024-07-01,,,,,,,,,,
L103939,2024-08-01,,,,,,,,,,
L103939,2024-09-01,,,,,,,,,,
L103939,2024-10-01,,,,,,,,,,
L103939,2024-11-01,,,,,,,,,,
L103939,2024-12-01,,,,,,,,,,
L103939,2025-01-01,,,,,,,,,,
L103939,2025-02-01,,,,,,,,,,
L103939,2025-03-01,,,,,,,,,,
L103939,2025-04-01,,,,,,,,,,
L103939,2025-05-01,,,,,,,,,,
L103939,2025-06-01,,,,,,,,,,
L103939,2025-07-01,,,,,,,,,,
L103939,2025-08-01,,,,,,,,,,
L103939,2025-09-01,,,,,,,,,,
L103939,2025-10-01,,,,,,,,,,
L103939,2025-11-01,,,,,,,,,,
L103939,2025-12-01,,,,,,,,,,
L103939,2026-01-01,,,,,,,,,,
L103939,2026-02-01,,,,,,,,,,
L103939,2026-03-01,,,,,,,,,,
L103939,2026-04-01,,,,,,,,,,
L103939,2026-05-01,,,,,,,,,,
L103940,2024-07-01,,,,,,,,,,
L103940,2024-08-01,,,,,,,,,,
L103940,2024-09-01,,,,,,,,,,
L103940,2024-10-01,,,,,,,,,,
L103940,2024-11-01,,,,,,,,,,
L103940,2024-12-01,,,,,,,,,,
L103940,2025-01-01,,,,,,,,,,
L103940,2025-02-01,,,,,,,,,,
L103940,2025-03-01,,,,,,,,,,
L103940,2025-04-01,,,,,,,,,,
L103940,2025-05-01,,,,,,,,,,
L103940,2025-06-01,,,,,,,,,,
L103940,2025-07-01,,,,,,,,,,
L103940,2025-08-01,,,,,,,,,,
L103940,2025-09-01,,,,,,,,,,
L103940,2025-10-01,,,,,,,,,,
L103943,2024-07-01,,,,,,,,,,
L103943,2024-08-01,,,,,,,,,,
L103943,2024-09-01,,,,,,,,,,
L103946,2024-07-01,,,,,,,,,,
L103946,2024-08-01,,,,,,,,,,
L103946,2024-09-01,,,,,,,,,,
L103946,2024-10-01,,,,,,,,,,
L103946,2024-11-01,,,,,,,,,,
L103946,2024-12-01,,,,,,,,,,
L103948,2024-07-01,,,,,,,,,,
L103948,2024-08-01,,,,,,,,,,
L103948,2024-09-01,,,,,,,,,,
L103948,2024-10-01,,,,,,,,,,
L103948,2024-11-01,,,,,,,,,,
L103948,2024-12-01,,,,,,,,,,
L103948,2025-01-01,,,,,,,,,,
L103948,2025-02-01,,,,,,,,,,
L103949,2024-07-01,,,,,,,,,,
L103949,2024-08-01,,,,,,,,,,
L103949,2024-09-01,,,,,,,,,,
L103953,2024-07-01,,,,,,,,,,
L103953,2024-08-01,,,,,,,,,,
L103953,2024-09-01,,,,,,,,,,
L103953,2024-10-01,,,,,,,,,,
L103959,2024-07-01,,,,,,,,,,
L103959,2024-08-01,,,,,,,,,,
L103959,2024-09-01,,,,,,,,,,
L103959,2024-10-01,,,,,,,,,,
L103959,2024-11-01,,,,,,,,,,
L103959,2024-12-01,,,,,,,,,,
L103962,2024-07-01,,,,,,,,,,
L103962,2024-08-01,,,,,,,,,,
L103962,2024-09-01,,,,,,,,,,
L103968,2024-07-01,,,,,,,,,,
L103968,2024-08-01,,,,,,,,,,
L103968,2024-09-01,,,,,,,,,,
L103968,2024-10-01,,,,,,,,,,
L103968,2024-11-01,,,,,,,,,,
L103968,2024-12-01,,,,,,,,,,
L103968,2025-01-01,,,,,,,,,,
L103968,2025-02-01,,,,,,,,,,
L103968,2025-03-01,,,,,,,,,,
L103968,2025-04-01,,,,,,,,,,
L103968,2025-05-01,,,,,,,,,,
L103968,2025-06-01,,,,,,,,,,
L103968,2025-07-01,,,,,,,,,,
L103968,2025-08-01,,,,,,,,,,
L103968,2025-09-01,,,,,,,,,,
L103968,2025-10-01,,,,,,,,,,
L103968,2025-11-01,,,,,,,,,,
L103970,2024-07-01,,,,,,,,,,
L103970,2024-08-01,,,,,,,,,,
L103970,2024-09-01,,,,,,,,,,
L103970,2024-10-01,,,,,,,,,,
L103970,2024-11-01,,,,,,,,,,
L103970,2024-12-01,,,,,,,,,,
L103978,2024-07-01,,,,,,,,,,
L103978,2024-08-01,,,,,,,,,,
L103978,2024-09-01,,,,,,,,,,
L103978,2024-10-01,,,,,,,,,,
L103978,2024-11-01,,,,,,,,,,
L103978,2024-12-01,,,,,,,,,,
L103978,2025-01-01,,,,,,,,,,
L103979,2024-07-01,,,,,,,,,,
L103979,2024-08-01,,,,,,,,,,
L103979,2024-09-01,,,,,,,,,,
L103979,2024-10-01,,,,,,,,,,
L103979,2024-11-01,,,,,,,,,,
L103979,2024-12-01,,,,,,,,,,
L103983,2024-07-01,,,,,,,,,,
L103983,2024-08-01,,,,,,,,,,
L103983,2024-09-01,,,,,,,,,,
L103983,2024-10-01,,,,,,,,,,
L103983,2024-11-01,,,,,,,,,,
L103983,2024-12-01,,,,,,,,,,
L103983,2025-01-01,,,,,,,,,,
L103983,2025-02-01,,,,,,,,,,
L103983,2025-03-01,,,,,,,,,,
L103983,2025-04-01,,,,,,,,,,
L103983,2025-05-01,,,,,,,,,,
L103983,2025-06-01,,,,,,,,,,
L103983,2025-07-01,,,,,,,,,,
L103983,2025-08-01,,,,,,,,,,
L103983,2025-09-01,,,,,,,,,,
L103983,2025-10-01,,,,,,,,,,
L103983,2025-11-01,,,,,,,,,,
L103983,2025-12-01,,,,,,,,,,
L103984,2024-07-01,,,,,,,,,,
L103984,2024-08-01,,,,,,,,,,
L103984,2024-09-01,,,,,,,,,,
L103984,2024-10-01,,,,,,,,,,
L103984,2024-11-01,,,,,,,,,,
L103984,2024-12-01,,,,,,,,,,
L103984,2025-01-01,,,,,,,,,,
L103984,2025-02-01,,,,,,,,,,
L103984,2025-03-01,,,,,,,,,,
L103984,2025-04-01,,,,,,,,,,
L103984,2025-05-01,,,,,,,,,,
L103984,2025-06-01,,,,,,,,,,
L103984,2025-07-01,,,,,,,,,,
L103984,2025-08-01,,,,,,,,,,
L103984,2025-09-01,,,,,,,,,,
L103984,2025-10-01,,,,,,,,,,
L103984,2025-11-01,,,,,,,,,,
L103984,2025-12-01,,,,,,,,,,
L103988,2024-07-01,,,,,,,,,,
L103988,2024-08-01,,,,,,,,,,
L103988,2024-09-01,,,,,,,,,,
L103988,2024-10-01,,,,,,,,,,
L103988,2024-11-01,,,,,,,,,,
L103992,2024-07-01,,,,,,,,,,
L103992,2024-08-01,,,,,,,,,,
L103992,2024-09-01,,,,,,,,,,
L103992,2024-10-01,,,,,,,,,,
L103992,2024-11-01,,,,,,,,,,
L103992,2024-12-01,,,,,,,,,,
L103992,2025-01-01,,,,,,,,,,
L103992,2025-02-01,,,,,,,,,,
L103992,2025-03-01,,,,,,,,,,
L103992,2025-04-01,,,,,,,,,,
L103992,2025-05-01,,,,,,,,,,
L103992,2025-06-01,,,,,,,,,,
L103992,2025-07-01,,,,,,,,,,
L103992,2025-08-01,,,,,,,,,,
L103992,2025-09-01,,,,,,,,,,
L103998,2024-07-01,,,,,,,,,,
L103998,2024-08-01,,,,,,,,,,
L103998,2024-09-01,,,,,,,,,,
L103998,2024-10-01,,,,,,,,,,
L103998,2024-11-01,,,,,,,,,,
L103998,2024-12-01,,,,,,,,,,
L103998,2025-01-01,,,,,,,,,,
L103998,2025-02-01,,,,,,,,,,
L103999,2024-07-01,,,,,,,,,,
L103999,2024-08-01,,,,,,,,,,
L103999,2024-09-01,,,,,,,,,,
L103999,2024-10-01,,,,,,,,,,
L103999,2024-11-01,,,,,,,,,,
L103999,2024-12-01,,,,,,,,,,
L103999,2025-01-01,,,,,,,,,,
L103999,2025-02-01,,,,,,,,,,
L103999,2025-03-01,,,,,,,,,,
L103999,2025-04-01,,,,,,,,,,
L103999,2025-05-01,,,,,,,,,,
L104002,2024-07-01,,,,,,,,,,
L104002,2024-08-01,,,,,,,,,,
L104002,2024-09-01,,,,,,,,,,
L104002,2024-10-01,,,,,,,,,,
L104002,2024-11-01,,,,,,,,,,
L104002,2024-12-01,,,,,,,,,,
L104002,2025-01-01,,,,,,,,,,
L104002,2025-02-01,,,,,,,,,,
L104002,2025-03-01,,,,,,,,,,
L104002,2025-04-01,,,,,,,,,,
L104002,2025-05-01,,,,,,,,,,
L104002,2025-06-01,,,,,,,,,,
L104002,2025-07-01,,,,,,,,,,
L104002,2025-08-01,,,,,,,,,,
L104002,2025-09-01,,,,,,,,,,
L104003,2024-07-01,,,,,,,,,,
L104003,2024-08-01,,,,,,,,,,
L104003,2024-09-01,,,,,,,,,,
L104003,2024-10-01,,,,,,,,,,
L104003,2024-11-01,,,,,,,,,,
L104003,2024-12-01,,,,,,,,,,
L104017,2024-07-01,,,,,,,,,,
L104017,2024-08-01,,,,,,,,,,
L104017,2024-09-01,,,,,,,,,,
L104017,2024-10-01,,,,,,,,,,
L104017,2024-11-01,,,,,,,,,,
L104019,2024-07-01,,,,,,,,,,
L104020,2024-07-01,,,,,,,,,,
L104020,2024-08-01,,,,,,,,,,
L104020,2024-09-01,,,,,,,,,,
L104020,2024-10-01,,,,,,,,,,
L104020,2024-11-01,,,,,,,,,,
L104025,2024-07-01,,,,,,,,,,
L104025,2024-08-01,,,,,,,,,,
L104025,2024-09-01,,,,,,,,,,
L104025,2024-10-01,,,,,,,,,,
L104025,2024-11-01,,,,,,,,,,
L104025,2024-12-01,,,,,,,,,,
L104025,2025-01-01,,,,,,,,,,
L104025,2025-02-01,,,,,,,,,,
L104028,2024-07-01,,,,,,,,,,
L104028,2024-08-01,,,,,,,,,,
L104028,2024-09-01,,,,,,,,,,
L104028,2024-10-01,,,,,,,,,,
L104028,2024-11-01,,,,,,,,,,
L104028,2024-12-01,,,,,,,,,,
L104028,2025-01-01,,,,,,,,,,
L104028,2025-02-01,,,,,,,,,,
L104028,2025-03-01,,,,,,,,,,
L104028,2025-04-01,,,,,,,,,,
L104035,2024-07-01,,,,,,,,,,
L104035,2024-08-01,,,,,,,,,,
L104035,2024-09-01,,,,,,,,,,
L104035,2024-10-01,,,,,,,,,,
L104035,2024-11-01,,,,,,,,,,
L104035,2024-12-01,,,,,,,,,,
L104035,2025-01-01,,,,,,,,,,
L104035,2025-02-01,,,,,,,,,,
L104035,2025-03-01,,,,,,,,,,
L104035,2025-04-01,,,,,,,,,,
L104035,2025-05-01,,,,,,,,,,
L104035,2025-06-01,,,,,,,,,,
L104035,2025-07-01,,,,,,,,,,
L104035,2025-08-01,,,,,,,,,,
L104041,2024-07-01,,,,,,,,,,
L104041,2024-08-01,,,,,,,,,,
L104041,2024-09-01,,,,,,,,,,
L104041,2024-10-01,,,,,,,,,,
L104041,2024-11-01,,,,,,,,,,
L104041,2024-12-01,,,,,,,,,,
L104041,2025-01-01,,,,,,,,,,
L104041,2025-02-01,,,,,,,,,,
L104041,2025-03-01,,,,,,,,,,
L104041,2025-04-01,,,,,,,,,,
L104041,2025-05-01,,,,,,,,,,
L104041,2025-06-01,,,,,,,,,,
L104041,2025-07-01,,,,,,,,,,
L104041,2025-08-01,,,,,,,,,,
L104041,2025-09-01,,,,,,,,,,
L104041,2025-10-01,,,,,,,,,,
L104041,2025-11-01,,,,,,,,,,
L104041,2025-12-01,,,,,,,,,,
L104044,2024-07-01,,,,,,,,,,
L104044,2024-08-01,,,,,,,,,,
L104044,2024-09-01,,,,,,,,,,
L104044,2024-10-01,,,,,,,,,,
L104045,2024-07-01,,,,,,,,,,
L104045,2024-08-01,,,,,,,,,,
L104045,2024-09-01,,,,,,,,,,
L104045,2024-10-01,,,,,,,,,,
L104045,2024-11-01,,,,,,,,,,
L104045,2024-12-01,,,,,,,,,,
L104045,2025-01-01,,,,,,,,,,
L104045,2025-02-01,,,,,,,,,,
L104045,2025-03-01,,,,,,,,,,
L104045,2025-04-01,,,,,,,,,,
L104045,2025-05-01,,,,,,,,,,
L104045,2025-06-01,,,,,,,,,,
L104045,2025-07-01,,,,,,,,,,
L104047,2024-07-01,,,,,,,,,,
L104047,2024-08-01,,,,,,,,,,
L104047,2024-09-01,,,,,,,,,,
L104047,2024-10-01,,,,,,,,,,
L104047,2024-11-01,,,,,,,,,,
L104047,2024-12-01,,,,,,,,,,
L104047,2025-01-01,,,,,,,,,,
L104047,2025-02-01,,,,,,,,,,
L104047,2025-03-01,,,,,,,,,,
L104047,2025-04-01,,,,,,,,,,
L104047,2025-05-01,,,,,,,,,,
L104047,2025-06-01,,,,,,,,,,
L104047,2025-07-01,,,,,,,,,,
L104047,2025-08-01,,,,,,,,,,
L104047,2025-09-01,,,,,,,,,,
L104047,2025-10-01,,,,,,,,,,
L104049,2024-07-01,,,,,,,,,,
L104049,2024-08-01,,,,,,,,,,
L104049,2024-09-01,,,,,,,,,,
L104049,2024-10-01,,,,,,,,,,
L104049,2024-11-01,,,,,,,,,,
L104049,2024-12-01,,,,,,,,,,
L104049,2025-01-01,,,,,,,,,,
L104060,2024-07-01,,,,,,,,,,
L104060,2024-08-01,,,,,,,,,,
L104060,2024-09-01,,,,,,,,,,
L104060,2024-10-01,,,,,,,,,,
L104060,2024-11-01,,,,,,,,,,
L104060,2024-12-01,,,,,,,,,,
L104060,2025-01-01,,,,,,,,,,
L104060,2025-02-01,,,,,,,,,,
L104064,2024-07-01,,,,,,,,,,
L104064,2024-08-01,,,,,,,,,,
L104064,2024-09-01,,,,,,,,,,
L104064,2024-10-01,,,,,,,,,,
L104064,2024-11-01,,,,,,,,,,
L104064,2024-12-01,,,,,,,,,,
L104064,2025-01-01,,,,,,,,,,
L104064,2025-02-01,,,,,,,,,,
L104064,2025-03-01,,,,,,,,,,
L104064,2025-04-01,,,,,,,,,,
L104064,2025-05-01,,,,,,,,,,
L104064,2025-06-01,,,,,,,,,,
L104064,2025-07-01,,,,,,,,,,
L104064,2025-08-01,,,,,,,,,,
L104064,2025-09-01,,,,,,,,,,
L104064,2025-10-01,,,,,,,,,,
L104071,2024-07-01,,,,,,,,,,
L104071,2024-08-01,,,,,,,,,,
L104071,2024-09-01,,,,,,,,,,
L104071,2024-10-01,,,,,,,,,,
L104071,2024-11-01,,,,,,,,,,
L104071,2024-12-01,,,,,,,,,,
L104071,2025-01-01,,,,,,,,,,
L104071,2025-02-01,,,,,,,,,,
L104071,2025-03-01,,,,,,,,,,
L104078,2024-07-01,,,,,,,,,,
L104078,2024-08-01,,,,,,,,,,
L104078,2024-09-01,,,,,,,,,,
L104078,2024-10-01,,,,,,,,,,
L104078,2024-11-01,,,,,,,,,,
L104078,2024-12-01,,,,,,,,,,
L104078,2025-01-01,,,,,,,,,,
L104078,2025-02-01,,,,,,,,,,
L104078,2025-03-01,,,,,,,,,,
L104078,2025-04-01,,,,,,,,,,
L104078,2025-05-01,,,,,,,,,,
L104078,2025-06-01,,,,,,,,,,
L104078,2025-07-01,,,,,,,,,,
L104078,2025-08-01,,,,,,,,,,
L104078,2025-09-01,,,,,,,,,,
L104078,2025-10-01,,,,,,,,,,
L104078,2025-11-01,,,,,,,,,,
L104078,2025-12-01,,,,,,,,,,
L104078,2026-01-01,,,,,,,,,,
L104078,2026-02-01,,,,,,,,,,
L104081,2024-07-01,,,,,,,,,,
L104081,2024-08-01,,,,,,,,,,
L104081,2024-09-01,,,,,,,,,,
L104081,2024-10-01,,,,,,,,,,
L104081,2024-11-01,,,,,,,,,,
L104081,2024-12-01,,,,,,,,,,
L104081,2025-01-01,,,,,,,,,,
L104081,2025-02-01,,,,,,,,,,
L104081,2025-03-01,,,,,,,,,,
L104082,2024-07-01,,,,,,,,,,
L104082,2024-08-01,,,,,,,,,,
L104082,2024-09-01,,,,,,,,,,
L104082,2024-10-01,,,,,,,,,,
L104082,2024-11-01,,,,,,,,,,
L104082,2024-12-01,,,,,,,,,,
L104082,2025-01-01,,,,,,,,,,
L104082,2025-02-01,,,,,,,,,,
L104082,2025-03-01,,,,,,,,,,
L104082,2025-04-01,,,,,,,,,,
L104082,2025-05-01,,,,,,,,,,
L104082,2025-06-01,,,,,,,,,,
L104082,2025-07-01,,,,,,,,,,
L104082,2025-08-01,,,,,,,,,,
L104082,2025-09-01,,,,,,,,,,
L104082,2025-10-01,,,,,,,,,,
L104082,2025-11-01,,,,,,,,,,
L104084,2024-07-01,,,,,,,,,,
L104084,2024-08-01,,,,,,,,,,
L104084,2024-09-01,,,,,,,,,,
L104084,2024-10-01,,,,,,,,,,
L104086,2024-07-01,,,,,,,,,,
L104086,2024-08-01,,,,,,,,,,
L104086,2024-09-01,,,,,,,,,,
L104087,2024-07-01,,,,,,,,,,
L104087,2024-08-01,,,,,,,,,,
L104087,2024-09-01,,,,,,,,,,
L104087,2024-10-01,,,,,,,,,,
L104087,2024-11-01,,,,,,,,,,
L104088,2024-07-01,,,,,,,,,,
L104089,2024-07-01,,,,,,,,,,
L104089,2024-08-01,,,,,,,,,,
L104089,2024-09-01,,,,,,,,,,
L104089,2024-10-01,,,,,,,,,,
L104089,2024-11-01,,,,,,,,,,
L104089,2024-12-01,,,,,,,,,,
L104089,2025-01-01,,,,,,,,,,
L104089,2025-02-01,,,,,,,,,,
L104089,2025-03-01,,,,,,,,,,
L104089,2025-04-01,,,,,,,,,,
L104089,2025-05-01,,,,,,,,,,
L104089,2025-06-01,,,,,,,,,,
L104092,2024-07-01,,,,,,,,,,
L104092,2024-08-01,,,,,,,,,,
L104092,2024-09-01,,,,,,,,,,
L104092,2024-10-01,,,,,,,,,,
L104092,2024-11-01,,,,,,,,,,
L104092,2024-12-01,,,,,,,,,,
L104092,2025-01-01,,,,,,,,,,
L104092,2025-02-01,,,,,,,,,,
L104092,2025-03-01,,,,,,,,,,
L104092,2025-04-01,,,,,,,,,,
L104092,2025-05-01,,,,,,,,,,
L104092,2025-06-01,,,,,,,,,,
L104092,2025-07-01,,,,,,,,,,
L104092,2025-08-01,,,,,,,,,,
L104092,2025-09-01,,,,,,,,,,
L104095,2024-07-01,,,,,,,,,,
L104095,2024-08-01,,,,,,,,,,
L104095,2024-09-01,,,,,,,,,,
L104095,2024-10-01,,,,,,,,,,
L104095,2024-11-01,,,,,,,,,,
L104095,2024-12-01,,,,,,,,,,
L104095,2025-01-01,,,,,,,,,,
L104095,2025-02-01,,,,,,,,,,
L104095,2025-03-01,,,,,,,,,,
L104095,2025-04-01,,,,,,,,,,
L104095,2025-05-01,,,,,,,,,,
L104098,2024-07-01,,,,,,,,,,
L104098,2024-08-01,,,,,,,,,,
L104098,2024-09-01,,,,,,,,,,
L104098,2024-10-01,,,,,,,,,,
L104098,2024-11-01,,,,,,,,,,
L104098,2024-12-01,,,,,,,,,,
L104098,2025-01-01,,,,,,,,,,
L104098,2025-02-01,,,,,,,,,,
L104098,2025-03-01,,,,,,,,,,
L104098,2025-04-01,,,,,,,,,,
L104098,2025-05-01,,,,,,,,,,
L104098,2025-06-01,,,,,,,,,,
L104098,2025-07-01,,,,,,,,,,
L104098,2025-08-01,,,,,,,,,,
L104098,2025-09-01,,,,,,,,,,
L104098,2025-10-01,,,,,,,,,,
L104098,2025-11-01,,,,,,,,,,
L104098,2025-12-01,,,,,,,,,,
L104098,2026-01-01,,,,,,,,,,
L104098,2026-02-01,,,,,,,,,,
L104106,2024-07-01,,,,,,,,,,
L104106,2024-08-01,,,,,,,,,,
L104106,2024-09-01,,,,,,,,,,
L104106,2024-10-01,,,,,,,,,,
L104106,2024-11-01,,,,,,,,,,
L104106,2024-12-01,,,,,,,,,,
L104106,2025-01-01,,,,,,,,,,
L104106,2025-02-01,,,,,,,,,,
L104106,2025-03-01,,,,,,,,,,
L104106,2025-04-01,,,,,,,,,,
L104106,2025-05-01,,,,,,,,,,
L104106,2025-06-01,,,,,,,,,,
L104106,2025-07-01,,,,,,,,,,
L104106,2025-08-01,,,,,,,,,,
L104106,2025-09-01,,,,,,,,,,
L104106,2025-10-01,,,,,,,,,,
L104106,2025-11-01,,,,,,,,,,
L104106,2025-12-01,,,,,,,,,,
L104106,2026-01-01,,,,,,,,,,
L104106,2026-02-01,,,,,,,,,,
L104111,2024-07-01,,,,,,,,,,
L104111,2024-08-01,,,,,,,,,,
L104111,2024-09-01,,,,,,,,,,
L104111,2024-10-01,,,,,,,,,,
L104111,2024-11-01,,,,,,,,,,
L104111,2024-12-01,,,,,,,,,,
L104111,2025-01-01,,,,,,,,,,
L104111,2025-02-01,,,,,,,,,,
L104111,2025-03-01,,,,,,,,,,
L104111,2025-04-01,,,,,,,,,,
L104111,2025-05-01,,,,,,,,,,
L104111,2025-06-01,,,,,,,,,,
L104111,2025-07-01,,,,,,,,,,
L104113,2024-07-01,,,,,,,,,,
L104113,2024-08-01,,,,,,,,,,
L104113,2024-09-01,,,,,,,,,,
L104113,2024-10-01,,,,,,,,,,
L104113,2024-11-01,,,,,,,,,,
L104113,2024-12-01,,,,,,,,,,
L104113,2025-01-01,,,,,,,,,,
L104113,2025-02-01,,,,,,,,,,
L104113,2025-03-01,,,,,,,,,,
L104118,2024-07-01,,,,,,,,,,
L104118,2024-08-01,,,,,,,,,,
L104118,2024-09-01,,,,,,,,,,
L104119,2024-07-01,,,,,,,,,,
L104119,2024-08-01,,,,,,,,,,
L104119,2024-09-01,,,,,,,,,,
L104119,2024-10-01,,,,,,,,,,
L104119,2024-11-01,,,,,,,,,,
L104119,2024-12-01,,,,,,,,,,
L104119,2025-01-01,,,,,,,,,,
L104119,2025-02-01,,,,,,,,,,
L104119,2025-03-01,,,,,,,,,,
L104119,2025-04-01,,,,,,,,,,
L104119,2025-05-01,,,,,,,,,,
L104119,2025-06-01,,,,,,,,,,
L104119,2025-07-01,,,,,,,,,,
L104119,2025-08-01,,,,,,,,,,
L104119,2025-09-01,,,,,,,,,,
L104119,2025-10-01,,,,,,,,,,
L104121,2024-07-01,,,,,,,,,,
L104121,2024-08-01,,,,,,,,,,
L104121,2024-09-01,,,,,,,,,,
L104121,2024-10-01,,,,,,,,,,
L104121,2024-11-01,,,,,,,,,,
L104121,2024-12-01,,,,,,,,,,
L104121,2025-01-01,,,,,,,,,,
L104121,2025-02-01,,,,,,,,,,
L104121,2025-03-01,,,,,,,,,,
L104121,2025-04-01,,,,,,,,,,
L104121,2025-05-01,,,,,,,,,,
L104121,2025-06-01,,,,,,,,,,
L104121,2025-07-01,,,,,,,,,,
L104121,2025-08-01,,,,,,,,,,
L104121,2025-09-01,,,,,,,,,,
L104121,2025-10-01,,,,,,,,,,
L104121,2025-11-01,,,,,,,,,,
L104121,2025-12-01,,,,,,,,,,
L104121,2026-01-01,,,,,,,,,,
L104123,2024-07-01,,,,,,,,,,
L104123,2024-08-01,,,,,,,,,,
L104123,2024-09-01,,,,,,,,,,
L104123,2024-10-01,,,,,,,,,,
L104123,2024-11-01,,,,,,,,,,
L104123,2024-12-01,,,,,,,,,,
L104123,2025-01-01,,,,,,,,,,
L104123,2025-02-01,,,,,,,,,,
L104123,2025-03-01,,,,,,,,,,
L104123,2025-04-01,,,,,,,,,,
L104123,2025-05-01,,,,,,,,,,
L104123,2025-06-01,,,,,,,,,,
L104123,2025-07-01,,,,,,,,,,
L104123,2025-08-01,,,,,,,,,,
L104123,2025-09-01,,,,,,,,,,
L104123,2025-10-01,,,,,,,,,,
L104123,2025-11-01,,,,,,,,,,
L104123,2025-12-01,,,,,,,,,,
L104123,2026-01-01,,,,,,,,,,
L104123,2026-02-01,,,,,,,,,,
L104123,2026-03-01,,,,,,,,,,
L104123,2026-04-01,,,,,,,,,,
L104123,2026-05-01,,,,,,,,,,
L104124,2024-07-01,,,,,,,,,,
L104124,2024-08-01,,,,,,,,,,
L104124,2024-09-01,,,,,,,,,,
L104124,2024-10-01,,,,,,,,,,
L104124,2024-11-01,,,,,,,,,,
L104124,2024-12-01,,,,,,,,,,
L104124,2025-01-01,,,,,,,,,,
L104124,2025-02-01,,,,,,,,,,
L104124,2025-03-01,,,,,,,,,,
L104124,2025-04-01,,,,,,,,,,
L104124,2025-05-01,,,,,,,,,,
L104124,2025-06-01,,,,,,,,,,
L104127,2024-07-01,,,,,,,,,,
L104127,2024-08-01,,,,,,,,,,
L104127,2024-09-01,,,,,,,,,,
L104127,2024-10-01,,,,,,,,,,
L104127,2024-11-01,,,,,,,,,,
L104127,2024-12-01,,,,,,,,,,
L104127,2025-01-01,,,,,,,,,,
L104127,2025-02-01,,,,,,,,,,
L104127,2025-03-01,,,,,,,,,,
L104127,2025-04-01,,,,,,,,,,
L104127,2025-05-01,,,,,,,,,,
L104127,2025-06-01,,,,,,,,,,
L104127,2025-07-01,,,,,,,,,,
L104127,2025-08-01,,,,,,,,,,
L104127,2025-09-01,,,,,,,,,,
L104127,2025-10-01,,,,,,,,,,
L104127,2025-11-01,,,,,,,,,,
L104127,2025-12-01,,,,,,,,,,
L104127,2026-01-01,,,,,,,,,,
L104127,2026-02-01,,,,,,,,,,
L104142,2024-07-01,,,,,,,,,,
L104142,2024-08-01,,,,,,,,,,
L104142,2024-09-01,,,,,,,,,,
L104142,2024-10-01,,,,,,,,,,
L104142,2024-11-01,,,,,,,,,,
L104142,2024-12-01,,,,,,,,,,
L104142,2025-01-01,,,,,,,,,,
L104142,2025-02-01,,,,,,,,,,
L104145,2024-07-01,,,,,,,,,,
L104145,2024-08-01,,,,,,,,,,
L104145,2024-09-01,,,,,,,,,,
L104145,2024-10-01,,,,,,,,,,
L104145,2024-11-01,,,,,,,,,,
L104145,2024-12-01,,,,,,,,,,
L104145,2025-01-01,,,,,,,,,,
L104145,2025-02-01,,,,,,,,,,
L104145,2025-03-01,,,,,,,,,,
L104145,2025-04-01,,,,,,,,,,
L104145,2025-05-01,,,,,,,,,,
L104145,2025-06-01,,,,,,,,,,
L104145,2025-07-01,,,,,,,,,,
L104145,2025-08-01,,,,,,,,,,
L104145,2025-09-01,,,,,,,,,,
L104145,2025-10-01,,,,,,,,,,
L104145,2025-11-01,,,,,,,,,,
L104145,2025-12-01,,,,,,,,,,
L104147,2024-07-01,,,,,,,,,,
L104147,2024-08-01,,,,,,,,,,
L104156,2024-07-01,,,,,,,,,,
L104156,2024-08-01,,,,,,,,,,
L104156,2024-09-01,,,,,,,,,,
L104156,2024-10-01,,,,,,,,,,
L104156,2024-11-01,,,,,,,,,,
L104156,2024-12-01,,,,,,,,,,
L104156,2025-01-01,,,,,,,,,,
L104156,2025-02-01,,,,,,,,,,
L104156,2025-03-01,,,,,,,,,,
L104156,2025-04-01,,,,,,,,,,
L104156,2025-05-01,,,,,,,,,,
L104156,2025-06-01,,,,,,,,,,
L104156,2025-07-01,,,,,,,,,,
L104156,2025-08-01,,,,,,,,,,
L104156,2025-09-01,,,,,,,,,,
L104156,2025-10-01,,,,,,,,,,
L104156,2025-11-01,,,,,,,,,,
L104159,2024-07-01,,,,,,,,,,
L104159,2024-08-01,,,,,,,,,,
L104159,2024-09-01,,,,,,,,,,
L104159,2024-10-01,,,,,,,,,,
L104159,2024-11-01,,,,,,,,,,
L104159,2024-12-01,,,,,,,,,,
L104159,2025-01-01,,,,,,,,,,
L104159,2025-02-01,,,,,,,,,,
L104159,2025-03-01,,,,,,,,,,
L104159,2025-04-01,,,,,,,,,,
L104159,2025-05-01,,,,,,,,,,
L104161,2024-07-01,,,,,,,,,,
L104161,2024-08-01,,,,,,,,,,
L104161,2024-09-01,,,,,,,,,,
L104161,2024-10-01,,,,,,,,,,
L104161,2024-11-01,,,,,,,,,,
L104161,2024-12-01,,,,,,,,,,
L104161,2025-01-01,,,,,,,,,,
L104161,2025-02-01,,,,,,,,,,
L104161,2025-03-01,,,,,,,,,,
L104161,2025-04-01,,,,,,,,,,
L104161,2025-05-01,,,,,,,,,,
L104161,2025-06-01,,,,,,,,,,
L104161,2025-07-01,,,,,,,,,,
L104161,2025-08-01,,,,,,,,,,
L104161,2025-09-01,,,,,,,,,,
L104161,2025-10-01,,,,,,,,,,
L104161,2025-11-01,,,,,,,,,,
L104161,2025-12-01,,,,,,,,,,
L104161,2026-01-01,,,,,,,,,,
L104161,2026-02-01,,,,,,,,,,
L104162,2024-07-01,,,,,,,,,,
L104162,2024-08-01,,,,,,,,,,
L104162,2024-09-01,,,,,,,,,,
L104162,2024-10-01,,,,,,,,,,
L104162,2024-11-01,,,,,,,,,,
L104162,2024-12-01,,,,,,,,,,
L104162,2025-01-01,,,,,,,,,,
L104162,2025-02-01,,,,,,,,,,
L104164,2024-07-01,,,,,,,,,,
L104164,2024-08-01,,,,,,,,,,
L104164,2024-09-01,,,,,,,,,,
L104164,2024-10-01,,,,,,,,,,
L104164,2024-11-01,,,,,,,,,,
L104164,2024-12-01,,,,,,,,,,
L104164,2025-01-01,,,,,,,,,,
L104164,2025-02-01,,,,,,,,,,
L104164,2025-03-01,,,,,,,,,,
L104164,2025-04-01,,,,,,,,,,
L104164,2025-05-01,,,,,,,,,,
L104169,2024-07-01,,,,,,,,,,
L104169,2024-08-01,,,,,,,,,,
L104169,2024-09-01,,,,,,,,,,
L104169,2024-10-01,,,,,,,,,,
L104169,2024-11-01,,,,,,,,,,
L104169,2024-12-01,,,,,,,,,,
L104169,2025-01-01,,,,,,,,,,
L104169,2025-02-01,,,,,,,,,,
L104169,2025-03-01,,,,,,,,,,
L104169,2025-04-01,,,,,,,,,,
L104169,2025-05-01,,,,,,,,,,
L104169,2025-06-01,,,,,,,,,,
L104169,2025-07-01,,,,,,,,,,
L104172,2024-07-01,,,,,,,,,,
L104172,2024-08-01,,,,,,,,,,
L104172,2024-09-01,,,,,,,,,,
L104172,2024-10-01,,,,,,,,,,
L104172,2024-11-01,,,,,,,,,,
L104172,2024-12-01,,,,,,,,,,
L104172,2025-01-01,,,,,,,,,,
L104172,2025-02-01,,,,,,,,,,
L104172,2025-03-01,,,,,,,,,,
L104172,2025-04-01,,,,,,,,,,
L104172,2025-05-01,,,,,,,,,,
L104172,2025-06-01,,,,,,,,,,
L104172,2025-07-01,,,,,,,,,,
L104172,2025-08-01,,,,,,,,,,
L104172,2025-09-01,,,,,,,,,,
L104173,2024-07-01,,,,,,,,,,
L104173,2024-08-01,,,,,,,,,,
L104173,2024-09-01,,,,,,,,,,
L104173,2024-10-01,,,,,,,,,,
L104173,2024-11-01,,,,,,,,,,
L104173,2024-12-01,,,,,,,,,,
L104173,2025-01-01,,,,,,,,,,
L104173,2025-02-01,,,,,,,,,,
L104173,2025-03-01,,,,,,,,,,
L104173,2025-04-01,,,,,,,,,,
L104174,2024-07-01,,,,,,,,,,
L104174,2024-08-01,,,,,,,,,,
L104174,2024-09-01,,,,,,,,,,
L104174,2024-10-01,,,,,,,,,,
L104174,2024-11-01,,,,,,,,,,
L104174,2024-12-01,,,,,,,,,,
L104174,2025-01-01,,,,,,,,,,
L104174,2025-02-01,,,,,,,,,,
L104174,2025-03-01,,,,,,,,,,
L104174,2025-04-01,,,,,,,,,,
L104174,2025-05-01,,,,,,,,,,
L104174,2025-06-01,,,,,,,,,,
L104176,2024-07-01,,,,,,,,,,
L104176,2024-08-01,,,,,,,,,,
L104176,2024-09-01,,,,,,,,,,
L104176,2024-10-01,,,,,,,,,,
L104176,2024-11-01,,,,,,,,,,
L104178,2024-07-01,,,,,,,,,,
L104179,2024-07-01,,,,,,,,,,
L104179,2024-08-01,,,,,,,,,,
L104179,2024-09-01,,,,,,,,,,
L104179,2024-10-01,,,,,,,,,,
L104179,2024-11-01,,,,,,,,,,
L104179,2024-12-01,,,,,,,,,,
L104182,2024-07-01,,,,,,,,,,
L104182,2024-08-01,,,,,,,,,,
L104182,2024-09-01,,,,,,,,,,
L104182,2024-10-01,,,,,,,,,,
L104182,2024-11-01,,,,,,,,,,
L104182,2024-12-01,,,,,,,,,,
L104182,2025-01-01,,,,,,,,,,
L104182,2025-02-01,,,,,,,,,,
L104182,2025-03-01,,,,,,,,,,
L104182,2025-04-01,,,,,,,,,,
L104182,2025-05-01,,,,,,,,,,
L104182,2025-06-01,,,,,,,,,,
L104182,2025-07-01,,,,,,,,,,
L104182,2025-08-01,,,,,,,,,,
L104182,2025-09-01,,,,,,,,,,
L104182,2025-10-01,,,,,,,,,,
L104182,2025-11-01,,,,,,,,,,
L104182,2025-12-01,,,,,,,,,,
L104182,2026-01-01,,,,,,,,,,
L104182,2026-02-01,,,,,,,,,,
L104183,2024-07-01,,,,,,,,,,
L104183,2024-08-01,,,,,,,,,,
L104183,2024-09-01,,,,,,,,,,
L104183,2024-10-01,,,,,,,,,,
L104183,2024-11-01,,,,,,,,,,
L104183,2024-12-01,,,,,,,,,,
L104183,2025-01-01,,,,,,,,,,
L104183,2025-02-01,,,,,,,,,,
L104183,2025-03-01,,,,,,,,,,
L104183,2025-04-01,,,,,,,,,,
L104183,2025-05-01,,,,,,,,,,
L104183,2025-06-01,,,,,,,,,,
L104183,2025-07-01,,,,,,,,,,
L104186,2024-07-01,,,,,,,,,,
L104186,2024-08-01,,,,,,,,,,
L104186,2024-09-01,,,,,,,,,,
L104186,2024-10-01,,,,,,,,,,
L104186,2024-11-01,,,,,,,,,,
L104186,2024-12-01,,,,,,,,,,
L104186,2025-01-01,,,,,,,,,,
L104186,2025-02-01,,,,,,,,,,
L104186,2025-03-01,,,,,,,,,,
L104186,2025-04-01,,,,,,,,,,
L104186,2025-05-01,,,,,,,,,,
L104186,2025-06-01,,,,,,,,,,
L104189,2024-07-01,,,,,,,,,,
L104189,2024-08-01,,,,,,,,,,
L104189,2024-09-01,,,,,,,,,,
L104189,2024-10-01,,,,,,,,,,
L104189,2024-11-01,,,,,,,,,,
L104189,2024-12-01,,,,,,,,,,
L104189,2025-01-01,,,,,,,,,,
L104189,2025-02-01,,,,,,,,,,
L104189,2025-03-01,,,,,,,,,,
L104189,2025-04-01,,,,,,,,,,
L104189,2025-05-01,,,,,,,,,,
L104189,2025-06-01,,,,,,,,,,
L104189,2025-07-01,,,,,,,,,,
L104189,2025-08-01,,,,,,,,,,
L104189,2025-09-01,,,,,,,,,,
L104189,2025-10-01,,,,,,,,,,
L104189,2025-11-01,,,,,,,,,,
L104189,2025-12-01,,,,,,,,,,
L104202,2024-07-01,,,,,,,,,,
L104202,2024-08-01,,,,,,,,,,
L104202,2024-09-01,,,,,,,,,,
L104202,2024-10-01,,,,,,,,,,
L104202,2024-11-01,,,,,,,,,,
L104202,2024-12-01,,,,,,,,,,
L104202,2025-01-01,,,,,,,,,,
L104206,2024-07-01,,,,,,,,,,
L104206,2024-08-01,,,,,,,,,,
L104206,2024-09-01,,,,,,,,,,
L104206,2024-10-01,,,,,,,,,,
L104206,2024-11-01,,,,,,,,,,
L104206,2024-12-01,,,,,,,,,,
L104206,2025-01-01,,,,,,,,,,
L104206,2025-02-01,,,,,,,,,,
L104206,2025-03-01,,,,,,,,,,
L104208,2024-07-01,,,,,,,,,,
L104208,2024-08-01,,,,,,,,,,
L104208,2024-09-01,,,,,,,,,,
L104208,2024-10-01,,,,,,,,,,
L104208,2024-11-01,,,,,,,,,,
L104211,2024-07-01,,,,,,,,,,
L104211,2024-08-01,,,,,,,,,,
L104211,2024-09-01,,,,,,,,,,
L104211,2024-10-01,,,,,,,,,,
L104211,2024-11-01,,,,,,,,,,
L104211,2024-12-01,,,,,,,,,,
L104211,2025-01-01,,,,,,,,,,
L104211,2025-02-01,,,,,,,,,,
L104211,2025-03-01,,,,,,,,,,
L104212,2024-07-01,,,,,,,,,,
L104212,2024-08-01,,,,,,,,,,
L104214,2024-07-01,,,,,,,,,,
L104214,2024-08-01,,,,,,,,,,
L104214,2024-09-01,,,,,,,,,,
L104214,2024-10-01,,,,,,,,,,
L104214,2024-11-01,,,,,,,,,,
L104214,2024-12-01,,,,,,,,,,
L104214,2025-01-01,,,,,,,,,,
L104214,2025-02-01,,,,,,,,,,
L104214,2025-03-01,,,,,,,,,,
L104214,2025-04-01,,,,,,,,,,
L104214,2025-05-01,,,,,,,,,,
L104214,2025-06-01,,,,,,,,,,
L104214,2025-07-01,,,,,,,,,,
L104214,2025-08-01,,,,,,,,,,
L104214,2025-09-01,,,,,,,,,,
L104218,2024-07-01,,,,,,,,,,
L104218,2024-08-01,,,,,,,,,,
L104218,2024-09-01,,,,,,,,,,
L104218,2024-10-01,,,,,,,,,,
L104218,2024-11-01,,,,,,,,,,
L104218,2024-12-01,,,,,,,,,,
L104218,2025-01-01,,,,,,,,,,
L104218,2025-02-01,,,,,,,,,,
L104220,2024-07-01,,,,,,,,,,
L104220,2024-08-01,,,,,,,,,,
L104220,2024-09-01,,,,,,,,,,
L104220,2024-10-01,,,,,,,,,,
L104220,2024-11-01,,,,,,,,,,
L104222,2024-07-01,,,,,,,,,,
L104222,2024-08-01,,,,,,,,,,
L104222,2024-09-01,,,,,,,,,,
L104222,2024-10-01,,,,,,,,,,
L104226,2024-07-01,,,,,,,,,,
L104226,2024-08-01,,,,,,,,,,
L104226,2024-09-01,,,,,,,,,,
L104230,2024-07-01,,,,,,,,,,
L104230,2024-08-01,,,,,,,,,,
L104230,2024-09-01,,,,,,,,,,
L104230,2024-10-01,,,,,,,,,,
L104230,2024-11-01,,,,,,,,,,
L104230,2024-12-01,,,,,,,,,,
L104230,2025-01-01,,,,,,,,,,
L104230,2025-02-01,,,,,,,,,,
L104230,2025-03-01,,,,,,,,,,
L104230,2025-04-01,,,,,,,,,,
L104230,2025-05-01,,,,,,,,,,
L104230,2025-06-01,,,,,,,,,,
L104230,2025-07-01,,,,,,,,,,
L104230,2025-08-01,,,,,,,,,,
L104230,2025-09-01,,,,,,,,,,
L104230,2025-10-01,,,,,,,,,,
L104236,2024-07-01,,,,,,,,,,
L104236,2024-08-01,,,,,,,,,,
L104236,2024-09-01,,,,,,,,,,
L104236,2024-10-01,,,,,,,,,,
L104236,2024-11-01,,,,,,,,,,
L104236,2024-12-01,,,,,,,,,,
L104236,2025-01-01,,,,,,,,,,
L104236,2025-02-01,,,,,,,,,,
L104236,2025-03-01,,,,,,,,,,
L104236,2025-04-01,,,,,,,,,,
L104236,2025-05-01,,,,,,,,,,
L104236,2025-06-01,,,,,,,,,,
L104236,2025-07-01,,,,,,,,,,
L104236,2025-08-01,,,,,,,,,,
L104236,2025-09-01,,,,,,,,,,
L104236,2025-10-01,,,,,,,,,,
L104236,2025-11-01,,,,,,,,,,
L104236,2025-12-01,,,,,,,,,,
L104236,2026-01-01,,,,,,,,,,
L104236,2026-02-01,,,,,,,,,,
L104236,2026-03-01,,,,,,,,,,
L104237,2024-07-01,,,,,,,,,,
L104237,2024-08-01,,,,,,,,,,
L104237,2024-09-01,,,,,,,,,,
L104237,2024-10-01,,,,,,,,,,
L104237,2024-11-01,,,,,,,,,,
L104237,2024-12-01,,,,,,,,,,
L104237,2025-01-01,,,,,,,,,,
L104237,2025-02-01,,,,,,,,,,
L104237,2025-03-01,,,,,,,,,,
L104237,2025-04-01,,,,,,,,,,
L104237,2025-05-01,,,,,,,,,,
L104237,2025-06-01,,,,,,,,,,
L104237,2025-07-01,,,,,,,,,,
L104238,2024-07-01,,,,,,,,,,
L104238,2024-08-01,,,,,,,,,,
L104238,2024-09-01,,,,,,,,,,
L104238,2024-10-01,,,,,,,,,,
L104238,2024-11-01,,,,,,,,,,
L104238,2024-12-01,,,,,,,,,,
L104238,2025-01-01,,,,,,,,,,
L104239,2024-07-01,,,,,,,,,,
L104239,2024-08-01,,,,,,,,,,
L104239,2024-09-01,,,,,,,,,,
L104239,2024-10-01,,,,,,,,,,
L104239,2024-11-01,,,,,,,,,,
L104241,2024-07-01,,,,,,,,,,
L104241,2024-08-01,,,,,,,,,,
L104241,2024-09-01,,,,,,,,,,
L104241,2024-10-01,,,,,,,,,,
L104241,2024-11-01,,,,,,,,,,
L104241,2024-12-01,,,,,,,,,,
L104242,2024-07-01,,,,,,,,,,
L104242,2024-08-01,,,,,,,,,,
L104242,2024-09-01,,,,,,,,,,
L104242,2024-10-01,,,,,,,,,,
L104242,2024-11-01,,,,,,,,,,
L104242,2024-12-01,,,,,,,,,,
L104242,2025-01-01,,,,,,,,,,
L104242,2025-02-01,,,,,,,,,,
L104242,2025-03-01,,,,,,,,,,
L104242,2025-04-01,,,,,,,,,,
L104242,2025-05-01,,,,,,,,,,
L104242,2025-06-01,,,,,,,,,,
L104242,2025-07-01,,,,,,,,,,
L104242,2025-08-01,,,,,,,,,,
L104242,2025-09-01,,,,,,,,,,
L104242,2025-10-01,,,,,,,,,,
L104242,2025-11-01,,,,,,,,,,
L104242,2025-12-01,,,,,,,,,,
L104242,2026-01-01,,,,,,,,,,
L104242,2026-02-01,,,,,,,,,,
L104242,2026-03-01,,,,,,,,,,
L104244,2024-07-01,,,,,,,,,,
L104244,2024-08-01,,,,,,,,,,
L104244,2024-09-01,,,,,,,,,,
L104244,2024-10-01,,,,,,,,,,
L104244,2024-11-01,,,,,,,,,,
L104244,2024-12-01,,,,,,,,,,
L104244,2025-01-01,,,,,,,,,,
L104244,2025-02-01,,,,,,,,,,
L104244,2025-03-01,,,,,,,,,,
L104244,2025-04-01,,,,,,,,,,
L104244,2025-05-01,,,,,,,,,,
L104244,2025-06-01,,,,,,,,,,
L104244,2025-07-01,,,,,,,,,,
L104244,2025-08-01,,,,,,,,,,
L104244,2025-09-01,,,,,,,,,,
L104244,2025-10-01,,,,,,,,,,
L104249,2024-07-01,,,,,,,,,,
L104249,2024-08-01,,,,,,,,,,
L104249,2024-09-01,,,,,,,,,,
L104249,2024-10-01,,,,,,,,,,
L104249,2024-11-01,,,,,,,,,,
L104249,2024-12-01,,,,,,,,,,
L104252,2024-07-01,,,,,,,,,,
L104252,2024-08-01,,,,,,,,,,
L104252,2024-09-01,,,,,,,,,,
L104252,2024-10-01,,,,,,,,,,
L104252,2024-11-01,,,,,,,,,,
L104252,2024-12-01,,,,,,,,,,
L104252,2025-01-01,,,,,,,,,,
L104252,2025-02-01,,,,,,,,,,
L104252,2025-03-01,,,,,,,,,,
L104252,2025-04-01,,,,,,,,,,
L104252,2025-05-01,,,,,,,,,,
L104252,2025-06-01,,,,,,,,,,
L104252,2025-07-01,,,,,,,,,,
L104252,2025-08-01,,,,,,,,,,
L104257,2024-07-01,,,,,,,,,,
L104257,2024-08-01,,,,,,,,,,
L104257,2024-09-01,,,,,,,,,,
L104257,2024-10-01,,,,,,,,,,
L104257,2024-11-01,,,,,,,,,,
L104257,2024-12-01,,,,,,,,,,
L104257,2025-01-01,,,,,,,,,,
L104257,2025-02-01,,,,,,,,,,
L104257,2025-03-01,,,,,,,,,,
L104258,2024-07-01,,,,,,,,,,
L104258,2024-08-01,,,,,,,,,,
L104258,2024-09-01,,,,,,,,,,
L104258,2024-10-01,,,,,,,,,,
L104258,2024-11-01,,,,,,,,,,
L104258,2024-12-01,,,,,,,,,,
L104258,2025-01-01,,,,,,,,,,
L104258,2025-02-01,,,,,,,,,,
L104258,2025-03-01,,,,,,,,,,
L104258,2025-04-01,,,,,,,,,,
L104258,2025-05-01,,,,,,,,,,
L104258,2025-06-01,,,,,,,,,,
L104258,2025-07-01,,,,,,,,,,
L104258,2025-08-01,,,,,,,,,,
L104258,2025-09-01,,,,,,,,,,
L104258,2025-10-01,,,,,,,,,,
L104258,2025-11-01,,,,,,,,,,
L104258,2025-12-01,,,,,,,,,,
L104260,2024-07-01,,,,,,,,,,
L104260,2024-08-01,,,,,,,,,,
L104260,2024-09-01,,,,,,,,,,
L104260,2024-10-01,,,,,,,,,,
L104260,2024-11-01,,,,,,,,,,
L104260,2024-12-01,,,,,,,,,,
L104260,2025-01-01,,,,,,,,,,
L104260,2025-02-01,,,,,,,,,,
L104260,2025-03-01,,,,,,,,,,
L104261,2024-07-01,,,,,,,,,,
L104261,2024-08-01,,,,,,,,,,
L104261,2024-09-01,,,,,,,,,,
L104261,2024-10-01,,,,,,,,,,
L104261,2024-11-01,,,,,,,,,,
L104261,2024-12-01,,,,,,,,,,
L104261,2025-01-01,,,,,,,,,,
L104261,2025-02-01,,,,,,,,,,
L104261,2025-03-01,,,,,,,,,,
L104261,2025-04-01,,,,,,,,,,
L104261,2025-05-01,,,,,,,,,,
L104261,2025-06-01,,,,,,,,,,
L104261,2025-07-01,,,,,,,,,,
L104261,2025-08-01,,,,,,,,,,
L104261,2025-09-01,,,,,,,,,,
L104261,2025-10-01,,,,,,,,,,
L104261,2025-11-01,,,,,,,,,,
L104261,2025-12-01,,,,,,,,,,
L104261,2026-01-01,,,,,,,,,,
L104261,2026-02-01,,,,,,,,,,
L104261,2026-03-01,,,,,,,,,,
L104261,2026-04-01,,,,,,,,,,
L104264,2024-07-01,,,,,,,,,,
L104264,2024-08-01,,,,,,,,,,
L104264,2024-09-01,,,,,,,,,,
L104265,2024-07-01,,,,,,,,,,
L104265,2024-08-01,,,,,,,,,,
L104265,2024-09-01,,,,,,,,,,
L104265,2024-10-01,,,,,,,,,,
L104265,2024-11-01,,,,,,,,,,
L104265,2024-12-01,,,,,,,,,,
L104265,2025-01-01,,,,,,,,,,
L104265,2025-02-01,,,,,,,,,,
L104265,2025-03-01,,,,,,,,,,
L104265,2025-04-01,,,,,,,,,,
L104265,2025-05-01,,,,,,,,,,
L104265,2025-06-01,,,,,,,,,,
L104265,2025-07-01,,,,,,,,,,
L104265,2025-08-01,,,,,,,,,,
L104265,2025-09-01,,,,,,,,,,
L104265,2025-10-01,,,,,,,,,,
L104265,2025-11-01,,,,,,,,,,
L104265,2025-12-01,,,,,,,,,,
L104265,2026-01-01,,,,,,,,,,
L104265,2026-02-01,,,,,,,,,,
L104267,2024-07-01,,,,,,,,,,
L104267,2024-08-01,,,,,,,,,,
L104267,2024-09-01,,,,,,,,,,
L104267,2024-10-01,,,,,,,,,,
L104268,2024-07-01,,,,,,,,,,
L104268,2024-08-01,,,,,,,,,,
L104268,2024-09-01,,,,,,,,,,
L104268,2024-10-01,,,,,,,,,,
L104268,2024-11-01,,,,,,,,,,
L104268,2024-12-01,,,,,,,,,,
L104268,2025-01-01,,,,,,,,,,
L104268,2025-02-01,,,,,,,,,,
L104268,2025-03-01,,,,,,,,,,
L104268,2025-04-01,,,,,,,,,,
L104268,2025-05-01,,,,,,,,,,
L104268,2025-06-01,,,,,,,,,,
L104268,2025-07-01,,,,,,,,,,
L104268,2025-08-01,,,,,,,,,,
L104268,2025-09-01,,,,,,,,,,
L104271,2024-07-01,,,,,,,,,,
L104271,2024-08-01,,,,,,,,,,
L104271,2024-09-01,,,,,,,,,,
L104271,2024-10-01,,,,,,,,,,
L104271,2024-11-01,,,,,,,,,,
L104271,2024-12-01,,,,,,,,,,
L104271,2025-01-01,,,,,,,,,,
L104271,2025-02-01,,,,,,,,,,
L104271,2025-03-01,,,,,,,,,,
L104271,2025-04-01,,,,,,,,,,
L104271,2025-05-01,,,,,,,,,,
L104271,2025-06-01,,,,,,,,,,
L104271,2025-07-01,,,,,,,,,,
L104271,2025-08-01,,,,,,,,,,
L104271,2025-09-01,,,,,,,,,,
L104271,2025-10-01,,,,,,,,,,
L104271,2025-11-01,,,,,,,,,,
L104271,2025-12-01,,,,,,,,,,
L104271,2026-01-01,,,,,,,,,,
L104271,2026-02-01,,,,,,,,,,
L104271,2026-03-01,,,,,,,,,,
L104274,2024-07-01,,,,,,,,,,
L104274,2024-08-01,,,,,,,,,,
L104274,2024-09-01,,,,,,,,,,
L104274,2024-10-01,,,,,,,,,,
L104274,2024-11-01,,,,,,,,,,
L104274,2024-12-01,,,,,,,,,,
L104274,2025-01-01,,,,,,,,,,
L104274,2025-02-01,,,,,,,,,,
L104274,2025-03-01,,,,,,,,,,
L104274,2025-04-01,,,,,,,,,,
L104274,2025-05-01,,,,,,,,,,
L104274,2025-06-01,,,,,,,,,,
L104274,2025-07-01,,,,,,,,,,
L104274,2025-08-01,,,,,,,,,,
L104274,2025-09-01,,,,,,,,,,
L104277,2024-07-01,,,,,,,,,,
L104283,2024-07-01,,,,,,,,,,
L104283,2024-08-01,,,,,,,,,,
L104283,2024-09-01,,,,,,,,,,
L104283,2024-10-01,,,,,,,,,,
L104283,2024-11-01,,,,,,,,,,
L104283,2024-12-01,,,,,,,,,,
L104284,2024-07-01,,,,,,,,,,
L104284,2024-08-01,,,,,,,,,,
L104287,2024-07-01,,,,,,,,,,
L104287,2024-08-01,,,,,,,,,,
L104287,2024-09-01,,,,,,,,,,
L104287,2024-10-01,,,,,,,,,,
L104287,2024-11-01,,,,,,,,,,
L104287,2024-12-01,,,,,,,,,,
L104287,2025-01-01,,,,,,,,,,
L104287,2025-02-01,,,,,,,,,,
L104287,2025-03-01,,,,,,,,,,
L104287,2025-04-01,,,,,,,,,,
L104287,2025-05-01,,,,,,,,,,
L104287,2025-06-01,,,,,,,,,,
L104287,2025-07-01,,,,,,,,,,
L104287,2025-08-01,,,,,,,,,,
L104287,2025-09-01,,,,,,,,,,
L104287,2025-10-01,,,,,,,,,,
L104287,2025-11-01,,,,,,,,,,
L104287,2025-12-01,,,,,,,,,,
L104287,2026-01-01,,,,,,,,,,
L104287,2026-02-01,,,,,,,,,,
L104287,2026-03-01,,,,,,,,,,
L104292,2024-07-01,,,,,,,,,,
L104292,2024-08-01,,,,,,,,,,
L104292,2024-09-01,,,,,,,,,,
L104292,2024-10-01,,,,,,,,,,
L104292,2024-11-01,,,,,,,,,,
L104292,2024-12-01,,,,,,,,,,
L104292,2025-01-01,,,,,,,,,,
L104292,2025-02-01,,,,,,,,,,
L104292,2025-03-01,,,,,,,,,,
L104292,2025-04-01,,,,,,,,,,
L104292,2025-05-01,,,,,,,,,,
L104292,2025-06-01,,,,,,,,,,
L104292,2025-07-01,,,,,,,,,,
L104292,2025-08-01,,,,,,,,,,
L104292,2025-09-01,,,,,,,,,,
L104292,2025-10-01,,,,,,,,,,
L104292,2025-11-01,,,,,,,,,,
L104292,2025-12-01,,,,,,,,,,
L104292,2026-01-01,,,,,,,,,,
L104292,2026-02-01,,,,,,,,,,
L104292,2026-03-01,,,,,,,,,,
L104292,2026-04-01,,,,,,,,,,
L104294,2024-07-01,,,,,,,,,,
L104294,2024-08-01,,,,,,,,,,
L104294,2024-09-01,,,,,,,,,,
L104294,2024-10-01,,,,,,,,,,
L104294,2024-11-01,,,,,,,,,,
L104294,2024-12-01,,,,,,,,,,
L104294,2025-01-01,,,,,,,,,,
L104294,2025-02-01,,,,,,,,,,
L104294,2025-03-01,,,,,,,,,,
L104294,2025-04-01,,,,,,,,,,
L104294,2025-05-01,,,,,,,,,,
L104294,2025-06-01,,,,,,,,,,
L104294,2025-07-01,,,,,,,,,,
L104294,2025-08-01,,,,,,,,,,
L104294,2025-09-01,,,,,,,,,,
L104294,2025-10-01,,,,,,,,,,
L104294,2025-11-01,,,,,,,,,,
L104294,2025-12-01,,,,,,,,,,
L104294,2026-01-01,,,,,,,,,,
L104294,2026-02-01,,,,,,,,,,
L104294,2026-03-01,,,,,,,,,,
L104294,2026-04-01,,,,,,,,,,
L104294,2026-05-01,,,,,,,,,,
L104298,2024-07-01,,,,,,,,,,
L104298,2024-08-01,,,,,,,,,,
L104298,2024-09-01,,,,,,,,,,
L104298,2024-10-01,,,,,,,,,,
L104298,2024-11-01,,,,,,,,,,
L104298,2024-12-01,,,,,,,,,,
L104298,2025-01-01,,,,,,,,,,
L104298,2025-02-01,,,,,,,,,,
L104298,2025-03-01,,,,,,,,,,
L104298,2025-04-01,,,,,,,,,,
L104298,2025-05-01,,,,,,,,,,
L104298,2025-06-01,,,,,,,,,,
L104298,2025-07-01,,,,,,,,,,
L104298,2025-08-01,,,,,,,,,,
L104298,2025-09-01,,,,,,,,,,
L104298,2025-10-01,,,,,,,,,,
L104298,2025-11-01,,,,,,,,,,
L104298,2025-12-01,,,,,,,,,,
L104298,2026-01-01,,,,,,,,,,
L104298,2026-02-01,,,,,,,,,,
L104298,2026-03-01,,,,,,,,,,
L104299,2024-07-01,,,,,,,,,,
L104303,2024-07-01,,,,,,,,,,
L104303,2024-08-01,,,,,,,,,,
L104303,2024-09-01,,,,,,,,,,
L104303,2024-10-01,,,,,,,,,,
L104303,2024-11-01,,,,,,,,,,
L104303,2024-12-01,,,,,,,,,,
L104303,2025-01-01,,,,,,,,,,
L104303,2025-02-01,,,,,,,,,,
L104303,2025-03-01,,,,,,,,,,
L104303,2025-04-01,,,,,,,,,,
L104303,2025-05-01,,,,,,,,,,
L104303,2025-06-01,,,,,,,,,,
L104303,2025-07-01,,,,,,,,,,
L104303,2025-08-01,,,,,,,,,,
L104303,2025-09-01,,,,,,,,,,
L104303,2025-10-01,,,,,,,,,,
L104303,2025-11-01,,,,,,,,,,
L104303,2025-12-01,,,,,,,,,,
L104303,2026-01-01,,,,,,,,,,
L104303,2026-02-01,,,,,,,,,,
L104306,2024-07-01,,,,,,,,,,
L104306,2024-08-01,,,,,,,,,,
L104306,2024-09-01,,,,,,,,,,
L104306,2024-10-01,,,,,,,,,,
L104306,2024-11-01,,,,,,,,,,
L104306,2024-12-01,,,,,,,,,,
L104306,2025-01-01,,,,,,,,,,
L104306,2025-02-01,,,,,,,,,,
L104308,2024-07-01,,,,,,,,,,
L104308,2024-08-01,,,,,,,,,,
L104308,2024-09-01,,,,,,,,,,
L104308,2024-10-01,,,,,,,,,,
L104308,2024-11-01,,,,,,,,,,
L104308,2024-12-01,,,,,,,,,,
L104308,2025-01-01,,,,,,,,,,
L104308,2025-02-01,,,,,,,,,,
L104308,2025-03-01,,,,,,,,,,
L104308,2025-04-01,,,,,,,,,,
L104308,2025-05-01,,,,,,,,,,
L104308,2025-06-01,,,,,,,,,,
L104308,2025-07-01,,,,,,,,,,
L104308,2025-08-01,,,,,,,,,,
L104308,2025-09-01,,,,,,,,,,
L104308,2025-10-01,,,,,,,,,,
L104308,2025-11-01,,,,,,,,,,
L104308,2025-12-01,,,,,,,,,,
L104308,2026-01-01,,,,,,,,,,
L104308,2026-02-01,,,,,,,,,,
L104308,2026-03-01,,,,,,,,,,
L104308,2026-04-01,,,,,,,,,,
L104314,2024-07-01,,,,,,,,,,
L104314,2024-08-01,,,,,,,,,,
L104314,2024-09-01,,,,,,,,,,
L104314,2024-10-01,,,,,,,,,,
L104314,2024-11-01,,,,,,,,,,
L104314,2024-12-01,,,,,,,,,,
L104314,2025-01-01,,,,,,,,,,
L104314,2025-02-01,,,,,,,,,,
L104314,2025-03-01,,,,,,,,,,
L104314,2025-04-01,,,,,,,,,,
L104314,2025-05-01,,,,,,,,,,
L104314,2025-06-01,,,,,,,,,,
L104314,2025-07-01,,,,,,,,,,
L104314,2025-08-01,,,,,,,,,,
L104314,2025-09-01,,,,,,,,,,
L104314,2025-10-01,,,,,,,,,,
L104314,2025-11-01,,,,,,,,,,
L104314,2025-12-01,,,,,,,,,,
L104314,2026-01-01,,,,,,,,,,
L104315,2024-07-01,,,,,,,,,,
L104315,2024-08-01,,,,,,,,,,
L104315,2024-09-01,,,,,,,,,,
L104315,2024-10-01,,,,,,,,,,
L104315,2024-11-01,,,,,,,,,,
L104315,2024-12-01,,,,,,,,,,
L104315,2025-01-01,,,,,,,,,,
L104315,2025-02-01,,,,,,,,,,
L104315,2025-03-01,,,,,,,,,,
L104315,2025-04-01,,,,,,,,,,
L104315,2025-05-01,,,,,,,,,,
L104315,2025-06-01,,,,,,,,,,
L104315,2025-07-01,,,,,,,,,,
L104315,2025-08-01,,,,,,,,,,
L104315,2025-09-01,,,,,,,,,,
L104315,2025-10-01,,,,,,,,,,
L104315,2025-11-01,,,,,,,,,,
L104315,2025-12-01,,,,,,,,,,
L104315,2026-01-01,,,,,,,,,,
L104315,2026-02-01,,,,,,,,,,
L104315,2026-03-01,,,,,,,,,,
L104316,2024-07-01,,,,,,,,,,
L104316,2024-08-01,,,,,,,,,,
L104316,2024-09-01,,,,,,,,,,
L104316,2024-10-01,,,,,,,,,,
L104316,2024-11-01,,,,,,,,,,
L104316,2024-12-01,,,,,,,,,,
L104316,2025-01-01,,,,,,,,,,
L104316,2025-02-01,,,,,,,,,,
L104316,2025-03-01,,,,,,,,,,
L104316,2025-04-01,,,,,,,,,,
L104316,2025-05-01,,,,,,,,,,
L104316,2025-06-01,,,,,,,,,,
L104316,2025-07-01,,,,,,,,,,
L104316,2025-08-01,,,,,,,,,,
L104316,2025-09-01,,,,,,,,,,
L104316,2025-10-01,,,,,,,,,,
L104316,2025-11-01,,,,,,,,,,
L104316,2025-12-01,,,,,,,,,,
L104316,2026-01-01,,,,,,,,,,
L104316,2026-02-01,,,,,,,,,,
L104316,2026-03-01,,,,,,,,,,
L104316,2026-04-01,,,,,,,,,,
L104316,2026-05-01,,,,,,,,,,
L104320,2024-07-01,,,,,,,,,,
L104320,2024-08-01,,,,,,,,,,
L104320,2024-09-01,,,,,,,,,,
L104320,2024-10-01,,,,,,,,,,
L104320,2024-11-01,,,,,,,,,,
L104320,2024-12-01,,,,,,,,,,
L104320,2025-01-01,,,,,,,,,,
L104320,2025-02-01,,,,,,,,,,
L104320,2025-03-01,,,,,,,,,,
L104320,2025-04-01,,,,,,,,,,
L104322,2024-07-01,,,,,,,,,,
L104322,2024-08-01,,,,,,,,,,
L104322,2024-09-01,,,,,,,,,,
L104322,2024-10-01,,,,,,,,,,
L104322,2024-11-01,,,,,,,,,,
L104322,2024-12-01,,,,,,,,,,
L104324,2024-07-01,,,,,,,,,,
L104324,2024-08-01,,,,,,,,,,
L104324,2024-09-01,,,,,,,,,,
L104324,2024-10-01,,,,,,,,,,
L104324,2024-11-01,,,,,,,,,,
L104324,2024-12-01,,,,,,,,,,
L104324,2025-01-01,,,,,,,,,,
L104324,2025-02-01,,,,,,,,,,
L104324,2025-03-01,,,,,,,,,,
L104329,2024-07-01,,,,,,,,,,
L104329,2024-08-01,,,,,,,,,,
L104329,2024-09-01,,,,,,,,,,
L104329,2024-10-01,,,,,,,,,,
L104329,2024-11-01,,,,,,,,,,
L104329,2024-12-01,,,,,,,,,,
L104329,2025-01-01,,,,,,,,,,
L104329,2025-02-01,,,,,,,,,,
L104329,2025-03-01,,,,,,,,,,
L104329,2025-04-01,,,,,,,,,,
L104331,2024-07-01,,,,,,,,,,
L104331,2024-08-01,,,,,,,,,,
L104331,2024-09-01,,,,,,,,,,
L104331,2024-10-01,,,,,,,,,,
L104331,2024-11-01,,,,,,,,,,
L104331,2024-12-01,,,,,,,,,,
L104331,2025-01-01,,,,,,,,,,
L104331,2025-02-01,,,,,,,,,,
L104331,2025-03-01,,,,,,,,,,
L104331,2025-04-01,,,,,,,,,,
L104331,2025-05-01,,,,,,,,,,
L104331,2025-06-01,,,,,,,,,,
L104337,2024-07-01,,,,,,,,,,
L104337,2024-08-01,,,,,,,,,,
L104337,2024-09-01,,,,,,,,,,
L104337,2024-10-01,,,,,,,,,,
L104337,2024-11-01,,,,,,,,,,
L104337,2024-12-01,,,,,,,,,,
L104337,2025-01-01,,,,,,,,,,
L104337,2025-02-01,,,,,,,,,,
L104337,2025-03-01,,,,,,,,,,
L104337,2025-04-01,,,,,,,,,,
L104340,2024-07-01,,,,,,,,,,
L104340,2024-08-01,,,,,,,,,,
L104340,2024-09-01,,,,,,,,,,
L104340,2024-10-01,,,,,,,,,,
L104340,2024-11-01,,,,,,,,,,
L104340,2024-12-01,,,,,,,,,,
L104340,2025-01-01,,,,,,,,,,
L104340,2025-02-01,,,,,,,,,,
L104340,2025-03-01,,,,,,,,,,
L104340,2025-04-01,,,,,,,,,,
L104340,2025-05-01,,,,,,,,,,
L104340,2025-06-01,,,,,,,,,,
L104340,2025-07-01,,,,,,,,,,
L104340,2025-08-01,,,,,,,,,,
L104340,2025-09-01,,,,,,,,,,
L104340,2025-10-01,,,,,,,,,,
L104348,2024-07-01,,,,,,,,,,
L104348,2024-08-01,,,,,,,,,,
L104353,2024-07-01,,,,,,,,,,
L104353,2024-08-01,,,,,,,,,,
L104353,2024-09-01,,,,,,,,,,
L104353,2024-10-01,,,,,,,,,,
L104353,2024-11-01,,,,,,,,,,
L104353,2024-12-01,,,,,,,,,,
L104353,2025-01-01,,,,,,,,,,
L104353,2025-02-01,,,,,,,,,,
L104353,2025-03-01,,,,,,,,,,
L104353,2025-04-01,,,,,,,,,,
L104353,2025-05-01,,,,,,,,,,
L104359,2024-07-01,,,,,,,,,,
L104359,2024-08-01,,,,,,,,,,
L104359,2024-09-01,,,,,,,,,,
L104359,2024-10-01,,,,,,,,,,
L104359,2024-11-01,,,,,,,,,,
L104359,2024-12-01,,,,,,,,,,
L104359,2025-01-01,,,,,,,,,,
L104359,2025-02-01,,,,,,,,,,
L104359,2025-03-01,,,,,,,,,,
L104359,2025-04-01,,,,,,,,,,
L104359,2025-05-01,,,,,,,,,,
L104359,2025-06-01,,,,,,,,,,
L104365,2024-07-01,,,,,,,,,,
L104365,2024-08-01,,,,,,,,,,
L104365,2024-09-01,,,,,,,,,,
L104365,2024-10-01,,,,,,,,,,
L104365,2024-11-01,,,,,,,,,,
L104365,2024-12-01,,,,,,,,,,
L104367,2024-07-01,,,,,,,,,,
L104367,2024-08-01,,,,,,,,,,
L104367,2024-09-01,,,,,,,,,,
L104367,2024-10-01,,,,,,,,,,
L104367,2024-11-01,,,,,,,,,,
L104367,2024-12-01,,,,,,,,,,
L104367,2025-01-01,,,,,,,,,,
L104367,2025-02-01,,,,,,,,,,
L104367,2025-03-01,,,,,,,,,,
L104367,2025-04-01,,,,,,,,,,
L104367,2025-05-01,,,,,,,,,,
L104367,2025-06-01,,,,,,,,,,
L104367,2025-07-01,,,,,,,,,,
L104367,2025-08-01,,,,,,,,,,
L104367,2025-09-01,,,,,,,,,,
L104367,2025-10-01,,,,,,,,,,
L104367,2025-11-01,,,,,,,,,,
L104367,2025-12-01,,,,,,,,,,
L104367,2026-01-01,,,,,,,,,,
L104369,2024-07-01,,,,,,,,,,
L104369,2024-08-01,,,,,,,,,,
L104369,2024-09-01,,,,,,,,,,
L104369,2024-10-01,,,,,,,,,,
L104371,2024-07-01,,,,,,,,,,
L104371,2024-08-01,,,,,,,,,,
L104371,2024-09-01,,,,,,,,,,
L104372,2024-07-01,,,,,,,,,,
L104372,2024-08-01,,,,,,,,,,
L104372,2024-09-01,,,,,,,,,,
L104372,2024-10-01,,,,,,,,,,
L104372,2024-11-01,,,,,,,,,,
L104372,2024-12-01,,,,,,,,,,
L104372,2025-01-01,,,,,,,,,,
L104372,2025-02-01,,,,,,,,,,
L104372,2025-03-01,,,,,,,,,,
L104372,2025-04-01,,,,,,,,,,
L104372,2025-05-01,,,,,,,,,,
L104372,2025-06-01,,,,,,,,,,
L104372,2025-07-01,,,,,,,,,,
L104372,2025-08-01,,,,,,,,,,
L104372,2025-09-01,,,,,,,,,,
L104372,2025-10-01,,,,,,,,,,
L104372,2025-11-01,,,,,,,,,,
L104372,2025-12-01,,,,,,,,,,
L104372,2026-01-01,,,,,,,,,,
L104372,2026-02-01,,,,,,,,,,
L104372,2026-03-01,,,,,,,,,,
L104373,2024-07-01,,,,,,,,,,
L104373,2024-08-01,,,,,,,,,,
L104373,2024-09-01,,,,,,,,,,
L104373,2024-10-01,,,,,,,,,,
L104374,2024-07-01,,,,,,,,,,
L104374,2024-08-01,,,,,,,,,,
L104374,2024-09-01,,,,,,,,,,
L104374,2024-10-01,,,,,,,,,,
L104374,2024-11-01,,,,,,,,,,
L104374,2024-12-01,,,,,,,,,,
L104374,2025-01-01,,,,,,,,,,
L104374,2025-02-01,,,,,,,,,,
L104374,2025-03-01,,,,,,,,,,
L104374,2025-04-01,,,,,,,,,,
L104374,2025-05-01,,,,,,,,,,
L104374,2025-06-01,,,,,,,,,,
L104374,2025-07-01,,,,,,,,,,
L104374,2025-08-01,,,,,,,,,,
L104374,2025-09-01,,,,,,,,,,
L104374,2025-10-01,,,,,,,,,,
L104374,2025-11-01,,,,,,,,,,
L104374,2025-12-01,,,,,,,,,,
L104374,2026-01-01,,,,,,,,,,
L104374,2026-02-01,,,,,,,,,,
L104374,2026-03-01,,,,,,,,,,
L104374,2026-04-01,,,,,,,,,,
L104375,2024-07-01,,,,,,,,,,
L104375,2024-08-01,,,,,,,,,,
L104375,2024-09-01,,,,,,,,,,
L104375,2024-10-01,,,,,,,,,,
L104375,2024-11-01,,,,,,,,,,
L104375,2024-12-01,,,,,,,,,,
L104375,2025-01-01,,,,,,,,,,
L104375,2025-02-01,,,,,,,,,,
L104375,2025-03-01,,,,,,,,,,
L104375,2025-04-01,,,,,,,,,,
L104375,2025-05-01,,,,,,,,,,
L104375,2025-06-01,,,,,,,,,,
L104375,2025-07-01,,,,,,,,,,
L104375,2025-08-01,,,,,,,,,,
L104375,2025-09-01,,,,,,,,,,
L104375,2025-10-01,,,,,,,,,,
L104375,2025-11-01,,,,,,,,,,
L104375,2025-12-01,,,,,,,,,,
L104375,2026-01-01,,,,,,,,,,
L104375,2026-02-01,,,,,,,,,,
L104375,2026-03-01,,,,,,,,,,
L104375,2026-04-01,,,,,,,,,,
L104375,2026-05-01,,,,,,,,,,
L104376,2024-07-01,,,,,,,,,,
L104376,2024-08-01,,,,,,,,,,
L104376,2024-09-01,,,,,,,,,,
L104376,2024-10-01,,,,,,,,,,
L104376,2024-11-01,,,,,,,,,,
L104376,2024-12-01,,,,,,,,,,
L104376,2025-01-01,,,,,,,,,,
L104376,2025-02-01,,,,,,,,,,
L104376,2025-03-01,,,,,,,,,,
L104376,2025-04-01,,,,,,,,,,
L104376,2025-05-01,,,,,,,,,,
L104376,2025-06-01,,,,,,,,,,
L104377,2024-07-01,,,,,,,,,,
L104377,2024-08-01,,,,,,,,,,
L104377,2024-09-01,,,,,,,,,,
L104377,2024-10-01,,,,,,,,,,
L104377,2024-11-01,,,,,,,,,,
L104377,2024-12-01,,,,,,,,,,
L104380,2024-07-01,,,,,,,,,,
L104380,2024-08-01,,,,,,,,,,
L104380,2024-09-01,,,,,,,,,,
L104380,2024-10-01,,,,,,,,,,
L104380,2024-11-01,,,,,,,,,,
L104380,2024-12-01,,,,,,,,,,
L104380,2025-01-01,,,,,,,,,,
L104380,2025-02-01,,,,,,,,,,
L104380,2025-03-01,,,,,,,,,,
L104380,2025-04-01,,,,,,,,,,
L104380,2025-05-01,,,,,,,,,,
L104380,2025-06-01,,,,,,,,,,
L104380,2025-07-01,,,,,,,,,,
L104380,2025-08-01,,,,,,,,,,
L104380,2025-09-01,,,,,,,,,,
L104380,2025-10-01,,,,,,,,,,
L104380,2025-11-01,,,,,,,,,,
L104380,2025-12-01,,,,,,,,,,
L104381,2024-07-01,,,,,,,,,,
L104381,2024-08-01,,,,,,,,,,
L104381,2024-09-01,,,,,,,,,,
L104381,2024-10-01,,,,,,,,,,
L104381,2024-11-01,,,,,,,,,,
L104381,2024-12-01,,,,,,,,,,
L104382,2024-07-01,,,,,,,,,,
L104382,2024-08-01,,,,,,,,,,
L104382,2024-09-01,,,,,,,,,,
L104382,2024-10-01,,,,,,,,,,
L104382,2024-11-01,,,,,,,,,,
L104382,2024-12-01,,,,,,,,,,
L104382,2025-01-01,,,,,,,,,,
L104382,2025-02-01,,,,,,,,,,
L104382,2025-03-01,,,,,,,,,,
L104382,2025-04-01,,,,,,,,,,
L104382,2025-05-01,,,,,,,,,,
L104382,2025-06-01,,,,,,,,,,
L104382,2025-07-01,,,,,,,,,,
L104382,2025-08-01,,,,,,,,,,
L104382,2025-09-01,,,,,,,,,,
L104382,2025-10-01,,,,,,,,,,
L104384,2024-07-01,,,,,,,,,,
L104387,2024-07-01,,,,,,,,,,
L104387,2024-08-01,,,,,,,,,,
L104387,2024-09-01,,,,,,,,,,
L104387,2024-10-01,,,,,,,,,,
L104392,2024-07-01,,,,,,,,,,
L104392,2024-08-01,,,,,,,,,,
L104392,2024-09-01,,,,,,,,,,
L104392,2024-10-01,,,,,,,,,,
L104392,2024-11-01,,,,,,,,,,
L104392,2024-12-01,,,,,,,,,,
L104392,2025-01-01,,,,,,,,,,
L104392,2025-02-01,,,,,,,,,,
L104395,2024-07-01,,,,,,,,,,
L104395,2024-08-01,,,,,,,,,,
L104395,2024-09-01,,,,,,,,,,
L104395,2024-10-01,,,,,,,,,,
L104395,2024-11-01,,,,,,,,,,
L104395,2024-12-01,,,,,,,,,,
L104395,2025-01-01,,,,,,,,,,
L104395,2025-02-01,,,,,,,,,,
L104395,2025-03-01,,,,,,,,,,
L104395,2025-04-01,,,,,,,,,,
L104395,2025-05-01,,,,,,,,,,
L104395,2025-06-01,,,,,,,,,,
L104395,2025-07-01,,,,,,,,,,
L104395,2025-08-01,,,,,,,,,,
L104398,2024-07-01,,,,,,,,,,
L104398,2024-08-01,,,,,,,,,,
L104398,2024-09-01,,,,,,,,,,
L104398,2024-10-01,,,,,,,,,,
L104398,2024-11-01,,,,,,,,,,
L104398,2024-12-01,,,,,,,,,,
L104398,2025-01-01,,,,,,,,,,
L104398,2025-02-01,,,,,,,,,,
L104398,2025-03-01,,,,,,,,,,
L104398,2025-04-01,,,,,,,,,,
L104398,2025-05-01,,,,,,,,,,
L104398,2025-06-01,,,,,,,,,,
L104398,2025-07-01,,,,,,,,,,
L104398,2025-08-01,,,,,,,,,,
L104398,2025-09-01,,,,,,,,,,
L104398,2025-10-01,,,,,,,,,,
L104400,2024-07-01,,,,,,,,,,
L104400,2024-08-01,,,,,,,,,,
L104400,2024-09-01,,,,,,,,,,
L104400,2024-10-01,,,,,,,,,,
L104400,2024-11-01,,,,,,,,,,
L104400,2024-12-01,,,,,,,,,,
L104405,2024-07-01,,,,,,,,,,
L104405,2024-08-01,,,,,,,,,,
L104405,2024-09-01,,,,,,,,,,
L104407,2024-07-01,,,,,,,,,,
L104407,2024-08-01,,,,,,,,,,
L104407,2024-09-01,,,,,,,,,,
L104407,2024-10-01,,,,,,,,,,
L104407,2024-11-01,,,,,,,,,,
L104407,2024-12-01,,,,,,,,,,
L104407,2025-01-01,,,,,,,,,,
L104407,2025-02-01,,,,,,,,,,
L104407,2025-03-01,,,,,,,,,,
L104407,2025-04-01,,,,,,,,,,
L104407,2025-05-01,,,,,,,,,,
L104407,2025-06-01,,,,,,,,,,
L104409,2024-07-01,,,,,,,,,,
L104409,2024-08-01,,,,,,,,,,
L104409,2024-09-01,,,,,,,,,,
L104409,2024-10-01,,,,,,,,,,
L104409,2024-11-01,,,,,,,,,,
L104409,2024-12-01,,,,,,,,,,
L104409,2025-01-01,,,,,,,,,,
L104409,2025-02-01,,,,,,,,,,
L104409,2025-03-01,,,,,,,,,,
L104409,2025-04-01,,,,,,,,,,
L104409,2025-05-01,,,,,,,,,,
L104409,2025-06-01,,,,,,,,,,
L104409,2025-07-01,,,,,,,,,,
L104410,2024-07-01,,,,,,,,,,
L104412,2024-07-01,,,,,,,,,,
L104412,2024-08-01,,,,,,,,,,
L104412,2024-09-01,,,,,,,,,,
L104414,2024-07-01,,,,,,,,,,
L104414,2024-08-01,,,,,,,,,,
L104414,2024-09-01,,,,,,,,,,
L104414,2024-10-01,,,,,,,,,,
L104414,2024-11-01,,,,,,,,,,
L104414,2024-12-01,,,,,,,,,,
L104414,2025-01-01,,,,,,,,,,
L104414,2025-02-01,,,,,,,,,,
L104414,2025-03-01,,,,,,,,,,
L104422,2024-07-01,,,,,,,,,,
L104422,2024-08-01,,,,,,,,,,
L104422,2024-09-01,,,,,,,,,,
L104422,2024-10-01,,,,,,,,,,
L104422,2024-11-01,,,,,,,,,,
L104422,2024-12-01,,,,,,,,,,
L104422,2025-01-01,,,,,,,,,,
L104422,2025-02-01,,,,,,,,,,
L104422,2025-03-01,,,,,,,,,,
L104424,2024-07-01,,,,,,,,,,
L104424,2024-08-01,,,,,,,,,,
L104424,2024-09-01,,,,,,,,,,
L104424,2024-10-01,,,,,,,,,,
L104424,2024-11-01,,,,,,,,,,
L104424,2024-12-01,,,,,,,,,,
L104424,2025-01-01,,,,,,,,,,
L104424,2025-02-01,,,,,,,,,,
L104424,2025-03-01,,,,,,,,,,
L104424,2025-04-01,,,,,,,,,,
L104424,2025-05-01,,,,,,,,,,
L104427,2024-07-01,,,,,,,,,,
L104427,2024-08-01,,,,,,,,,,
L104429,2024-07-01,,,,,,,,,,
L104429,2024-08-01,,,,,,,,,,
L104429,2024-09-01,,,,,,,,,,
L104429,2024-10-01,,,,,,,,,,
L104429,2024-11-01,,,,,,,,,,
L104429,2024-12-01,,,,,,,,,,
L104429,2025-01-01,,,,,,,,,,
L104429,2025-02-01,,,,,,,,,,
L104429,2025-03-01,,,,,,,,,,
L104429,2025-04-01,,,,,,,,,,
L104429,2025-05-01,,,,,,,,,,
L104429,2025-06-01,,,,,,,,,,
L104429,2025-07-01,,,,,,,,,,
L104429,2025-08-01,,,,,,,,,,
L104429,2025-09-01,,,,,,,,,,
L104429,2025-10-01,,,,,,,,,,
L104429,2025-11-01,,,,,,,,,,
L104429,2025-12-01,,,,,,,,,,
L104429,2026-01-01,,,,,,,,,,
L104429,2026-02-01,,,,,,,,,,
L104429,2026-03-01,,,,,,,,,,
L104429,2026-04-01,,,,,,,,,,
L104429,2026-05-01,,,,,,,,,,
L104430,2024-07-01,,,,,,,,,,
L104430,2024-08-01,,,,,,,,,,
L104430,2024-09-01,,,,,,,,,,
L104430,2024-10-01,,,,,,,,,,
L104430,2024-11-01,,,,,,,,,,
L104430,2024-12-01,,,,,,,,,,
L104431,2024-07-01,,,,,,,,,,
L104431,2024-08-01,,,,,,,,,,
L104431,2024-09-01,,,,,,,,,,
L104431,2024-10-01,,,,,,,,,,
L104431,2024-11-01,,,,,,,,,,
L104431,2024-12-01,,,,,,,,,,
L104431,2025-01-01,,,,,,,,,,
L104438,2024-07-01,,,,,,,,,,
L104438,2024-08-01,,,,,,,,,,
L104443,2024-07-01,,,,,,,,,,
L104443,2024-08-01,,,,,,,,,,
L104443,2024-09-01,,,,,,,,,,
L104443,2024-10-01,,,,,,,,,,
L104443,2024-11-01,,,,,,,,,,
L104443,2024-12-01,,,,,,,,,,
L104443,2025-01-01,,,,,,,,,,
L104443,2025-02-01,,,,,,,,,,
L104443,2025-03-01,,,,,,,,,,
L104443,2025-04-01,,,,,,,,,,
L104443,2025-05-01,,,,,,,,,,
L104443,2025-06-01,,,,,,,,,,
L104443,2025-07-01,,,,,,,,,,
L104443,2025-08-01,,,,,,,,,,
L104443,2025-09-01,,,,,,,,,,
L104443,2025-10-01,,,,,,,,,,
L104443,2025-11-01,,,,,,,,,,
L104443,2025-12-01,,,,,,,,,,
L104443,2026-01-01,,,,,,,,,,
L104443,2026-02-01,,,,,,,,,,
L104443,2026-03-01,,,,,,,,,,
L104444,2024-07-01,,,,,,,,,,
L104444,2024-08-01,,,,,,,,,,
L104444,2024-09-01,,,,,,,,,,
L104444,2024-10-01,,,,,,,,,,
L104444,2024-11-01,,,,,,,,,,
L104444,2024-12-01,,,,,,,,,,
L104444,2025-01-01,,,,,,,,,,
L104444,2025-02-01,,,,,,,,,,
L104444,2025-03-01,,,,,,,,,,
L104444,2025-04-01,,,,,,,,,,
L104444,2025-05-01,,,,,,,,,,
L104444,2025-06-01,,,,,,,,,,
L104444,2025-07-01,,,,,,,,,,
L104444,2025-08-01,,,,,,,,,,
L104444,2025-09-01,,,,,,,,,,
L104444,2025-10-01,,,,,,,,,,
L104444,2025-11-01,,,,,,,,,,
L104451,2024-07-01,,,,,,,,,,
L104453,2024-07-01,,,,,,,,,,
L104453,2024-08-01,,,,,,,,,,
L104453,2024-09-01,,,,,,,,,,
L104453,2024-10-01,,,,,,,,,,
L104453,2024-11-01,,,,,,,,,,
L104453,2024-12-01,,,,,,,,,,
L104453,2025-01-01,,,,,,,,,,
L104453,2025-02-01,,,,,,,,,,
L104453,2025-03-01,,,,,,,,,,
L104453,2025-04-01,,,,,,,,,,
L104453,2025-05-01,,,,,,,,,,
L104453,2025-06-01,,,,,,,,,,
L104453,2025-07-01,,,,,,,,,,
L104453,2025-08-01,,,,,,,,,,
L104453,2025-09-01,,,,,,,,,,
L104453,2025-10-01,,,,,,,,,,
L104453,2025-11-01,,,,,,,,,,
L104453,2025-12-01,,,,,,,,,,
L104453,2026-01-01,,,,,,,,,,
L104453,2026-02-01,,,,,,,,,,
L104453,2026-03-01,,,,,,,,,,
L104453,2026-04-01,,,,,,,,,,
L104453,2026-05-01,,,,,,,,,,
L104454,2024-07-01,,,,,,,,,,
L104466,2024-07-01,,,,,,,,,,
L104466,2024-08-01,,,,,,,,,,
L104466,2024-09-01,,,,,,,,,,
L104466,2024-10-01,,,,,,,,,,
L104466,2024-11-01,,,,,,,,,,
L104466,2024-12-01,,,,,,,,,,
L104466,2025-01-01,,,,,,,,,,
L104466,2025-02-01,,,,,,,,,,
L104466,2025-03-01,,,,,,,,,,
L104467,2024-07-01,,,,,,,,,,
L104467,2024-08-01,,,,,,,,,,
L104467,2024-09-01,,,,,,,,,,
L104467,2024-10-01,,,,,,,,,,
L104467,2024-11-01,,,,,,,,,,
L104467,2024-12-01,,,,,,,,,,
L104468,2024-07-01,,,,,,,,,,
L104468,2024-08-01,,,,,,,,,,
L104468,2024-09-01,,,,,,,,,,
L104468,2024-10-01,,,,,,,,,,
L104468,2024-11-01,,,,,,,,,,
L104468,2024-12-01,,,,,,,,,,
L104468,2025-01-01,,,,,,,,,,
L104468,2025-02-01,,,,,,,,,,
L104472,2024-07-01,,,,,,,,,,
L104472,2024-08-01,,,,,,,,,,
L104472,2024-09-01,,,,,,,,,,
L104472,2024-10-01,,,,,,,,,,
L104472,2024-11-01,,,,,,,,,,
L104472,2024-12-01,,,,,,,,,,
L104472,2025-01-01,,,,,,,,,,
L104472,2025-02-01,,,,,,,,,,
L104472,2025-03-01,,,,,,,,,,
L104472,2025-04-01,,,,,,,,,,
L104472,2025-05-01,,,,,,,,,,
L104474,2024-07-01,,,,,,,,,,
L104474,2024-08-01,,,,,,,,,,
L104474,2024-09-01,,,,,,,,,,
L104474,2024-10-01,,,,,,,,,,
L104474,2024-11-01,,,,,,,,,,
L104474,2024-12-01,,,,,,,,,,
L104474,2025-01-01,,,,,,,,,,
L104474,2025-02-01,,,,,,,,,,
L104474,2025-03-01,,,,,,,,,,
L104476,2024-07-01,,,,,,,,,,
L104476,2024-08-01,,,,,,,,,,
L104476,2024-09-01,,,,,,,,,,
L104476,2024-10-01,,,,,,,,,,
L104476,2024-11-01,,,,,,,,,,
L104476,2024-12-01,,,,,,,,,,
L104476,2025-01-01,,,,,,,,,,
L104476,2025-02-01,,,,,,,,,,
L104476,2025-03-01,,,,,,,,,,
L104476,2025-04-01,,,,,,,,,,
L104476,2025-05-01,,,,,,,,,,
L104476,2025-06-01,,,,,,,,,,
L104476,2025-07-01,,,,,,,,,,
L104477,2024-07-01,,,,,,,,,,
L104477,2024-08-01,,,,,,,,,,
L104477,2024-09-01,,,,,,,,,,
L104481,2024-07-01,,,,,,,,,,
L104481,2024-08-01,,,,,,,,,,
L104482,2024-07-01,,,,,,,,,,
L104482,2024-08-01,,,,,,,,,,
L104482,2024-09-01,,,,,,,,,,
L104482,2024-10-01,,,,,,,,,,
L104482,2024-11-01,,,,,,,,,,
L104482,2024-12-01,,,,,,,,,,
L104482,2025-01-01,,,,,,,,,,
L104482,2025-02-01,,,,,,,,,,
L104482,2025-03-01,,,,,,,,,,
L104484,2024-07-01,,,,,,,,,,
L104484,2024-08-01,,,,,,,,,,
L104484,2024-09-01,,,,,,,,,,
L104484,2024-10-01,,,,,,,,,,
L104484,2024-11-01,,,,,,,,,,
L104484,2024-12-01,,,,,,,,,,
L104484,2025-01-01,,,,,,,,,,
L104488,2024-07-01,,,,,,,,,,
L104488,2024-08-01,,,,,,,,,,
L104488,2024-09-01,,,,,,,,,,
L104488,2024-10-01,,,,,,,,,,
L104488,2024-11-01,,,,,,,,,,
L104488,2024-12-01,,,,,,,,,,
L104490,2024-07-01,,,,,,,,,,
L104490,2024-08-01,,,,,,,,,,
L104490,2024-09-01,,,,,,,,,,
L104490,2024-10-01,,,,,,,,,,
L104490,2024-11-01,,,,,,,,,,
L104490,2024-12-01,,,,,,,,,,
L104490,2025-01-01,,,,,,,,,,
L104493,2024-07-01,,,,,,,,,,
L104493,2024-08-01,,,,,,,,,,
L104493,2024-09-01,,,,,,,,,,
L104493,2024-10-01,,,,,,,,,,
L104493,2024-11-01,,,,,,,,,,
L104493,2024-12-01,,,,,,,,,,
L104493,2025-01-01,,,,,,,,,,
L104493,2025-02-01,,,,,,,,,,
L104494,2024-07-01,,,,,,,,,,
L104494,2024-08-01,,,,,,,,,,
L104494,2024-09-01,,,,,,,,,,
L104494,2024-10-01,,,,,,,,,,
L104494,2024-11-01,,,,,,,,,,
L104494,2024-12-01,,,,,,,,,,
L104494,2025-01-01,,,,,,,,,,
L104494,2025-02-01,,,,,,,,,,
L104494,2025-03-01,,,,,,,,,,
L104494,2025-04-01,,,,,,,,,,
L104494,2025-05-01,,,,,,,,,,
L104494,2025-06-01,,,,,,,,,,
L104494,2025-07-01,,,,,,,,,,
L104494,2025-08-01,,,,,,,,,,
L104494,2025-09-01,,,,,,,,,,
L104494,2025-10-01,,,,,,,,,,
L104494,2025-11-01,,,,,,,,,,
L104497,2024-07-01,,,,,,,,,,
L104497,2024-08-01,,,,,,,,,,
L104497,2024-09-01,,,,,,,,,,
L104497,2024-10-01,,,,,,,,,,
L104497,2024-11-01,,,,,,,,,,
L104497,2024-12-01,,,,,,,,,,
L104497,2025-01-01,,,,,,,,,,
L104497,2025-02-01,,,,,,,,,,
L104497,2025-03-01,,,,,,,,,,
L104497,2025-04-01,,,,,,,,,,
L104497,2025-05-01,,,,,,,,,,
L104497,2025-06-01,,,,,,,,,,
L104497,2025-07-01,,,,,,,,,,
L104498,2024-07-01,,,,,,,,,,
L104500,2024-07-01,,,,,,,,,,
L104500,2024-08-01,,,,,,,,,,
L104500,2024-09-01,,,,,,,,,,
L104500,2024-10-01,,,,,,,,,,
L104500,2024-11-01,,,,,,,,,,
L104500,2024-12-01,,,,,,,,,,
L104501,2024-07-01,,,,,,,,,,
L104501,2024-08-01,,,,,,,,,,
L104501,2024-09-01,,,,,,,,,,
L104501,2024-10-01,,,,,,,,,,
L104501,2024-11-01,,,,,,,,,,
L104501,2024-12-01,,,,,,,,,,
L104501,2025-01-01,,,,,,,,,,
L104501,2025-02-01,,,,,,,,,,
L104501,2025-03-01,,,,,,,,,,
L104501,2025-04-01,,,,,,,,,,
L104501,2025-05-01,,,,,,,,,,
L104501,2025-06-01,,,,,,,,,,
L104501,2025-07-01,,,,,,,,,,
L104505,2024-07-01,,,,,,,,,,
L104505,2024-08-01,,,,,,,,,,
L104505,2024-09-01,,,,,,,,,,
L104505,2024-10-01,,,,,,,,,,
L104505,2024-11-01,,,,,,,,,,
L104505,2024-12-01,,,,,,,,,,
L104505,2025-01-01,,,,,,,,,,
L104505,2025-02-01,,,,,,,,,,
L104505,2025-03-01,,,,,,,,,,
L104505,2025-04-01,,,,,,,,,,
L104505,2025-05-01,,,,,,,,,,
L104505,2025-06-01,,,,,,,,,,
L104505,2025-07-01,,,,,,,,,,
L104505,2025-08-01,,,,,,,,,,
L104505,2025-09-01,,,,,,,,,,
L104505,2025-10-01,,,,,,,,,,
L104505,2025-11-01,,,,,,,,,,
L104505,2025-12-01,,,,,,,,,,
L104505,2026-01-01,,,,,,,,,,
L104505,2026-02-01,,,,,,,,,,
L104505,2026-03-01,,,,,,,,,,
L104507,2024-07-01,,,,,,,,,,
L104507,2024-08-01,,,,,,,,,,
L104507,2024-09-01,,,,,,,,,,
L104507,2024-10-01,,,,,,,,,,
L104507,2024-11-01,,,,,,,,,,
L104507,2024-12-01,,,,,,,,,,
L104507,2025-01-01,,,,,,,,,,
L104507,2025-02-01,,,,,,,,,,
L104507,2025-03-01,,,,,,,,,,
L104507,2025-04-01,,,,,,,,,,
L104507,2025-05-01,,,,,,,,,,
L104507,2025-06-01,,,,,,,,,,
L104507,2025-07-01,,,,,,,,,,
L104507,2025-08-01,,,,,,,,,,
L104507,2025-09-01,,,,,,,,,,
L104507,2025-10-01,,,,,,,,,,
L104515,2024-07-01,,,,,,,,,,
L104515,2024-08-01,,,,,,,,,,
L104515,2024-09-01,,,,,,,,,,
L104515,2024-10-01,,,,,,,,,,
L104515,2024-11-01,,,,,,,,,,
L104515,2024-12-01,,,,,,,,,,
L104515,2025-01-01,,,,,,,,,,
L104515,2025-02-01,,,,,,,,,,
L104515,2025-03-01,,,,,,,,,,
L104515,2025-04-01,,,,,,,,,,
L104515,2025-05-01,,,,,,,,,,
L104515,2025-06-01,,,,,,,,,,
L104515,2025-07-01,,,,,,,,,,
L104515,2025-08-01,,,,,,,,,,
L104515,2025-09-01,,,,,,,,,,
L104515,2025-10-01,,,,,,,,,,
L104515,2025-11-01,,,,,,,,,,
L104515,2025-12-01,,,,,,,,,,
L104515,2026-01-01,,,,,,,,,,
L104516,2024-07-01,,,,,,,,,,
L104516,2024-08-01,,,,,,,,,,
L104516,2024-09-01,,,,,,,,,,
L104516,2024-10-01,,,,,,,,,,
L104516,2024-11-01,,,,,,,,,,
L104516,2024-12-01,,,,,,,,,,
L104516,2025-01-01,,,,,,,,,,
L104516,2025-02-01,,,,,,,,,,
L104516,2025-03-01,,,,,,,,,,
L104516,2025-04-01,,,,,,,,,,
L104516,2025-05-01,,,,,,,,,,
L104516,2025-06-01,,,,,,,,,,
L104516,2025-07-01,,,,,,,,,,
L104516,2025-08-01,,,,,,,,,,
L104516,2025-09-01,,,,,,,,,,
L104516,2025-10-01,,,,,,,,,,
L104518,2024-07-01,,,,,,,,,,
L104518,2024-08-01,,,,,,,,,,
L104518,2024-09-01,,,,,,,,,,
L104518,2024-10-01,,,,,,,,,,
L104523,2024-07-01,,,,,,,,,,
L104523,2024-08-01,,,,,,,,,,
L104523,2024-09-01,,,,,,,,,,
L104523,2024-10-01,,,,,,,,,,
L104523,2024-11-01,,,,,,,,,,
L104523,2024-12-01,,,,,,,,,,
L104523,2025-01-01,,,,,,,,,,
L104523,2025-02-01,,,,,,,,,,
L104523,2025-03-01,,,,,,,,,,
L104523,2025-04-01,,,,,,,,,,
L104523,2025-05-01,,,,,,,,,,
L104523,2025-06-01,,,,,,,,,,
L104523,2025-07-01,,,,,,,,,,
L104523,2025-08-01,,,,,,,,,,
L104523,2025-09-01,,,,,,,,,,
L104523,2025-10-01,,,,,,,,,,
L104524,2024-07-01,,,,,,,,,,
L104524,2024-08-01,,,,,,,,,,
L104524,2024-09-01,,,,,,,,,,
L104524,2024-10-01,,,,,,,,,,
L104524,2024-11-01,,,,,,,,,,
L104524,2024-12-01,,,,,,,,,,
L104524,2025-01-01,,,,,,,,,,
L104524,2025-02-01,,,,,,,,,,
L104524,2025-03-01,,,,,,,,,,
L104524,2025-04-01,,,,,,,,,,
L104524,2025-05-01,,,,,,,,,,
L104524,2025-06-01,,,,,,,,,,
L104524,2025-07-01,,,,,,,,,,
L104524,2025-08-01,,,,,,,,,,
L104524,2025-09-01,,,,,,,,,,
L104524,2025-10-01,,,,,,,,,,
L104524,2025-11-01,,,,,,,,,,
L104524,2025-12-01,,,,,,,,,,
L104525,2024-07-01,,,,,,,,,,
L104525,2024-08-01,,,,,,,,,,
L104525,2024-09-01,,,,,,,,,,
L104525,2024-10-01,,,,,,,,,,
L104525,2024-11-01,,,,,,,,,,
L104525,2024-12-01,,,,,,,,,,
L104525,2025-01-01,,,,,,,,,,
L104525,2025-02-01,,,,,,,,,,
L104525,2025-03-01,,,,,,,,,,
L104525,2025-04-01,,,,,,,,,,
L104525,2025-05-01,,,,,,,,,,
L104525,2025-06-01,,,,,,,,,,
L104525,2025-07-01,,,,,,,,,,
L104525,2025-08-01,,,,,,,,,,
L104525,2025-09-01,,,,,,,,,,
L104525,2025-10-01,,,,,,,,,,
L104525,2025-11-01,,,,,,,,,,
L104525,2025-12-01,,,,,,,,,,
L104525,2026-01-01,,,,,,,,,,
L104525,2026-02-01,,,,,,,,,,
L104525,2026-03-01,,,,,,,,,,
L104526,2024-07-01,,,,,,,,,,
L104526,2024-08-01,,,,,,,,,,
L104526,2024-09-01,,,,,,,,,,
L104526,2024-10-01,,,,,,,,,,
L104526,2024-11-01,,,,,,,,,,
L104526,2024-12-01,,,,,,,,,,
L104526,2025-01-01,,,,,,,,,,
L104526,2025-02-01,,,,,,,,,,
L104526,2025-03-01,,,,,,,,,,
L104526,2025-04-01,,,,,,,,,,
L104526,2025-05-01,,,,,,,,,,
L104526,2025-06-01,,,,,,,,,,
L104526,2025-07-01,,,,,,,,,,
L104526,2025-08-01,,,,,,,,,,
L104526,2025-09-01,,,,,,,,,,
L104526,2025-10-01,,,,,,,,,,
L104526,2025-11-01,,,,,,,,,,
L104526,2025-12-01,,,,,,,,,,
L104526,2026-01-01,,,,,,,,,,
L104526,2026-02-01,,,,,,,,,,
L104526,2026-03-01,,,,,,,,,,
L104532,2024-07-01,,,,,,,,,,
L104532,2024-08-01,,,,,,,,,,
L104532,2024-09-01,,,,,,,,,,
L104532,2024-10-01,,,,,,,,,,
L104532,2024-11-01,,,,,,,,,,
L104532,2024-12-01,,,,,,,,,,
L104532,2025-01-01,,,,,,,,,,
L104532,2025-02-01,,,,,,,,,,
L104532,2025-03-01,,,,,,,,,,
L104532,2025-04-01,,,,,,,,,,
L104532,2025-05-01,,,,,,,,,,
L104532,2025-06-01,,,,,,,,,,
L104532,2025-07-01,,,,,,,,,,
L104532,2025-08-01,,,,,,,,,,
L104532,2025-09-01,,,,,,,,,,
L104532,2025-10-01,,,,,,,,,,
L104532,2025-11-01,,,,,,,,,,
L104532,2025-12-01,,,,,,,,,,
L104532,2026-01-01,,,,,,,,,,
L104532,2026-02-01,,,,,,,,,,
L104532,2026-03-01,,,,,,,,,,
L104532,2026-04-01,,,,,,,,,,
L104532,2026-05-01,,,,,,,,,,
L104535,2024-07-01,,,,,,,,,,
L104535,2024-08-01,,,,,,,,,,
L104535,2024-09-01,,,,,,,,,,
L104535,2024-10-01,,,,,,,,,,
L104535,2024-11-01,,,,,,,,,,
L104535,2024-12-01,,,,,,,,,,
L104535,2025-01-01,,,,,,,,,,
L104535,2025-02-01,,,,,,,,,,
L104536,2024-07-01,,,,,,,,,,
L104536,2024-08-01,,,,,,,,,,
L104536,2024-09-01,,,,,,,,,,
L104536,2024-10-01,,,,,,,,,,
L104536,2024-11-01,,,,,,,,,,
L104536,2024-12-01,,,,,,,,,,
L104536,2025-01-01,,,,,,,,,,
L104536,2025-02-01,,,,,,,,,,
L104536,2025-03-01,,,,,,,,,,
L104536,2025-04-01,,,,,,,,,,
L104536,2025-05-01,,,,,,,,,,
L104536,2025-06-01,,,,,,,,,,
L104536,2025-07-01,,,,,,,,,,
L104536,2025-08-01,,,,,,,,,,
L104536,2025-09-01,,,,,,,,,,
L104536,2025-10-01,,,,,,,,,,
L104536,2025-11-01,,,,,,,,,,
L104536,2025-12-01,,,,,,,,,,
L104536,2026-01-01,,,,,,,,,,
L104538,2024-07-01,,,,,,,,,,
L104538,2024-08-01,,,,,,,,,,
L104538,2024-09-01,,,,,,,,,,
L104538,2024-10-01,,,,,,,,,,
L104538,2024-11-01,,,,,,,,,,
L104538,2024-12-01,,,,,,,,,,
L104538,2025-01-01,,,,,,,,,,
L104538,2025-02-01,,,,,,,,,,
L104538,2025-03-01,,,,,,,,,,
L104538,2025-04-01,,,,,,,,,,
L104538,2025-05-01,,,,,,,,,,
L104538,2025-06-01,,,,,,,,,,
L104538,2025-07-01,,,,,,,,,,
L104538,2025-08-01,,,,,,,,,,
L104538,2025-09-01,,,,,,,,,,
L104538,2025-10-01,,,,,,,,,,
L104538,2025-11-01,,,,,,,,,,
L104538,2025-12-01,,,,,,,,,,
L104538,2026-01-01,,,,,,,,,,
L104538,2026-02-01,,,,,,,,,,
L104538,2026-03-01,,,,,,,,,,
L104539,2024-07-01,,,,,,,,,,
L104540,2024-07-01,,,,,,,,,,
L104540,2024-08-01,,,,,,,,,,
L104540,2024-09-01,,,,,,,,,,
L104540,2024-10-01,,,,,,,,,,
L104540,2024-11-01,,,,,,,,,,
L104540,2024-12-01,,,,,,,,,,
L104540,2025-01-01,,,,,,,,,,
L104540,2025-02-01,,,,,,,,,,
L104540,2025-03-01,,,,,,,,,,
L104540,2025-04-01,,,,,,,,,,
L104540,2025-05-01,,,,,,,,,,
L104540,2025-06-01,,,,,,,,,,
L104540,2025-07-01,,,,,,,,,,
L104540,2025-08-01,,,,,,,,,,
L104540,2025-09-01,,,,,,,,,,
L104540,2025-10-01,,,,,,,,,,
L104540,2025-11-01,,,,,,,,,,
L104542,2024-07-01,,,,,,,,,,
L104543,2024-07-01,,,,,,,,,,
L104543,2024-08-01,,,,,,,,,,
L104543,2024-09-01,,,,,,,,,,
L104543,2024-10-01,,,,,,,,,,
L104543,2024-11-01,,,,,,,,,,
L104543,2024-12-01,,,,,,,,,,
L104543,2025-01-01,,,,,,,,,,
L104543,2025-02-01,,,,,,,,,,
L104543,2025-03-01,,,,,,,,,,
L104543,2025-04-01,,,,,,,,,,
L104543,2025-05-01,,,,,,,,,,
L104543,2025-06-01,,,,,,,,,,
L104543,2025-07-01,,,,,,,,,,
L104543,2025-08-01,,,,,,,,,,
L104543,2025-09-01,,,,,,,,,,
L104543,2025-10-01,,,,,,,,,,
L104543,2025-11-01,,,,,,,,,,
L104543,2025-12-01,,,,,,,,,,
L104543,2026-01-01,,,,,,,,,,
L104543,2026-02-01,,,,,,,,,,
L104543,2026-03-01,,,,,,,,,,
L104543,2026-04-01,,,,,,,,,,
L104543,2026-05-01,,,,,,,,,,
L104544,2024-07-01,,,,,,,,,,
L104544,2024-08-01,,,,,,,,,,
L104544,2024-09-01,,,,,,,,,,
L104544,2024-10-01,,,,,,,,,,
L104544,2024-11-01,,,,,,,,,,
L104544,2024-12-01,,,,,,,,,,
L104544,2025-01-01,,,,,,,,,,
L104544,2025-02-01,,,,,,,,,,
L104544,2025-03-01,,,,,,,,,,
L104544,2025-04-01,,,,,,,,,,
L104544,2025-05-01,,,,,,,,,,
L104544,2025-06-01,,,,,,,,,,
L104544,2025-07-01,,,,,,,,,,
L104544,2025-08-01,,,,,,,,,,
L104544,2025-09-01,,,,,,,,,,
L104544,2025-10-01,,,,,,,,,,
L104544,2025-11-01,,,,,,,,,,
L104544,2025-12-01,,,,,,,,,,
L104544,2026-01-01,,,,,,,,,,
L104544,2026-02-01,,,,,,,,,,
L104544,2026-03-01,,,,,,,,,,
L104545,2024-07-01,,,,,,,,,,
L104550,2024-07-01,,,,,,,,,,
L104550,2024-08-01,,,,,,,,,,
L104550,2024-09-01,,,,,,,,,,
L104550,2024-10-01,,,,,,,,,,
L104550,2024-11-01,,,,,,,,,,
L104555,2024-07-01,,,,,,,,,,
L104555,2024-08-01,,,,,,,,,,
L104555,2024-09-01,,,,,,,,,,
L104555,2024-10-01,,,,,,,,,,
L104555,2024-11-01,,,,,,,,,,
L104555,2024-12-01,,,,,,,,,,
L104555,2025-01-01,,,,,,,,,,
L104555,2025-02-01,,,,,,,,,,
L104555,2025-03-01,,,,,,,,,,
L104555,2025-04-01,,,,,,,,,,
L104555,2025-05-01,,,,,,,,,,
L104556,2024-07-01,,,,,,,,,,
L104556,2024-08-01,,,,,,,,,,
L104560,2024-07-01,,,,,,,,,,
L104560,2024-08-01,,,,,,,,,,
L104560,2024-09-01,,,,,,,,,,
L104560,2024-10-01,,,,,,,,,,
L104560,2024-11-01,,,,,,,,,,
L104560,2024-12-01,,,,,,,,,,
L104560,2025-01-01,,,,,,,,,,
L104561,2024-07-01,,,,,,,,,,
L104561,2024-08-01,,,,,,,,,,
L104561,2024-09-01,,,,,,,,,,
L104561,2024-10-01,,,,,,,,,,
L104561,2024-11-01,,,,,,,,,,
L104561,2024-12-01,,,,,,,,,,
L104565,2024-07-01,,,,,,,,,,
L104565,2024-08-01,,,,,,,,,,
L104565,2024-09-01,,,,,,,,,,
L104565,2024-10-01,,,,,,,,,,
L104565,2024-11-01,,,,,,,,,,
L104565,2024-12-01,,,,,,,,,,
L104565,2025-01-01,,,,,,,,,,
L104565,2025-02-01,,,,,,,,,,
L104565,2025-03-01,,,,,,,,,,
L104565,2025-04-01,,,,,,,,,,
L104565,2025-05-01,,,,,,,,,,
L104565,2025-06-01,,,,,,,,,,
L104566,2024-07-01,,,,,,,,,,
L104566,2024-08-01,,,,,,,,,,
L104566,2024-09-01,,,,,,,,,,
L104566,2024-10-01,,,,,,,,,,
L104566,2024-11-01,,,,,,,,,,
L104566,2024-12-01,,,,,,,,,,
L104566,2025-01-01,,,,,,,,,,
L104566,2025-02-01,,,,,,,,,,
L104566,2025-03-01,,,,,,,,,,
L104566,2025-04-01,,,,,,,,,,
L104566,2025-05-01,,,,,,,,,,
L104566,2025-06-01,,,,,,,,,,
L104567,2024-07-01,,,,,,,,,,
L104567,2024-08-01,,,,,,,,,,
L104567,2024-09-01,,,,,,,,,,
L104571,2024-07-01,,,,,,,,,,
L104571,2024-08-01,,,,,,,,,,
L104572,2024-07-01,,,,,,,,,,
L104572,2024-08-01,,,,,,,,,,
L104572,2024-09-01,,,,,,,,,,
L104572,2024-10-01,,,,,,,,,,
L104572,2024-11-01,,,,,,,,,,
L104572,2024-12-01,,,,,,,,,,
L104572,2025-01-01,,,,,,,,,,
L104572,2025-02-01,,,,,,,,,,
L104572,2025-03-01,,,,,,,,,,
L104572,2025-04-01,,,,,,,,,,
L104572,2025-05-01,,,,,,,,,,
L104572,2025-06-01,,,,,,,,,,
L104572,2025-07-01,,,,,,,,,,
L104572,2025-08-01,,,,,,,,,,
L104572,2025-09-01,,,,,,,,,,
L104572,2025-10-01,,,,,,,,,,
L104572,2025-11-01,,,,,,,,,,
L104572,2025-12-01,,,,,,,,,,
L104572,2026-01-01,,,,,,,,,,
L104572,2026-02-01,,,,,,,,,,
L104572,2026-03-01,,,,,,,,,,
L104577,2024-07-01,,,,,,,,,,
L104577,2024-08-01,,,,,,,,,,
L104577,2024-09-01,,,,,,,,,,
L104577,2024-10-01,,,,,,,,,,
L104577,2024-11-01,,,,,,,,,,
L104577,2024-12-01,,,,,,,,,,
L104577,2025-01-01,,,,,,,,,,
L104577,2025-02-01,,,,,,,,,,
L104577,2025-03-01,,,,,,,,,,
L104580,2024-07-01,,,,,,,,,,
L104580,2024-08-01,,,,,,,,,,
L104580,2024-09-01,,,,,,,,,,
L104580,2024-10-01,,,,,,,,,,
L104580,2024-11-01,,,,,,,,,,
L104580,2024-12-01,,,,,,,,,,
L104580,2025-01-01,,,,,,,,,,
L104581,2024-07-01,,,,,,,,,,
L104581,2024-08-01,,,,,,,,,,
L104581,2024-09-01,,,,,,,,,,
L104581,2024-10-01,,,,,,,,,,
L104581,2024-11-01,,,,,,,,,,
L104581,2024-12-01,,,,,,,,,,
L104581,2025-01-01,,,,,,,,,,
L104581,2025-02-01,,,,,,,,,,
L104581,2025-03-01,,,,,,,,,,
L104581,2025-04-01,,,,,,,,,,
L104581,2025-05-01,,,,,,,,,,
L104581,2025-06-01,,,,,,,,,,
L104581,2025-07-01,,,,,,,,,,
L104581,2025-08-01,,,,,,,,,,
L104581,2025-09-01,,,,,,,,,,
L104581,2025-10-01,,,,,,,,,,
L104581,2025-11-01,,,,,,,,,,
L104581,2025-12-01,,,,,,,,,,
L104581,2026-01-01,,,,,,,,,,
L104581,2026-02-01,,,,,,,,,,
L104581,2026-03-01,,,,,,,,,,
L104581,2026-04-01,,,,,,,,,,
L104581,2026-05-01,,,,,,,,,,
L104588,2024-07-01,,,,,,,,,,
L104588,2024-08-01,,,,,,,,,,
L104588,2024-09-01,,,,,,,,,,
L104588,2024-10-01,,,,,,,,,,
L104588,2024-11-01,,,,,,,,,,
L104590,2024-07-01,,,,,,,,,,
L104590,2024-08-01,,,,,,,,,,
L104590,2024-09-01,,,,,,,,,,
L104590,2024-10-01,,,,,,,,,,
L104591,2024-07-01,,,,,,,,,,
L104591,2024-08-01,,,,,,,,,,
L104591,2024-09-01,,,,,,,,,,
L104591,2024-10-01,,,,,,,,,,
L104593,2024-07-01,,,,,,,,,,
L104593,2024-08-01,,,,,,,,,,
L104593,2024-09-01,,,,,,,,,,
L104593,2024-10-01,,,,,,,,,,
L104593,2024-11-01,,,,,,,,,,
L104593,2024-12-01,,,,,,,,,,
L104593,2025-01-01,,,,,,,,,,
L104593,2025-02-01,,,,,,,,,,
L104595,2024-07-01,,,,,,,,,,
L104597,2024-07-01,,,,,,,,,,
L104597,2024-08-01,,,,,,,,,,
L104597,2024-09-01,,,,,,,,,,
L104597,2024-10-01,,,,,,,,,,
L104597,2024-11-01,,,,,,,,,,
L104597,2024-12-01,,,,,,,,,,
L104597,2025-01-01,,,,,,,,,,
L104597,2025-02-01,,,,,,,,,,
L104597,2025-03-01,,,,,,,,,,
L104597,2025-04-01,,,,,,,,,,
L104597,2025-05-01,,,,,,,,,,
L104597,2025-06-01,,,,,,,,,,
L104597,2025-07-01,,,,,,,,,,
L104597,2025-08-01,,,,,,,,,,
L104597,2025-09-01,,,,,,,,,,
L104597,2025-10-01,,,,,,,,,,
L104597,2025-11-01,,,,,,,,,,
L104597,2025-12-01,,,,,,,,,,
L104597,2026-01-01,,,,,,,,,,
L104597,2026-02-01,,,,,,,,,,
L104597,2026-03-01,,,,,,,,,,
L104597,2026-04-01,,,,,,,,,,
L104603,2024-07-01,,,,,,,,,,
L104603,2024-08-01,,,,,,,,,,
L104603,2024-09-01,,,,,,,,,,
L104603,2024-10-01,,,,,,,,,,
L104603,2024-11-01,,,,,,,,,,
L104603,2024-12-01,,,,,,,,,,
L104603,2025-01-01,,,,,,,,,,
L104603,2025-02-01,,,,,,,,,,
L104603,2025-03-01,,,,,,,,,,
L104603,2025-04-01,,,,,,,,,,
L104603,2025-05-01,,,,,,,,,,
L104608,2024-07-01,,,,,,,,,,
L104608,2024-08-01,,,,,,,,,,
L104608,2024-09-01,,,,,,,,,,
L104608,2024-10-01,,,,,,,,,,
L104608,2024-11-01,,,,,,,,,,
L104608,2024-12-01,,,,,,,,,,
L104609,2024-07-01,,,,,,,,,,
L104609,2024-08-01,,,,,,,,,,
L104609,2024-09-01,,,,,,,,,,
L104609,2024-10-01,,,,,,,,,,
L104609,2024-11-01,,,,,,,,,,
L104609,2024-12-01,,,,,,,,,,
L104609,2025-01-01,,,,,,,,,,
L104609,2025-02-01,,,,,,,,,,
L104609,2025-03-01,,,,,,,,,,
L104609,2025-04-01,,,,,,,,,,
L104615,2024-07-01,,,,,,,,,,
L104615,2024-08-01,,,,,,,,,,
L104615,2024-09-01,,,,,,,,,,
L104615,2024-10-01,,,,,,,,,,
L104615,2024-11-01,,,,,,,,,,
L104615,2024-12-01,,,,,,,,,,
L104615,2025-01-01,,,,,,,,,,
L104615,2025-02-01,,,,,,,,,,
L104615,2025-03-01,,,,,,,,,,
L104615,2025-04-01,,,,,,,,,,
L104615,2025-05-01,,,,,,,,,,
L104615,2025-06-01,,,,,,,,,,
L104615,2025-07-01,,,,,,,,,,
L104615,2025-08-01,,,,,,,,,,
L104615,2025-09-01,,,,,,,,,,
L104615,2025-10-01,,,,,,,,,,
L104616,2024-07-01,,,,,,,,,,
L104616,2024-08-01,,,,,,,,,,
L104616,2024-09-01,,,,,,,,,,
L104616,2024-10-01,,,,,,,,,,
L104616,2024-11-01,,,,,,,,,,
L104616,2024-12-01,,,,,,,,,,
L104616,2025-01-01,,,,,,,,,,
L104616,2025-02-01,,,,,,,,,,
L104618,2024-07-01,,,,,,,,,,
L104618,2024-08-01,,,,,,,,,,
L104618,2024-09-01,,,,,,,,,,
L104618,2024-10-01,,,,,,,,,,
L104618,2024-11-01,,,,,,,,,,
L104618,2024-12-01,,,,,,,,,,
L104618,2025-01-01,,,,,,,,,,
L104618,2025-02-01,,,,,,,,,,
L104618,2025-03-01,,,,,,,,,,
L104618,2025-04-01,,,,,,,,,,
L104618,2025-05-01,,,,,,,,,,
L104618,2025-06-01,,,,,,,,,,
L104618,2025-07-01,,,,,,,,,,
L104618,2025-08-01,,,,,,,,,,
L104619,2024-07-01,,,,,,,,,,
L104619,2024-08-01,,,,,,,,,,
L104619,2024-09-01,,,,,,,,,,
L104619,2024-10-01,,,,,,,,,,
L104619,2024-11-01,,,,,,,,,,
L104619,2024-12-01,,,,,,,,,,
L104619,2025-01-01,,,,,,,,,,
L104619,2025-02-01,,,,,,,,,,
L104619,2025-03-01,,,,,,,,,,
L104619,2025-04-01,,,,,,,,,,
L104619,2025-05-01,,,,,,,,,,
L104621,2024-07-01,,,,,,,,,,
L104621,2024-08-01,,,,,,,,,,
L104621,2024-09-01,,,,,,,,,,
L104621,2024-10-01,,,,,,,,,,
L104621,2024-11-01,,,,,,,,,,
L104621,2024-12-01,,,,,,,,,,
L104626,2024-07-01,,,,,,,,,,
L104626,2024-08-01,,,,,,,,,,
L104626,2024-09-01,,,,,,,,,,
L104626,2024-10-01,,,,,,,,,,
L104626,2024-11-01,,,,,,,,,,
L104626,2024-12-01,,,,,,,,,,
L104626,2025-01-01,,,,,,,,,,
L104626,2025-02-01,,,,,,,,,,
L104626,2025-03-01,,,,,,,,,,
L104626,2025-04-01,,,,,,,,,,
L104626,2025-05-01,,,,,,,,,,
L104626,2025-06-01,,,,,,,,,,
L104626,2025-07-01,,,,,,,,,,
L104626,2025-08-01,,,,,,,,,,
L104626,2025-09-01,,,,,,,,,,
L104626,2025-10-01,,,,,,,,,,
L104627,2024-07-01,,,,,,,,,,
L104627,2024-08-01,,,,,,,,,,
L104627,2024-09-01,,,,,,,,,,
L104627,2024-10-01,,,,,,,,,,
L104627,2024-11-01,,,,,,,,,,
L104627,2024-12-01,,,,,,,,,,
L104627,2025-01-01,,,,,,,,,,
L104627,2025-02-01,,,,,,,,,,
L104627,2025-03-01,,,,,,,,,,
L104627,2025-04-01,,,,,,,,,,
L104627,2025-05-01,,,,,,,,,,
L104627,2025-06-01,,,,,,,,,,
L104627,2025-07-01,,,,,,,,,,
L104627,2025-08-01,,,,,,,,,,
L104627,2025-09-01,,,,,,,,,,
L104627,2025-10-01,,,,,,,,,,
L104639,2024-07-01,,,,,,,,,,
L104639,2024-08-01,,,,,,,,,,
L104639,2024-09-01,,,,,,,,,,
L104639,2024-10-01,,,,,,,,,,
L104639,2024-11-01,,,,,,,,,,
L104639,2024-12-01,,,,,,,,,,
L104639,2025-01-01,,,,,,,,,,
L104639,2025-02-01,,,,,,,,,,
L104639,2025-03-01,,,,,,,,,,
L104639,2025-04-01,,,,,,,,,,
L104639,2025-05-01,,,,,,,,,,
L104639,2025-06-01,,,,,,,,,,
L104639,2025-07-01,,,,,,,,,,
L104639,2025-08-01,,,,,,,,,,
L104645,2024-07-01,,,,,,,,,,
L104645,2024-08-01,,,,,,,,,,
L104645,2024-09-01,,,,,,,,,,
L104645,2024-10-01,,,,,,,,,,
L104645,2024-11-01,,,,,,,,,,
L104645,2024-12-01,,,,,,,,,,
L104645,2025-01-01,,,,,,,,,,
L104645,2025-02-01,,,,,,,,,,
L104645,2025-03-01,,,,,,,,,,
L104645,2025-04-01,,,,,,,,,,
L104645,2025-05-01,,,,,,,,,,
L104645,2025-06-01,,,,,,,,,,
L104645,2025-07-01,,,,,,,,,,
L104645,2025-08-01,,,,,,,,,,
L104645,2025-09-01,,,,,,,,,,
L104645,2025-10-01,,,,,,,,,,
L104645,2025-11-01,,,,,,,,,,
L104651,2024-07-01,,,,,,,,,,
L104651,2024-08-01,,,,,,,,,,
L104651,2024-09-01,,,,,,,,,,
L104651,2024-10-01,,,,,,,,,,
L104651,2024-11-01,,,,,,,,,,
L104651,2024-12-01,,,,,,,,,,
L104651,2025-01-01,,,,,,,,,,
L104651,2025-02-01,,,,,,,,,,
L104651,2025-03-01,,,,,,,,,,
L104651,2025-04-01,,,,,,,,,,
L104651,2025-05-01,,,,,,,,,,
L104651,2025-06-01,,,,,,,,,,
L104651,2025-07-01,,,,,,,,,,
L104651,2025-08-01,,,,,,,,,,
L104651,2025-09-01,,,,,,,,,,
L104651,2025-10-01,,,,,,,,,,
L104651,2025-11-01,,,,,,,,,,
L104651,2025-12-01,,,,,,,,,,
L104651,2026-01-01,,,,,,,,,,
L104651,2026-02-01,,,,,,,,,,
L104651,2026-03-01,,,,,,,,,,
L104652,2024-07-01,,,,,,,,,,
L104652,2024-08-01,,,,,,,,,,
L104654,2024-07-01,,,,,,,,,,
L104654,2024-08-01,,,,,,,,,,
L104654,2024-09-01,,,,,,,,,,
L104654,2024-10-01,,,,,,,,,,
L104654,2024-11-01,,,,,,,,,,
L104654,2024-12-01,,,,,,,,,,
L104654,2025-01-01,,,,,,,,,,
L104654,2025-02-01,,,,,,,,,,
L104654,2025-03-01,,,,,,,,,,
L104654,2025-04-01,,,,,,,,,,
L104654,2025-05-01,,,,,,,,,,
L104657,2024-07-01,,,,,,,,,,
L104657,2024-08-01,,,,,,,,,,
L104657,2024-09-01,,,,,,,,,,
L104657,2024-10-01,,,,,,,,,,
L104657,2024-11-01,,,,,,,,,,
L104657,2024-12-01,,,,,,,,,,
L104657,2025-01-01,,,,,,,,,,
L104657,2025-02-01,,,,,,,,,,
L104657,2025-03-01,,,,,,,,,,
L104657,2025-04-01,,,,,,,,,,
L104657,2025-05-01,,,,,,,,,,
L104657,2025-06-01,,,,,,,,,,
L104657,2025-07-01,,,,,,,,,,
L104657,2025-08-01,,,,,,,,,,
L104660,2024-07-01,,,,,,,,,,
L104660,2024-08-01,,,,,,,,,,
L104660,2024-09-01,,,,,,,,,,
L104660,2024-10-01,,,,,,,,,,
L104660,2024-11-01,,,,,,,,,,
L104660,2024-12-01,,,,,,,,,,
L104660,2025-01-01,,,,,,,,,,
L104660,2025-02-01,,,,,,,,,,
L104660,2025-03-01,,,,,,,,,,
L104660,2025-04-01,,,,,,,,,,
L104660,2025-05-01,,,,,,,,,,
L104660,2025-06-01,,,,,,,,,,
L104660,2025-07-01,,,,,,,,,,
L104660,2025-08-01,,,,,,,,,,
L104660,2025-09-01,,,,,,,,,,
L104660,2025-10-01,,,,,,,,,,
L104660,2025-11-01,,,,,,,,,,
L104660,2025-12-01,,,,,,,,,,
L104660,2026-01-01,,,,,,,,,,
L104660,2026-02-01,,,,,,,,,,
L104660,2026-03-01,,,,,,,,,,
L104660,2026-04-01,,,,,,,,,,
L104663,2024-07-01,,,,,,,,,,
L104663,2024-08-01,,,,,,,,,,
L104663,2024-09-01,,,,,,,,,,
L104663,2024-10-01,,,,,,,,,,
L104663,2024-11-01,,,,,,,,,,
L104663,2024-12-01,,,,,,,,,,
L104663,2025-01-01,,,,,,,,,,
L104663,2025-02-01,,,,,,,,,,
L104663,2025-03-01,,,,,,,,,,
L104663,2025-04-01,,,,,,,,,,
L104663,2025-05-01,,,,,,,,,,
L104663,2025-06-01,,,,,,,,,,
L104663,2025-07-01,,,,,,,,,,
L104663,2025-08-01,,,,,,,,,,
L104663,2025-09-01,,,,,,,,,,
L104663,2025-10-01,,,,,,,,,,
L104667,2024-07-01,,,,,,,,,,
L104667,2024-08-01,,,,,,,,,,
L104667,2024-09-01,,,,,,,,,,
L104667,2024-10-01,,,,,,,,,,
L104667,2024-11-01,,,,,,,,,,
L104667,2024-12-01,,,,,,,,,,
L104667,2025-01-01,,,,,,,,,,
L104667,2025-02-01,,,,,,,,,,
L104667,2025-03-01,,,,,,,,,,
L104667,2025-04-01,,,,,,,,,,
L104667,2025-05-01,,,,,,,,,,
L104667,2025-06-01,,,,,,,,,,
L104667,2025-07-01,,,,,,,,,,
L104667,2025-08-01,,,,,,,,,,
L104667,2025-09-01,,,,,,,,,,
L104667,2025-10-01,,,,,,,,,,
L104667,2025-11-01,,,,,,,,,,
L104667,2025-12-01,,,,,,,,,,
L104671,2024-07-01,,,,,,,,,,
L104671,2024-08-01,,,,,,,,,,
L104671,2024-09-01,,,,,,,,,,
L104671,2024-10-01,,,,,,,,,,
L104671,2024-11-01,,,,,,,,,,
L104671,2024-12-01,,,,,,,,,,
L104671,2025-01-01,,,,,,,,,,
L104671,2025-02-01,,,,,,,,,,
L104671,2025-03-01,,,,,,,,,,
L104671,2025-04-01,,,,,,,,,,
L104671,2025-05-01,,,,,,,,,,
L104671,2025-06-01,,,,,,,,,,
L104671,2025-07-01,,,,,,,,,,
L104671,2025-08-01,,,,,,,,,,
L104671,2025-09-01,,,,,,,,,,
L104671,2025-10-01,,,,,,,,,,
L104686,2024-07-01,,,,,,,,,,
L104686,2024-08-01,,,,,,,,,,
L104686,2024-09-01,,,,,,,,,,
L104686,2024-10-01,,,,,,,,,,
L104686,2024-11-01,,,,,,,,,,
L104686,2024-12-01,,,,,,,,,,
L104686,2025-01-01,,,,,,,,,,
L104686,2025-02-01,,,,,,,,,,
L104686,2025-03-01,,,,,,,,,,
L104686,2025-04-01,,,,,,,,,,
L104686,2025-05-01,,,,,,,,,,
L104686,2025-06-01,,,,,,,,,,
L104686,2025-07-01,,,,,,,,,,
L104686,2025-08-01,,,,,,,,,,
L104686,2025-09-01,,,,,,,,,,
L104686,2025-10-01,,,,,,,,,,
L104686,2025-11-01,,,,,,,,,,
L104686,2025-12-01,,,,,,,,,,
L104686,2026-01-01,,,,,,,,,,
L104686,2026-02-01,,,,,,,,,,
L104686,2026-03-01,,,,,,,,,,
L104690,2024-07-01,,,,,,,,,,
L104692,2024-07-01,,,,,,,,,,
L104693,2024-07-01,,,,,,,,,,
L104693,2024-08-01,,,,,,,,,,
L104694,2024-07-01,,,,,,,,,,
L104697,2024-07-01,,,,,,,,,,
L104697,2024-08-01,,,,,,,,,,
L104697,2024-09-01,,,,,,,,,,
L104697,2024-10-01,,,,,,,,,,
L104697,2024-11-01,,,,,,,,,,
L104697,2024-12-01,,,,,,,,,,
L104697,2025-01-01,,,,,,,,,,
L104697,2025-02-01,,,,,,,,,,
L104697,2025-03-01,,,,,,,,,,
L104697,2025-04-01,,,,,,,,,,
L104719,2024-07-01,,,,,,,,,,
L104719,2024-08-01,,,,,,,,,,
L104719,2024-09-01,,,,,,,,,,
L104719,2024-10-01,,,,,,,,,,
L104719,2024-11-01,,,,,,,,,,
L104719,2024-12-01,,,,,,,,,,
L104719,2025-01-01,,,,,,,,,,
L104719,2025-02-01,,,,,,,,,,
L104719,2025-03-01,,,,,,,,,,
L104719,2025-04-01,,,,,,,,,,
L104719,2025-05-01,,,,,,,,,,
L104719,2025-06-01,,,,,,,,,,
L104719,2025-07-01,,,,,,,,,,
L104719,2025-08-01,,,,,,,,,,
L104719,2025-09-01,,,,,,,,,,
L104719,2025-10-01,,,,,,,,,,
L104719,2025-11-01,,,,,,,,,,
L104719,2025-12-01,,,,,,,,,,
L104719,2026-01-01,,,,,,,,,,
L104719,2026-02-01,,,,,,,,,,
L104724,2024-07-01,,,,,,,,,,
L104724,2024-08-01,,,,,,,,,,
L104724,2024-09-01,,,,,,,,,,
L104727,2024-07-01,,,,,,,,,,
L104727,2024-08-01,,,,,,,,,,
L104732,2024-07-01,,,,,,,,,,
L104732,2024-08-01,,,,,,,,,,
L104734,2024-07-01,,,,,,,,,,
L104734,2024-08-01,,,,,,,,,,
L104734,2024-09-01,,,,,,,,,,
L104734,2024-10-01,,,,,,,,,,
L104735,2024-07-01,,,,,,,,,,
L104735,2024-08-01,,,,,,,,,,
L104735,2024-09-01,,,,,,,,,,
L104735,2024-10-01,,,,,,,,,,
L104735,2024-11-01,,,,,,,,,,
L104735,2024-12-01,,,,,,,,,,
L104735,2025-01-01,,,,,,,,,,
L104735,2025-02-01,,,,,,,,,,
L104735,2025-03-01,,,,,,,,,,
L104735,2025-04-01,,,,,,,,,,
L104735,2025-05-01,,,,,,,,,,
L104735,2025-06-01,,,,,,,,,,
L104735,2025-07-01,,,,,,,,,,
L104735,2025-08-01,,,,,,,,,,
L104735,2025-09-01,,,,,,,,,,
L104735,2025-10-01,,,,,,,,,,
L104735,2025-11-01,,,,,,,,,,
L104735,2025-12-01,,,,,,,,,,
L104735,2026-01-01,,,,,,,,,,
L104739,2024-07-01,,,,,,,,,,
L104739,2024-08-01,,,,,,,,,,
L104739,2024-09-01,,,,,,,,,,
L104739,2024-10-01,,,,,,,,,,
L104739,2024-11-01,,,,,,,,,,
L104739,2024-12-01,,,,,,,,,,
L104739,2025-01-01,,,,,,,,,,
L104739,2025-02-01,,,,,,,,,,
L104739,2025-03-01,,,,,,,,,,
L104739,2025-04-01,,,,,,,,,,
L104739,2025-05-01,,,,,,,,,,
L104743,2024-07-01,,,,,,,,,,
L104743,2024-08-01,,,,,,,,,,
L104743,2024-09-01,,,,,,,,,,
L104743,2024-10-01,,,,,,,,,,
L104743,2024-11-01,,,,,,,,,,
L104743,2024-12-01,,,,,,,,,,
L104743,2025-01-01,,,,,,,,,,
L104743,2025-02-01,,,,,,,,,,
L104743,2025-03-01,,,,,,,,,,
L104743,2025-04-01,,,,,,,,,,
L104743,2025-05-01,,,,,,,,,,
L104743,2025-06-01,,,,,,,,,,
L104743,2025-07-01,,,,,,,,,,
L104743,2025-08-01,,,,,,,,,,
L104748,2024-07-01,,,,,,,,,,
L104748,2024-08-01,,,,,,,,,,
L104748,2024-09-01,,,,,,,,,,
L104748,2024-10-01,,,,,,,,,,
L104748,2024-11-01,,,,,,,,,,
L104748,2024-12-01,,,,,,,,,,
L104748,2025-01-01,,,,,,,,,,
L104748,2025-02-01,,,,,,,,,,
L104748,2025-03-01,,,,,,,,,,
L104748,2025-04-01,,,,,,,,,,
L104748,2025-05-01,,,,,,,,,,
L104748,2025-06-01,,,,,,,,,,
L104748,2025-07-01,,,,,,,,,,
L104748,2025-08-01,,,,,,,,,,
L104748,2025-09-01,,,,,,,,,,
L104748,2025-10-01,,,,,,,,,,
L104748,2025-11-01,,,,,,,,,,
L104748,2025-12-01,,,,,,,,,,
L104748,2026-01-01,,,,,,,,,,
L104748,2026-02-01,,,,,,,,,,
L104748,2026-03-01,,,,,,,,,,
L104750,2024-07-01,,,,,,,,,,
L104750,2024-08-01,,,,,,,,,,
L104750,2024-09-01,,,,,,,,,,
L104750,2024-10-01,,,,,,,,,,
L104750,2024-11-01,,,,,,,,,,
L104750,2024-12-01,,,,,,,,,,
L104753,2024-07-01,,,,,,,,,,
L104753,2024-08-01,,,,,,,,,,
L104753,2024-09-01,,,,,,,,,,
L104753,2024-10-01,,,,,,,,,,
L104753,2024-11-01,,,,,,,,,,
L104753,2024-12-01,,,,,,,,,,
L104753,2025-01-01,,,,,,,,,,
L104753,2025-02-01,,,,,,,,,,
L104753,2025-03-01,,,,,,,,,,
L104753,2025-04-01,,,,,,,,,,
L104753,2025-05-01,,,,,,,,,,
L104753,2025-06-01,,,,,,,,,,
L104753,2025-07-01,,,,,,,,,,
L104753,2025-08-01,,,,,,,,,,
L104758,2024-07-01,,,,,,,,,,
L104758,2024-08-01,,,,,,,,,,
L104758,2024-09-01,,,,,,,,,,
L104758,2024-10-01,,,,,,,,,,
L104758,2024-11-01,,,,,,,,,,
L104758,2024-12-01,,,,,,,,,,
L104758,2025-01-01,,,,,,,,,,
L104758,2025-02-01,,,,,,,,,,
L104758,2025-03-01,,,,,,,,,,
L104758,2025-04-01,,,,,,,,,,
L104758,2025-05-01,,,,,,,,,,
L104758,2025-06-01,,,,,,,,,,
L104758,2025-07-01,,,,,,,,,,
L104758,2025-08-01,,,,,,,,,,
L104758,2025-09-01,,,,,,,,,,
L104758,2025-10-01,,,,,,,,,,
L104758,2025-11-01,,,,,,,,,,
L104758,2025-12-01,,,,,,,,,,
L104758,2026-01-01,,,,,,,,,,
L104758,2026-02-01,,,,,,,,,,
L104759,2024-07-01,,,,,,,,,,
L104761,2024-07-01,,,,,,,,,,
L104761,2024-08-01,,,,,,,,,,
L104761,2024-09-01,,,,,,,,,,
L104761,2024-10-01,,,,,,,,,,
L104761,2024-11-01,,,,,,,,,,
L104773,2024-07-01,,,,,,,,,,
L104773,2024-08-01,,,,,,,,,,
L104773,2024-09-01,,,,,,,,,,
L104773,2024-10-01,,,,,,,,,,
L104773,2024-11-01,,,,,,,,,,
L104773,2024-12-01,,,,,,,,,,
L104773,2025-01-01,,,,,,,,,,
L104773,2025-02-01,,,,,,,,,,
L104773,2025-03-01,,,,,,,,,,
L104773,2025-04-01,,,,,,,,,,
L104773,2025-05-01,,,,,,,,,,
L104773,2025-06-01,,,,,,,,,,
L104773,2025-07-01,,,,,,,,,,
L104773,2025-08-01,,,,,,,,,,
L104773,2025-09-01,,,,,,,,,,
L104773,2025-10-01,,,,,,,,,,
L104773,2025-11-01,,,,,,,,,,
L104773,2025-12-01,,,,,,,,,,
L104774,2024-07-01,,,,,,,,,,
L104774,2024-08-01,,,,,,,,,,
L104774,2024-09-01,,,,,,,,,,
L104774,2024-10-01,,,,,,,,,,
L104774,2024-11-01,,,,,,,,,,
L104774,2024-12-01,,,,,,,,,,
L104774,2025-01-01,,,,,,,,,,
L104774,2025-02-01,,,,,,,,,,
L104774,2025-03-01,,,,,,,,,,
L104774,2025-04-01,,,,,,,,,,
L104774,2025-05-01,,,,,,,,,,
L104774,2025-06-01,,,,,,,,,,
L104774,2025-07-01,,,,,,,,,,
L104774,2025-08-01,,,,,,,,,,
L104774,2025-09-01,,,,,,,,,,
L104775,2024-07-01,,,,,,,,,,
L104775,2024-08-01,,,,,,,,,,
L104775,2024-09-01,,,,,,,,,,
L104775,2024-10-01,,,,,,,,,,
L104775,2024-11-01,,,,,,,,,,
L104775,2024-12-01,,,,,,,,,,
L104775,2025-01-01,,,,,,,,,,
L104775,2025-02-01,,,,,,,,,,
L104775,2025-03-01,,,,,,,,,,
L104775,2025-04-01,,,,,,,,,,
L104775,2025-05-01,,,,,,,,,,
L104775,2025-06-01,,,,,,,,,,
L104775,2025-07-01,,,,,,,,,,
L104775,2025-08-01,,,,,,,,,,
L104775,2025-09-01,,,,,,,,,,
L104775,2025-10-01,,,,,,,,,,
L104775,2025-11-01,,,,,,,,,,
L104775,2025-12-01,,,,,,,,,,
L104775,2026-01-01,,,,,,,,,,
L104775,2026-02-01,,,,,,,,,,
L104775,2026-03-01,,,,,,,,,,
L104775,2026-04-01,,,,,,,,,,
L104777,2024-07-01,,,,,,,,,,
L104777,2024-08-01,,,,,,,,,,
L104777,2024-09-01,,,,,,,,,,
L104777,2024-10-01,,,,,,,,,,
L104777,2024-11-01,,,,,,,,,,
L104777,2024-12-01,,,,,,,,,,
L104777,2025-01-01,,,,,,,,,,
L104777,2025-02-01,,,,,,,,,,
L104777,2025-03-01,,,,,,,,,,
L104778,2024-07-01,,,,,,,,,,
L104778,2024-08-01,,,,,,,,,,
L104778,2024-09-01,,,,,,,,,,
L104778,2024-10-01,,,,,,,,,,
L104778,2024-11-01,,,,,,,,,,
L104778,2024-12-01,,,,,,,,,,
L104778,2025-01-01,,,,,,,,,,
L104778,2025-02-01,,,,,,,,,,
L104778,2025-03-01,,,,,,,,,,
L104778,2025-04-01,,,,,,,,,,
L104778,2025-05-01,,,,,,,,,,
L104778,2025-06-01,,,,,,,,,,
L104778,2025-07-01,,,,,,,,,,
L104782,2024-07-01,,,,,,,,,,
L104782,2024-08-01,,,,,,,,,,
L104782,2024-09-01,,,,,,,,,,
L104782,2024-10-01,,,,,,,,,,
L104782,2024-11-01,,,,,,,,,,
L104782,2024-12-01,,,,,,,,,,
L104782,2025-01-01,,,,,,,,,,
L104782,2025-02-01,,,,,,,,,,
L104782,2025-03-01,,,,,,,,,,
L104782,2025-04-01,,,,,,,,,,
L104782,2025-05-01,,,,,,,,,,
L104782,2025-06-01,,,,,,,,,,
L104782,2025-07-01,,,,,,,,,,
L104782,2025-08-01,,,,,,,,,,
L104782,2025-09-01,,,,,,,,,,
L104782,2025-10-01,,,,,,,,,,
L104782,2025-11-01,,,,,,,,,,
L104782,2025-12-01,,,,,,,,,,
L104782,2026-01-01,,,,,,,,,,
L104782,2026-02-01,,,,,,,,,,
L104782,2026-03-01,,,,,,,,,,
L104782,2026-04-01,,,,,,,,,,
L104787,2024-07-01,,,,,,,,,,
L104787,2024-08-01,,,,,,,,,,
L104787,2024-09-01,,,,,,,,,,
L104787,2024-10-01,,,,,,,,,,
L104787,2024-11-01,,,,,,,,,,
L104787,2024-12-01,,,,,,,,,,
L104787,2025-01-01,,,,,,,,,,
L104787,2025-02-01,,,,,,,,,,
L104787,2025-03-01,,,,,,,,,,
L104787,2025-04-01,,,,,,,,,,
L104787,2025-05-01,,,,,,,,,,
L104787,2025-06-01,,,,,,,,,,
L104787,2025-07-01,,,,,,,,,,
L104787,2025-08-01,,,,,,,,,,
L104787,2025-09-01,,,,,,,,,,
L104787,2025-10-01,,,,,,,,,,
L104787,2025-11-01,,,,,,,,,,
L104787,2025-12-01,,,,,,,,,,
L104787,2026-01-01,,,,,,,,,,
L104789,2024-07-01,,,,,,,,,,
L104789,2024-08-01,,,,,,,,,,
L104789,2024-09-01,,,,,,,,,,
L104789,2024-10-01,,,,,,,,,,
L104789,2024-11-01,,,,,,,,,,
L104789,2024-12-01,,,,,,,,,,
L104789,2025-01-01,,,,,,,,,,
L104789,2025-02-01,,,,,,,,,,
L104789,2025-03-01,,,,,,,,,,
L104789,2025-04-01,,,,,,,,,,
L104789,2025-05-01,,,,,,,,,,
L104792,2024-07-01,,,,,,,,,,
L104792,2024-08-01,,,,,,,,,,
L104792,2024-09-01,,,,,,,,,,
L104792,2024-10-01,,,,,,,,,,
L104793,2024-07-01,,,,,,,,,,
L104793,2024-08-01,,,,,,,,,,
L104793,2024-09-01,,,,,,,,,,
L104793,2024-10-01,,,,,,,,,,
L104793,2024-11-01,,,,,,,,,,
L104793,2024-12-01,,,,,,,,,,
L104793,2025-01-01,,,,,,,,,,
L104793,2025-02-01,,,,,,,,,,
L104793,2025-03-01,,,,,,,,,,
L104793,2025-04-01,,,,,,,,,,
L104793,2025-05-01,,,,,,,,,,
L104793,2025-06-01,,,,,,,,,,
L104793,2025-07-01,,,,,,,,,,
L104793,2025-08-01,,,,,,,,,,
L104793,2025-09-01,,,,,,,,,,
L104793,2025-10-01,,,,,,,,,,
L104799,2024-07-01,,,,,,,,,,
L104799,2024-08-01,,,,,,,,,,
L104799,2024-09-01,,,,,,,,,,
L104799,2024-10-01,,,,,,,,,,
L104799,2024-11-01,,,,,,,,,,
L104799,2024-12-01,,,,,,,,,,
L104799,2025-01-01,,,,,,,,,,
L104799,2025-02-01,,,,,,,,,,
L104799,2025-03-01,,,,,,,,,,
L104799,2025-04-01,,,,,,,,,,
L104799,2025-05-01,,,,,,,,,,
L104799,2025-06-01,,,,,,,,,,
L104799,2025-07-01,,,,,,,,,,
L104799,2025-08-01,,,,,,,,,,
L104801,2024-07-01,,,,,,,,,,
L104802,2024-07-01,,,,,,,,,,
L104802,2024-08-01,,,,,,,,,,
L104802,2024-09-01,,,,,,,,,,
L104802,2024-10-01,,,,,,,,,,
L104802,2024-11-01,,,,,,,,,,
L104802,2024-12-01,,,,,,,,,,
L104802,2025-01-01,,,,,,,,,,
L104802,2025-02-01,,,,,,,,,,
L104802,2025-03-01,,,,,,,,,,
L104802,2025-04-01,,,,,,,,,,
L104802,2025-05-01,,,,,,,,,,
L104802,2025-06-01,,,,,,,,,,
L104802,2025-07-01,,,,,,,,,,
L104802,2025-08-01,,,,,,,,,,
L104802,2025-09-01,,,,,,,,,,
L104802,2025-10-01,,,,,,,,,,
L104802,2025-11-01,,,,,,,,,,
L104802,2025-12-01,,,,,,,,,,
L104802,2026-01-01,,,,,,,,,,
L104802,2026-02-01,,,,,,,,,,
L104802,2026-03-01,,,,,,,,,,
L104802,2026-04-01,,,,,,,,,,
L104803,2024-07-01,,,,,,,,,,
L104803,2024-08-01,,,,,,,,,,
L104803,2024-09-01,,,,,,,,,,
L104803,2024-10-01,,,,,,,,,,
L104803,2024-11-01,,,,,,,,,,
L104803,2024-12-01,,,,,,,,,,
L104803,2025-01-01,,,,,,,,,,
L104803,2025-02-01,,,,,,,,,,
L104803,2025-03-01,,,,,,,,,,
L104803,2025-04-01,,,,,,,,,,
L104803,2025-05-01,,,,,,,,,,
L104803,2025-06-01,,,,,,,,,,
L104803,2025-07-01,,,,,,,,,,
L104803,2025-08-01,,,,,,,,,,
L104803,2025-09-01,,,,,,,,,,
L104803,2025-10-01,,,,,,,,,,
L104803,2025-11-01,,,,,,,,,,
L104804,2024-07-01,,,,,,,,,,
L104804,2024-08-01,,,,,,,,,,
L104804,2024-09-01,,,,,,,,,,
L104804,2024-10-01,,,,,,,,,,
L104804,2024-11-01,,,,,,,,,,
L104804,2024-12-01,,,,,,,,,,
L104808,2024-07-01,,,,,,,,,,
L104808,2024-08-01,,,,,,,,,,
L104808,2024-09-01,,,,,,,,,,
L104808,2024-10-01,,,,,,,,,,
L104808,2024-11-01,,,,,,,,,,
L104808,2024-12-01,,,,,,,,,,
L104808,2025-01-01,,,,,,,,,,
L104808,2025-02-01,,,,,,,,,,
L104808,2025-03-01,,,,,,,,,,
L104808,2025-04-01,,,,,,,,,,
L104808,2025-05-01,,,,,,,,,,
L104808,2025-06-01,,,,,,,,,,
L104808,2025-07-01,,,,,,,,,,
L104808,2025-08-01,,,,,,,,,,
L104808,2025-09-01,,,,,,,,,,
L104808,2025-10-01,,,,,,,,,,
L104808,2025-11-01,,,,,,,,,,
L104808,2025-12-01,,,,,,,,,,
L104808,2026-01-01,,,,,,,,,,
L104808,2026-02-01,,,,,,,,,,
L104808,2026-03-01,,,,,,,,,,
L104808,2026-04-01,,,,,,,,,,
L104808,2026-05-01,,,,,,,,,,
L104810,2024-07-01,,,,,,,,,,
L104810,2024-08-01,,,,,,,,,,
L104810,2024-09-01,,,,,,,,,,
L104810,2024-10-01,,,,,,,,,,
L104810,2024-11-01,,,,,,,,,,
L104810,2024-12-01,,,,,,,,,,
L104810,2025-01-01,,,,,,,,,,
L104810,2025-02-01,,,,,,,,,,
L104810,2025-03-01,,,,,,,,,,
L104810,2025-04-01,,,,,,,,,,
L104810,2025-05-01,,,,,,,,,,
L104810,2025-06-01,,,,,,,,,,
L104810,2025-07-01,,,,,,,,,,
L104810,2025-08-01,,,,,,,,,,
L104810,2025-09-01,,,,,,,,,,
L104810,2025-10-01,,,,,,,,,,
L104810,2025-11-01,,,,,,,,,,
L104810,2025-12-01,,,,,,,,,,
L104810,2026-01-01,,,,,,,,,,
L104810,2026-02-01,,,,,,,,,,
L104810,2026-03-01,,,,,,,,,,
L104810,2026-04-01,,,,,,,,,,
L104816,2024-07-01,,,,,,,,,,
L104816,2024-08-01,,,,,,,,,,
L104816,2024-09-01,,,,,,,,,,
L104816,2024-10-01,,,,,,,,,,
L104816,2024-11-01,,,,,,,,,,
L104816,2024-12-01,,,,,,,,,,
L104816,2025-01-01,,,,,,,,,,
L104816,2025-02-01,,,,,,,,,,
L104816,2025-03-01,,,,,,,,,,
L104816,2025-04-01,,,,,,,,,,
L104816,2025-05-01,,,,,,,,,,
L104816,2025-06-01,,,,,,,,,,
L104816,2025-07-01,,,,,,,,,,
L104820,2024-07-01,,,,,,,,,,
L104820,2024-08-01,,,,,,,,,,
L104820,2024-09-01,,,,,,,,,,
L104820,2024-10-01,,,,,,,,,,
L104820,2024-11-01,,,,,,,,,,
L104820,2024-12-01,,,,,,,,,,
L104820,2025-01-01,,,,,,,,,,
L104820,2025-02-01,,,,,,,,,,
L104820,2025-03-01,,,,,,,,,,
L104820,2025-04-01,,,,,,,,,,
L104820,2025-05-01,,,,,,,,,,
L104820,2025-06-01,,,,,,,,,,
L104820,2025-07-01,,,,,,,,,,
L104820,2025-08-01,,,,,,,,,,
L104820,2025-09-01,,,,,,,,,,
L104823,2024-07-01,,,,,,,,,,
L104823,2024-08-01,,,,,,,,,,
L104823,2024-09-01,,,,,,,,,,
L104823,2024-10-01,,,,,,,,,,
L104823,2024-11-01,,,,,,,,,,
L104823,2024-12-01,,,,,,,,,,
L104823,2025-01-01,,,,,,,,,,
L104823,2025-02-01,,,,,,,,,,
L104823,2025-03-01,,,,,,,,,,
L104823,2025-04-01,,,,,,,,,,
L104824,2024-07-01,,,,,,,,,,
L104824,2024-08-01,,,,,,,,,,
L104824,2024-09-01,,,,,,,,,,
L104824,2024-10-01,,,,,,,,,,
L104824,2024-11-01,,,,,,,,,,
L104824,2024-12-01,,,,,,,,,,
L104831,2024-07-01,,,,,,,,,,
L104831,2024-08-01,,,,,,,,,,
L104831,2024-09-01,,,,,,,,,,
L104831,2024-10-01,,,,,,,,,,
L104831,2024-11-01,,,,,,,,,,
L104831,2024-12-01,,,,,,,,,,
L104831,2025-01-01,,,,,,,,,,
L104834,2024-07-01,,,,,,,,,,
L104834,2024-08-01,,,,,,,,,,
L104834,2024-09-01,,,,,,,,,,
L104834,2024-10-01,,,,,,,,,,
L104834,2024-11-01,,,,,,,,,,
L104835,2024-07-01,,,,,,,,,,
L104835,2024-08-01,,,,,,,,,,
L104835,2024-09-01,,,,,,,,,,
L104835,2024-10-01,,,,,,,,,,
L104835,2024-11-01,,,,,,,,,,
L104835,2024-12-01,,,,,,,,,,
L104835,2025-01-01,,,,,,,,,,
L104835,2025-02-01,,,,,,,,,,
L104835,2025-03-01,,,,,,,,,,
L104835,2025-04-01,,,,,,,,,,
L104835,2025-05-01,,,,,,,,,,
L104835,2025-06-01,,,,,,,,,,
L104841,2024-07-01,,,,,,,,,,
L104841,2024-08-01,,,,,,,,,,
L104841,2024-09-01,,,,,,,,,,
L104841,2024-10-01,,,,,,,,,,
L104841,2024-11-01,,,,,,,,,,
L104842,2024-07-01,,,,,,,,,,
L104842,2024-08-01,,,,,,,,,,
L104842,2024-09-01,,,,,,,,,,
L104842,2024-10-01,,,,,,,,,,
L104846,2024-07-01,,,,,,,,,,
L104846,2024-08-01,,,,,,,,,,
L104846,2024-09-01,,,,,,,,,,
L104846,2024-10-01,,,,,,,,,,
L104846,2024-11-01,,,,,,,,,,
L104846,2024-12-01,,,,,,,,,,
L104846,2025-01-01,,,,,,,,,,
L104846,2025-02-01,,,,,,,,,,
L104846,2025-03-01,,,,,,,,,,
L104848,2024-07-01,,,,,,,,,,
L104848,2024-08-01,,,,,,,,,,
L104848,2024-09-01,,,,,,,,,,
L104848,2024-10-01,,,,,,,,,,
L104848,2024-11-01,,,,,,,,,,
L104848,2024-12-01,,,,,,,,,,
L104848,2025-01-01,,,,,,,,,,
L104848,2025-02-01,,,,,,,,,,
L104848,2025-03-01,,,,,,,,,,
L104848,2025-04-01,,,,,,,,,,
L104848,2025-05-01,,,,,,,,,,
L104848,2025-06-01,,,,,,,,,,
L104848,2025-07-01,,,,,,,,,,
L104848,2025-08-01,,,,,,,,,,
L104848,2025-09-01,,,,,,,,,,
L104848,2025-10-01,,,,,,,,,,
L104848,2025-11-01,,,,,,,,,,
L104848,2025-12-01,,,,,,,,,,
L104848,2026-01-01,,,,,,,,,,
L104848,2026-02-01,,,,,,,,,,
L104850,2024-07-01,,,,,,,,,,
L104850,2024-08-01,,,,,,,,,,
L104850,2024-09-01,,,,,,,,,,
L104850,2024-10-01,,,,,,,,,,
L104850,2024-11-01,,,,,,,,,,
L104850,2024-12-01,,,,,,,,,,
L104850,2025-01-01,,,,,,,,,,
L104850,2025-02-01,,,,,,,,,,
L104853,2024-07-01,,,,,,,,,,
L104853,2024-08-01,,,,,,,,,,
L104853,2024-09-01,,,,,,,,,,
L104853,2024-10-01,,,,,,,,,,
L104853,2024-11-01,,,,,,,,,,
L104853,2024-12-01,,,,,,,,,,
L104853,2025-01-01,,,,,,,,,,
L104853,2025-02-01,,,,,,,,,,
L104853,2025-03-01,,,,,,,,,,
L104853,2025-04-01,,,,,,,,,,
L104853,2025-05-01,,,,,,,,,,
L104853,2025-06-01,,,,,,,,,,
L104853,2025-07-01,,,,,,,,,,
L104853,2025-08-01,,,,,,,,,,
L104853,2025-09-01,,,,,,,,,,
L104853,2025-10-01,,,,,,,,,,
L104853,2025-11-01,,,,,,,,,,
L104853,2025-12-01,,,,,,,,,,
L104853,2026-01-01,,,,,,,,,,
L104854,2024-07-01,,,,,,,,,,
L104854,2024-08-01,,,,,,,,,,
L104854,2024-09-01,,,,,,,,,,
L104854,2024-10-01,,,,,,,,,,
L104854,2024-11-01,,,,,,,,,,
L104854,2024-12-01,,,,,,,,,,
L104854,2025-01-01,,,,,,,,,,
L104854,2025-02-01,,,,,,,,,,
L104860,2024-07-01,,,,,,,,,,
L104860,2024-08-01,,,,,,,,,,
L104860,2024-09-01,,,,,,,,,,
L104860,2024-10-01,,,,,,,,,,
L104860,2024-11-01,,,,,,,,,,
L104860,2024-12-01,,,,,,,,,,
L104860,2025-01-01,,,,,,,,,,
L104860,2025-02-01,,,,,,,,,,
L104860,2025-03-01,,,,,,,,,,
L104860,2025-04-01,,,,,,,,,,
L104860,2025-05-01,,,,,,,,,,
L104860,2025-06-01,,,,,,,,,,
L104862,2024-07-01,,,,,,,,,,
L104862,2024-08-01,,,,,,,,,,
L104862,2024-09-01,,,,,,,,,,
L104862,2024-10-01,,,,,,,,,,
L104862,2024-11-01,,,,,,,,,,
L104862,2024-12-01,,,,,,,,,,
L104862,2025-01-01,,,,,,,,,,
L104862,2025-02-01,,,,,,,,,,
L104862,2025-03-01,,,,,,,,,,
L104862,2025-04-01,,,,,,,,,,
L104862,2025-05-01,,,,,,,,,,
L104862,2025-06-01,,,,,,,,,,
L104862,2025-07-01,,,,,,,,,,
L104862,2025-08-01,,,,,,,,,,
L104862,2025-09-01,,,,,,,,,,
L104862,2025-10-01,,,,,,,,,,
L104862,2025-11-01,,,,,,,,,,
L104862,2025-12-01,,,,,,,,,,
L104862,2026-01-01,,,,,,,,,,
L104862,2026-02-01,,,,,,,,,,
L104867,2024-07-01,,,,,,,,,,
L104867,2024-08-01,,,,,,,,,,
L104867,2024-09-01,,,,,,,,,,
L104874,2024-07-01,,,,,,,,,,
L104874,2024-08-01,,,,,,,,,,
L104874,2024-09-01,,,,,,,,,,
L104874,2024-10-01,,,,,,,,,,
L104874,2024-11-01,,,,,,,,,,
L104874,2024-12-01,,,,,,,,,,
L104880,2024-07-01,,,,,,,,,,
L104880,2024-08-01,,,,,,,,,,
L104880,2024-09-01,,,,,,,,,,
L104880,2024-10-01,,,,,,,,,,
L104880,2024-11-01,,,,,,,,,,
L104884,2024-07-01,,,,,,,,,,
L104884,2024-08-01,,,,,,,,,,
L104884,2024-09-01,,,,,,,,,,
L104884,2024-10-01,,,,,,,,,,
L104884,2024-11-01,,,,,,,,,,
L104884,2024-12-01,,,,,,,,,,
L104884,2025-01-01,,,,,,,,,,
L104884,2025-02-01,,,,,,,,,,
L104884,2025-03-01,,,,,,,,,,
L104884,2025-04-01,,,,,,,,,,
L104884,2025-05-01,,,,,,,,,,
L104884,2025-06-01,,,,,,,,,,
L104884,2025-07-01,,,,,,,,,,
L104884,2025-08-01,,,,,,,,,,
L104884,2025-09-01,,,,,,,,,,
L104884,2025-10-01,,,,,,,,,,
L104884,2025-11-01,,,,,,,,,,
L104884,2025-12-01,,,,,,,,,,
L104884,2026-01-01,,,,,,,,,,
L104889,2024-07-01,,,,,,,,,,
L104889,2024-08-01,,,,,,,,,,
L104889,2024-09-01,,,,,,,,,,
L104889,2024-10-01,,,,,,,,,,
L104889,2024-11-01,,,,,,,,,,
L104889,2024-12-01,,,,,,,,,,
L104889,2025-01-01,,,,,,,,,,
L104889,2025-02-01,,,,,,,,,,
L104889,2025-03-01,,,,,,,,,,
L104889,2025-04-01,,,,,,,,,,
L104889,2025-05-01,,,,,,,,,,
L104889,2025-06-01,,,,,,,,,,
L104889,2025-07-01,,,,,,,,,,
L104889,2025-08-01,,,,,,,,,,
L104889,2025-09-01,,,,,,,,,,
L104889,2025-10-01,,,,,,,,,,
L104889,2025-11-01,,,,,,,,,,
L104889,2025-12-01,,,,,,,,,,
L104889,2026-01-01,,,,,,,,,,
L104894,2024-07-01,,,,,,,,,,
L104894,2024-08-01,,,,,,,,,,
L104894,2024-09-01,,,,,,,,,,
L104894,2024-10-01,,,,,,,,,,
L104894,2024-11-01,,,,,,,,,,
L104894,2024-12-01,,,,,,,,,,
L104894,2025-01-01,,,,,,,,,,
L104894,2025-02-01,,,,,,,,,,
L104894,2025-03-01,,,,,,,,,,
L104894,2025-04-01,,,,,,,,,,
L104894,2025-05-01,,,,,,,,,,
L104894,2025-06-01,,,,,,,,,,
L104894,2025-07-01,,,,,,,,,,
L104894,2025-08-01,,,,,,,,,,
L104894,2025-09-01,,,,,,,,,,
L104894,2025-10-01,,,,,,,,,,
L104894,2025-11-01,,,,,,,,,,
L104894,2025-12-01,,,,,,,,,,
L104894,2026-01-01,,,,,,,,,,
L104894,2026-02-01,,,,,,,,,,
L104894,2026-03-01,,,,,,,,,,
L104894,2026-04-01,,,,,,,,,,
L104894,2026-05-01,,,,,,,,,,
L104895,2024-07-01,,,,,,,,,,
L104895,2024-08-01,,,,,,,,,,
L104895,2024-09-01,,,,,,,,,,
L104895,2024-10-01,,,,,,,,,,
L104895,2024-11-01,,,,,,,,,,
L104895,2024-12-01,,,,,,,,,,
L104895,2025-01-01,,,,,,,,,,
L104895,2025-02-01,,,,,,,,,,
L104895,2025-03-01,,,,,,,,,,
L104895,2025-04-01,,,,,,,,,,
L104895,2025-05-01,,,,,,,,,,
L104896,2024-07-01,,,,,,,,,,
L104896,2024-08-01,,,,,,,,,,
L104896,2024-09-01,,,,,,,,,,
L104896,2024-10-01,,,,,,,,,,
L104896,2024-11-01,,,,,,,,,,
L104896,2024-12-01,,,,,,,,,,
L104896,2025-01-01,,,,,,,,,,
L104896,2025-02-01,,,,,,,,,,
L104896,2025-03-01,,,,,,,,,,
L104896,2025-04-01,,,,,,,,,,
L104896,2025-05-01,,,,,,,,,,
L104896,2025-06-01,,,,,,,,,,
L104896,2025-07-01,,,,,,,,,,
L104896,2025-08-01,,,,,,,,,,
L104896,2025-09-01,,,,,,,,,,
L104896,2025-10-01,,,,,,,,,,
L104896,2025-11-01,,,,,,,,,,
L104897,2024-07-01,,,,,,,,,,
L104897,2024-08-01,,,,,,,,,,
L104897,2024-09-01,,,,,,,,,,
L104897,2024-10-01,,,,,,,,,,
L104897,2024-11-01,,,,,,,,,,
L104897,2024-12-01,,,,,,,,,,
L104897,2025-01-01,,,,,,,,,,
L104897,2025-02-01,,,,,,,,,,
L104897,2025-03-01,,,,,,,,,,
L104897,2025-04-01,,,,,,,,,,
L104897,2025-05-01,,,,,,,,,,
L104897,2025-06-01,,,,,,,,,,
L104897,2025-07-01,,,,,,,,,,
L104898,2024-07-01,,,,,,,,,,
L104898,2024-08-01,,,,,,,,,,
L104898,2024-09-01,,,,,,,,,,
L104898,2024-10-01,,,,,,,,,,
L104898,2024-11-01,,,,,,,,,,
L104898,2024-12-01,,,,,,,,,,
L104898,2025-01-01,,,,,,,,,,
L104898,2025-02-01,,,,,,,,,,
L104898,2025-03-01,,,,,,,,,,
L104898,2025-04-01,,,,,,,,,,
L104898,2025-05-01,,,,,,,,,,
L104898,2025-06-01,,,,,,,,,,
L104898,2025-07-01,,,,,,,,,,
L104898,2025-08-01,,,,,,,,,,
L104898,2025-09-01,,,,,,,,,,
L104898,2025-10-01,,,,,,,,,,
L104910,2024-07-01,,,,,,,,,,
L104910,2024-08-01,,,,,,,,,,
L104910,2024-09-01,,,,,,,,,,
L104910,2024-10-01,,,,,,,,,,
L104910,2024-11-01,,,,,,,,,,
L104910,2024-12-01,,,,,,,,,,
L104910,2025-01-01,,,,,,,,,,
L104910,2025-02-01,,,,,,,,,,
L104910,2025-03-01,,,,,,,,,,
L104910,2025-04-01,,,,,,,,,,
L104910,2025-05-01,,,,,,,,,,
L104910,2025-06-01,,,,,,,,,,
L104910,2025-07-01,,,,,,,,,,
L104910,2025-08-01,,,,,,,,,,
L104910,2025-09-01,,,,,,,,,,
L104910,2025-10-01,,,,,,,,,,
L104910,2025-11-01,,,,,,,,,,
L104910,2025-12-01,,,,,,,,,,
L104910,2026-01-01,,,,,,,,,,
L104910,2026-02-01,,,,,,,,,,
L104910,2026-03-01,,,,,,,,,,
L104919,2024-07-01,,,,,,,,,,
L104919,2024-08-01,,,,,,,,,,
L104919,2024-09-01,,,,,,,,,,
L104919,2024-10-01,,,,,,,,,,
L104919,2024-11-01,,,,,,,,,,
L104919,2024-12-01,,,,,,,,,,
L104919,2025-01-01,,,,,,,,,,
L104919,2025-02-01,,,,,,,,,,
L104919,2025-03-01,,,,,,,,,,
L104919,2025-04-01,,,,,,,,,,
L104919,2025-05-01,,,,,,,,,,
L104919,2025-06-01,,,,,,,,,,
L104919,2025-07-01,,,,,,,,,,
L104919,2025-08-01,,,,,,,,,,
L104919,2025-09-01,,,,,,,,,,
L104919,2025-10-01,,,,,,,,,,
L104919,2025-11-01,,,,,,,,,,
L104919,2025-12-01,,,,,,,,,,
L104919,2026-01-01,,,,,,,,,,
L104919,2026-02-01,,,,,,,,,,
L104927,2024-07-01,,,,,,,,,,
L104933,2024-07-01,,,,,,,,,,
L104933,2024-08-01,,,,,,,,,,
L104933,2024-09-01,,,,,,,,,,
L104933,2024-10-01,,,,,,,,,,
L104939,2024-07-01,,,,,,,,,,
L104939,2024-08-01,,,,,,,,,,
L104939,2024-09-01,,,,,,,,,,
L104939,2024-10-01,,,,,,,,,,
L104939,2024-11-01,,,,,,,,,,
L104939,2024-12-01,,,,,,,,,,
L104939,2025-01-01,,,,,,,,,,
L104939,2025-02-01,,,,,,,,,,
L104939,2025-03-01,,,,,,,,,,
L104939,2025-04-01,,,,,,,,,,
L104939,2025-05-01,,,,,,,,,,
L104939,2025-06-01,,,,,,,,,,
L104939,2025-07-01,,,,,,,,,,
L104939,2025-08-01,,,,,,,,,,
L104939,2025-09-01,,,,,,,,,,
L104939,2025-10-01,,,,,,,,,,
L104939,2025-11-01,,,,,,,,,,
L104939,2025-12-01,,,,,,,,,,
L104940,2024-07-01,,,,,,,,,,
L104940,2024-08-01,,,,,,,,,,
L104940,2024-09-01,,,,,,,,,,
L104940,2024-10-01,,,,,,,,,,
L104940,2024-11-01,,,,,,,,,,
L104940,2024-12-01,,,,,,,,,,
L104940,2025-01-01,,,,,,,,,,
L104940,2025-02-01,,,,,,,,,,
L104940,2025-03-01,,,,,,,,,,
L104940,2025-04-01,,,,,,,,,,
L104940,2025-05-01,,,,,,,,,,
L104940,2025-06-01,,,,,,,,,,
L104940,2025-07-01,,,,,,,,,,
L104940,2025-08-01,,,,,,,,,,
L104940,2025-09-01,,,,,,,,,,
L104940,2025-10-01,,,,,,,,,,
L104942,2024-07-01,,,,,,,,,,
L104942,2024-08-01,,,,,,,,,,
L104942,2024-09-01,,,,,,,,,,
L104942,2024-10-01,,,,,,,,,,
L104942,2024-11-01,,,,,,,,,,
L104942,2024-12-01,,,,,,,,,,
L104942,2025-01-01,,,,,,,,,,
L104942,2025-02-01,,,,,,,,,,
L104942,2025-03-01,,,,,,,,,,
L104942,2025-04-01,,,,,,,,,,
L104942,2025-05-01,,,,,,,,,,
L104951,2024-07-01,,,,,,,,,,
L104951,2024-08-01,,,,,,,,,,
L104951,2024-09-01,,,,,,,,,,
L104951,2024-10-01,,,,,,,,,,
L104951,2024-11-01,,,,,,,,,,
L104951,2024-12-01,,,,,,,,,,
L104951,2025-01-01,,,,,,,,,,
L104951,2025-02-01,,,,,,,,,,
L104951,2025-03-01,,,,,,,,,,
L104951,2025-04-01,,,,,,,,,,
L104958,2024-07-01,,,,,,,,,,
L104958,2024-08-01,,,,,,,,,,
L104958,2024-09-01,,,,,,,,,,
L104958,2024-10-01,,,,,,,,,,
L104958,2024-11-01,,,,,,,,,,
L104958,2024-12-01,,,,,,,,,,
L104958,2025-01-01,,,,,,,,,,
L104960,2024-07-01,,,,,,,,,,
L104960,2024-08-01,,,,,,,,,,
L104960,2024-09-01,,,,,,,,,,
L104960,2024-10-01,,,,,,,,,,
L104961,2024-07-01,,,,,,,,,,
L104961,2024-08-01,,,,,,,,,,
L104961,2024-09-01,,,,,,,,,,
L104961,2024-10-01,,,,,,,,,,
L104961,2024-11-01,,,,,,,,,,
L104961,2024-12-01,,,,,,,,,,
L104961,2025-01-01,,,,,,,,,,
L104961,2025-02-01,,,,,,,,,,
L104961,2025-03-01,,,,,,,,,,
L104961,2025-04-01,,,,,,,,,,
L104961,2025-05-01,,,,,,,,,,
L104961,2025-06-01,,,,,,,,,,
L104962,2024-07-01,,,,,,,,,,
L104962,2024-08-01,,,,,,,,,,
L104962,2024-09-01,,,,,,,,,,
L104962,2024-10-01,,,,,,,,,,
L104962,2024-11-01,,,,,,,,,,
L104962,2024-12-01,,,,,,,,,,
L104962,2025-01-01,,,,,,,,,,
L104962,2025-02-01,,,,,,,,,,
L104962,2025-03-01,,,,,,,,,,
L104962,2025-04-01,,,,,,,,,,
L104962,2025-05-01,,,,,,,,,,
L104962,2025-06-01,,,,,,,,,,
L104962,2025-07-01,,,,,,,,,,
L104964,2024-07-01,,,,,,,,,,
L104964,2024-08-01,,,,,,,,,,
L104964,2024-09-01,,,,,,,,,,
L104964,2024-10-01,,,,,,,,,,
L104964,2024-11-01,,,,,,,,,,
L104964,2024-12-01,,,,,,,,,,
L104965,2024-07-01,,,,,,,,,,
L104965,2024-08-01,,,,,,,,,,
L104965,2024-09-01,,,,,,,,,,
L104965,2024-10-01,,,,,,,,,,
L104965,2024-11-01,,,,,,,,,,
L104965,2024-12-01,,,,,,,,,,
L104965,2025-01-01,,,,,,,,,,
L104965,2025-02-01,,,,,,,,,,
L104965,2025-03-01,,,,,,,,,,
L104965,2025-04-01,,,,,,,,,,
L104965,2025-05-01,,,,,,,,,,
L104965,2025-06-01,,,,,,,,,,
L104965,2025-07-01,,,,,,,,,,
L104965,2025-08-01,,,,,,,,,,
L104965,2025-09-01,,,,,,,,,,
L104965,2025-10-01,,,,,,,,,,
L104965,2025-11-01,,,,,,,,,,
L104965,2025-12-01,,,,,,,,,,
L104965,2026-01-01,,,,,,,,,,
L104965,2026-02-01,,,,,,,,,,
L104965,2026-03-01,,,,,,,,,,
L104969,2024-07-01,,,,,,,,,,
L104969,2024-08-01,,,,,,,,,,
L104969,2024-09-01,,,,,,,,,,
L104969,2024-10-01,,,,,,,,,,
L104969,2024-11-01,,,,,,,,,,
L104969,2024-12-01,,,,,,,,,,
L104969,2025-01-01,,,,,,,,,,
L104969,2025-02-01,,,,,,,,,,
L104969,2025-03-01,,,,,,,,,,
L104969,2025-04-01,,,,,,,,,,
L104969,2025-05-01,,,,,,,,,,
L104969,2025-06-01,,,,,,,,,,
L104969,2025-07-01,,,,,,,,,,
L104969,2025-08-01,,,,,,,,,,
L104969,2025-09-01,,,,,,,,,,
L104969,2025-10-01,,,,,,,,,,
L104969,2025-11-01,,,,,,,,,,
L104969,2025-12-01,,,,,,,,,,
L104969,2026-01-01,,,,,,,,,,
L104969,2026-02-01,,,,,,,,,,
L104977,2024-07-01,,,,,,,,,,
L104977,2024-08-01,,,,,,,,,,
L104977,2024-09-01,,,,,,,,,,
L104977,2024-10-01,,,,,,,,,,
L104977,2024-11-01,,,,,,,,,,
L104977,2024-12-01,,,,,,,,,,
L104977,2025-01-01,,,,,,,,,,
L104977,2025-02-01,,,,,,,,,,
L104977,2025-03-01,,,,,,,,,,
L104977,2025-04-01,,,,,,,,,,
L104977,2025-05-01,,,,,,,,,,
L104977,2025-06-01,,,,,,,,,,
L104977,2025-07-01,,,,,,,,,,
L104977,2025-08-01,,,,,,,,,,
L104978,2024-07-01,,,,,,,,,,
L104981,2024-07-01,,,,,,,,,,
L104981,2024-08-01,,,,,,,,,,
L104981,2024-09-01,,,,,,,,,,
L104981,2024-10-01,,,,,,,,,,
L104981,2024-11-01,,,,,,,,,,
L104983,2024-07-01,,,,,,,,,,
L104983,2024-08-01,,,,,,,,,,
L104983,2024-09-01,,,,,,,,,,
L104983,2024-10-01,,,,,,,,,,
L104983,2024-11-01,,,,,,,,,,
L104983,2024-12-01,,,,,,,,,,
L104983,2025-01-01,,,,,,,,,,
L104983,2025-02-01,,,,,,,,,,
L104983,2025-03-01,,,,,,,,,,
L104983,2025-04-01,,,,,,,,,,
L104983,2025-05-01,,,,,,,,,,
L104987,2024-07-01,,,,,,,,,,
L104987,2024-08-01,,,,,,,,,,
L104987,2024-09-01,,,,,,,,,,
L104987,2024-10-01,,,,,,,,,,
L104987,2024-11-01,,,,,,,,,,
L104987,2024-12-01,,,,,,,,,,
L104987,2025-01-01,,,,,,,,,,
L104987,2025-02-01,,,,,,,,,,
L104987,2025-03-01,,,,,,,,,,
L104987,2025-04-01,,,,,,,,,,
L104987,2025-05-01,,,,,,,,,,
L104987,2025-06-01,,,,,,,,,,
L104992,2024-07-01,,,,,,,,,,
L104992,2024-08-01,,,,,,,,,,
L104992,2024-09-01,,,,,,,,,,
L104992,2024-10-01,,,,,,,,,,
L104992,2024-11-01,,,,,,,,,,
L104992,2024-12-01,,,,,,,,,,
L104992,2025-01-01,,,,,,,,,,
L104992,2025-02-01,,,,,,,,,,
L104992,2025-03-01,,,,,,,,,,
L104992,2025-04-01,,,,,,,,,,
L104992,2025-05-01,,,,,,,,,,
L104995,2024-07-01,,,,,,,,,,
L104995,2024-08-01,,,,,,,,,,
L104995,2024-09-01,,,,,,,,,,
L104995,2024-10-01,,,,,,,,,,
L104995,2024-11-01,,,,,,,,,,
L104995,2024-12-01,,,,,,,,,,
L104995,2025-01-01,,,,,,,,,,
L104995,2025-02-01,,,,,,,,,,
L104996,2024-07-01,,,,,,,,,,
L104996,2024-08-01,,,,,,,,,,
L104996,2024-09-01,,,,,,,,,,
L104996,2024-10-01,,,,,,,,,,
L104996,2024-11-01,,,,,,,,,,
L104999,2024-07-01,,,,,,,,,,
L104999,2024-08-01,,,,,,,,,,
L104999,2024-09-01,,,,,,,,,,
L104999,2024-10-01,,,,,,,,,,
L104999,2024-11-01,,,,,,,,,,
L104999,2024-12-01,,,,,,,,,,
L104999,2025-01-01,,,,,,,,,,
L104999,2025-02-01,,,,,,,,,,
L104999,2025-03-01,,,,,,,,,,
L104999,2025-04-01,,,,,,,,,,
L104999,2025-05-01,,,,,,,,,,
L104999,2025-06-01,,,,,,,,,,
L104999,2025-07-01,,,,,,,,,,
